p,A,B,j,trace,H,beta,ordinary,rational_two_torsion_roots,minimum_depth_through4,minimum_depth_saturated,matches_seed_trace
7,0,1,0,-4,3,0,True,3,0,0,True
7,0,2,0,-1,6,0,True,0,0,0,True
7,0,3,0,-5,2,0,True,0,0,0,True
7,0,4,0,5,5,0,True,0,0,0,True
7,0,5,0,1,1,0,True,0,0,0,True
7,0,6,0,4,4,0,True,3,0,0,True
7,1,0,6,0,0,3,False,1,,,False
7,1,1,1,3,3,3,True,0,,,False
7,1,3,5,2,2,3,True,1,,,False
7,1,4,5,-2,5,3,True,1,,,False
7,1,6,1,-3,4,3,True,0,,,False
7,3,0,6,0,0,6,False,3,,,False
7,3,1,2,-4,3,6,True,1,1,1,True
7,3,2,3,-1,6,6,True,0,,,True
7,3,3,4,2,2,6,True,1,,,False
7,3,4,4,-2,5,6,True,1,,,False
7,3,5,3,1,1,6,True,0,,,True
7,3,6,2,4,4,6,True,1,1,1,True
11,0,1,0,0,0,10,False,1,,,False
11,0,2,0,0,0,7,False,1,,,False
11,1,0,1,0,0,10,False,1,,,False
11,1,1,9,-2,9,9,True,1,,,False
11,1,2,2,-4,7,6,True,3,,,False
11,1,3,3,-6,5,1,True,1,,,False
11,1,4,10,3,3,5,True,0,,,False
11,1,5,6,1,1,7,True,0,,,False
11,1,6,6,-1,10,7,True,0,,,False
11,1,7,10,-3,8,5,True,0,,,False
11,1,8,3,6,6,1,True,1,,,False
11,1,9,2,4,4,6,True,3,,,False
11,1,10,9,2,2,9,True,1,,,False
11,2,0,1,0,0,3,False,3,,,False
11,2,1,8,-4,7,2,True,1,,,False
11,2,2,4,3,3,10,True,0,,,False
11,2,4,5,-5,6,9,True,0,,,False
11,2,5,7,2,2,0,True,1,,,False
11,2,6,7,-2,9,0,True,1,,,False
11,2,7,5,5,5,9,True,0,,,False
11,2,9,4,-3,8,10,True,0,,,False
11,2,10,8,4,4,2,True,1,,,False
13,0,1,0,2,2,0,True,3,0,0,True
13,0,2,0,-5,8,0,True,0,0,0,True
13,0,3,0,5,5,0,True,0,0,0,True
13,0,4,0,-7,6,0,True,0,0,0,True
13,0,5,0,-2,11,0,True,3,0,0,True
13,0,6,0,7,7,0,True,0,0,0,True
13,1,0,12,-6,7,0,True,3,0,0,True
13,1,1,7,-4,9,8,True,1,,,True
13,1,2,6,2,2,3,True,1,2,2,True
13,1,4,5,0,0,6,False,1,,,False
13,1,5,3,5,5,1,True,0,,,True
13,1,6,9,1,1,9,True,0,,,False
13,2,0,12,4,4,0,True,1,0,0,True
13,2,1,1,6,6,6,True,1,1,1,True
13,2,2,2,-1,12,12,True,0,,,False
13,2,3,10,-4,9,5,True,1,,,True
13,2,4,8,-3,10,11,True,0,,,False
13,2,5,4,2,2,4,True,1,2,2,True
13,2,6,11,-2,11,10,True,3,1,1,True
13,4,0,12,6,6,0,True,3,0,0,True
13,4,1,3,-5,8,11,True,0,,,True
13,4,3,6,-2,11,7,True,1,2,2,True
13,4,4,9,-1,12,5,True,0,,,False
13,4,5,7,4,4,3,True,1,,,True
13,4,6,5,0,0,1,False,1,,,False
13,7,0,12,-4,9,0,True,1,0,0,True
13,7,1,4,-2,11,2,True,1,2,2,True
13,7,2,10,4,4,4,True,1,,,True
13,7,3,2,1,1,6,True,0,,,False
13,7,4,11,2,2,8,True,3,1,1,True
13,7,5,1,-6,7,10,True,1,1,1,True
13,7,6,8,3,3,12,True,0,,,False
17,0,1,0,0,0,5,False,1,,,False
17,0,3,0,0,0,16,False,1,,,False
17,1,0,11,2,2,0,True,3,0,0,True
17,1,1,8,0,0,13,False,1,,,False
17,1,2,1,-6,11,5,True,1,,,False
17,1,3,3,1,1,6,True,0,,,False
17,1,4,4,4,4,12,True,1,,,False
17,1,5,7,3,3,2,True,0,,,False
17,1,6,16,-2,15,6,True,1,2,2,True
17,1,7,10,6,6,3,True,3,,,False
17,1,8,12,-7,10,6,True,0,,,False
17,2,0,11,-2,15,0,True,3,0,0,True
17,2,1,10,-6,11,1,True,3,,,False
17,2,2,3,-1,16,15,True,0,,,False
17,2,3,4,-4,13,4,True,1,,,False
17,2,4,16,2,2,15,True,1,2,2,True
17,2,5,8,0,0,10,False,1,,,False
17,2,6,12,7,7,2,True,0,,,False
17,2,7,1,6,6,4,True,1,,,False
17,2,8,7,-3,14,12,True,0,,,False
17,3,0,11,-8,9,0,True,1,0,0,True
17,3,1,2,3,3,0,True,0,,,False
17,3,2,14,2,2,13,True,1,2,2,True
17,3,3,6,6,6,1,True,1,,,False
17,3,4,9,-2,15,11,True,3,1,1,True
17,3,5,15,-5,12,5,True,0,,,False
17,3,6,13,-3,14,13,True,0,,,False
17,3,7,5,4,4,14,True,1,,,False
17,6,0,11,8,8,0,True,1,0,0,True
17,6,1,5,-4,13,16,True,1,,,False
17,6,2,6,-6,11,11,True,1,,,False
17,6,3,9,2,2,15,True,3,1,1,True
17,6,4,13,3,3,7,True,0,,,False
17,6,5,2,-3,14,0,True,0,,,False
17,6,7,14,-2,15,7,True,1,2,2,True
17,6,8,15,5,5,13,True,0,,,False
19,0,1,0,8,8,0,True,3,0,0,True
19,0,2,0,7,7,0,True,0,0,0,True
19,0,4,0,-1,18,0,True,0,0,0,True
19,0,5,0,-7,12,0,True,0,0,0,True
19,0,8,0,-8,11,0,True,3,0,0,True
19,0,10,0,1,1,0,True,0,0,0,True
19,1,0,18,0,0,12,False,1,,,False
19,1,1,6,-1,18,8,True,0,,,True
19,1,2,2,8,8,15,True,1,1,1,True
19,1,4,4,1,1,5,True,0,,,True
19,1,5,16,5,5,7,True,0,,,False
19,1,6,13,2,2,1,True,1,,,False
19,1,7,14,2,2,6,True,1,,,False
19,1,8,5,-4,15,3,True,3,,,False
19,1,9,12,-6,13,11,True,1,,,False
19,1,10,12,6,6,11,True,1,,,False
19,1,11,5,4,4,3,True,3,,,False
19,1,12,14,-2,17,6,True,1,,,False
19,1,13,13,-2,17,1,True,1,,,False
19,1,14,16,-5,14,7,True,0,,,False
19,1,15,4,-1,18,5,True,0,,,True
19,1,17,2,-8,11,15,True,1,1,1,True
19,1,18,6,1,1,8,True,0,,,True
19,2,0,18,0,0,4,False,3,,,False
19,2,1,3,-7,12,7,True,0,,,True
19,2,2,9,-4,15,16,True,1,,,False
19,2,3,7,0,0,12,False,1,,,False
19,2,4,15,-4,15,14,True,3,,,False
19,2,5,11,-6,13,3,True,1,,,False
19,2,6,17,4,4,17,True,1,,,False
19,2,7,1,-2,17,18,True,1,,,False
19,2,8,10,5,5,6,True,0,,,False
19,2,9,8,-3,16,0,True,0,,,False
19,2,10,8,3,3,0,True,0,,,False
19,2,11,10,-5,14,6,True,0,,,False
19,2,12,1,2,2,18,True,1,,,False
19,2,13,17,-4,15,17,True,1,,,False
19,2,14,11,6,6,3,True,1,,,False
19,2,15,15,4,4,14,True,3,,,False
19,2,16,7,0,0,12,False,1,,,False
19,2,17,9,4,4,16,True,1,,,False
19,2,18,3,7,7,7,True,0,,,True
23,0,1,0,0,0,8,False,1,,,False
23,0,5,0,0,0,9,False,1,,,False
23,1,0,3,0,0,2,False,1,,,False
23,1,1,13,-4,19,7,True,1,,,False
23,1,2,19,0,0,3,False,3,,,False
23,1,3,21,-3,20,2,True,0,,,False
23,1,4,11,-5,18,1,True,0,,,False
23,1,5,1,2,2,5,True,1,,,False
23,1,6,15,3,3,4,True,0,,,False
23,1,7,18,6,6,19,True,1,,,False
23,1,8,5,-4,19,10,True,3,,,False
23,1,9,2,4,4,14,True,1,,,False
23,1,10,8,-8,15,7,True,1,,,False
23,1,11,7,-9,14,19,True,0,,,False
23,1,12,7,9,9,19,True,0,,,False
23,1,13,8,8,8,7,True,1,,,False
23,1,14,2,-4,19,14,True,1,,,False
23,1,15,5,4,4,10,True,3,,,False
23,1,16,18,-6,17,19,True,1,,,False
23,1,17,15,-3,20,4,True,0,,,False
23,1,18,1,-2,21,5,True,1,,,False
23,1,19,11,5,5,1,True,0,,,False
23,1,20,21,3,3,2,True,0,,,False
23,1,21,19,0,0,3,False,3,,,False
23,1,22,13,4,4,7,True,1,,,False
23,5,0,3,0,0,16,False,3,,,False
23,5,1,9,-7,16,17,True,0,,,False
23,5,2,12,3,3,1,True,0,,,False
23,5,3,4,1,1,3,True,0,,,False
23,5,4,10,4,4,20,True,1,,,False
23,5,5,14,6,6,11,True,1,,,False
23,5,7,20,6,6,21,True,1,,,False
23,5,8,6,-8,15,21,True,3,,,False
23,5,9,16,-1,22,3,True,0,,,False
23,5,10,17,-2,21,12,True,1,,,False
23,5,11,22,6,6,9,True,1,,,False
23,5,12,22,-6,17,9,True,1,,,False
23,5,13,17,2,2,12,True,1,,,False
23,5,14,16,1,1,3,True,0,,,False
23,5,15,6,8,8,21,True,3,,,False
23,5,16,20,-6,17,21,True,1,,,False
23,5,18,14,-6,17,11,True,1,,,False
23,5,19,10,-4,19,20,True,1,,,False
23,5,20,4,-1,22,3,True,0,,,False
23,5,21,12,-3,20,1,True,0,,,False
23,5,22,9,7,7,17,True,0,,,False
29,0,1,0,0,0,1,False,1,,,False
29,0,2,0,0,0,3,False,1,,,False
29,1,0,17,10,10,0,True,3,0,0,True
29,1,1,5,-6,23,14,True,1,,,False
29,1,2,12,6,6,6,True,3,,,False
29,1,3,20,-6,23,16,True,1,,,False
29,1,4,10,-3,26,5,True,0,,,False
29,1,5,25,0,0,4,False,1,,,False
29,1,6,28,-8,21,2,True,1,,,False
29,1,7,11,-5,24,8,True,0,,,False
29,1,8,6,6,6,26,True,1,,,False
29,1,9,26,-3,26,1,True,0,,,False
29,1,10,18,2,2,26,True,3,,,False
29,1,11,8,1,1,27,True,0,,,False
29,1,12,21,7,7,28,True,0,,,False
29,1,13,9,8,8,10,True,1,,,False
29,1,14,7,-4,25,2,True,1,,,True
29,2,0,17,4,4,0,True,1,0,0,True
29,2,1,22,-3,26,23,True,0,,,False
29,2,2,13,9,9,8,True,0,,,False
29,2,3,14,-6,23,8,True,1,,,False
29,2,5,2,0,0,19,False,1,,,False
29,2,6,27,-2,27,18,True,1,,,False
29,2,7,19,10,10,16,True,1,1,1,True
29,2,8,4,1,1,1,True,0,,,False
29,2,9,15,2,2,18,True,1,,,False
29,2,10,23,-6,23,28,True,3,,,False
29,2,11,1,-5,24,28,True,0,,,False
29,2,12,16,2,2,26,True,3,,,False
29,2,13,24,-9,20,16,True,0,,,False
29,2,14,3,4,4,11,True,1,,,True
29,4,0,17,-10,19,0,True,3,0,0,True
29,4,1,8,-1,28,4,True,0,,,False
29,4,2,11,5,5,16,True,0,,,False
29,4,3,10,3,3,19,True,0,,,False
29,4,4,7,4,4,4,True,1,,,True
29,4,5,20,6,6,3,True,1,,,False
29,4,6,6,-6,23,6,True,1,,,False
29,4,7,18,-2,27,23,True,3,,,False
29,4,8,5,6,6,1,True,1,,,False
29,4,9,21,-7,22,2,True,0,,,False
29,4,10,28,8,8,4,True,1,,,False
29,4,11,25,0,0,21,False,1,,,False
29,4,12,9,-8,21,20,True,1,,,False
29,4,13,12,-6,23,12,True,3,,,False
29,4,14,26,3,3,27,True,0,,,False
29,8,0,17,-4,25,0,True,1,0,0,True
29,8,1,1,5,5,2,True,0,,,False
29,8,2,19,-10,19,3,True,1,1,1,True
29,8,4,3,-4,25,22,True,1,,,True
29,8,5,14,6,6,16,True,1,,,False
29,8,6,4,-1,28,27,True,0,,,False
29,8,7,23,6,6,27,True,3,,,False
29,8,8,22,3,3,12,True,0,,,False
29,8,9,16,-2,27,6,True,3,,,False
29,8,10,27,2,2,7,True,1,,,False
29,8,11,2,0,0,20,False,1,,,False
29,8,12,24,9,9,3,True,0,,,False
29,8,13,13,-9,20,16,True,0,,,False
29,8,14,15,-2,27,22,True,1,,,False
31,0,1,0,-4,27,0,True,3,0,0,True
31,0,3,0,-11,20,0,True,0,0,0,True
31,0,5,0,-7,24,0,True,0,0,0,True
31,0,7,0,11,11,0,True,0,0,0,True
31,0,11,0,7,7,0,True,0,0,0,True
31,0,15,0,4,4,0,True,3,0,0,True
31,1,0,23,0,0,18,False,1,,,False
31,1,2,13,8,8,23,True,1,,,False
31,1,3,1,-9,22,1,True,0,,,False
31,1,4,15,6,6,27,True,1,,,False
31,1,5,21,4,4,9,True,1,,,True
31,1,6,2,0,0,28,False,3,,,False
31,1,7,26,-4,27,28,True,1,,,True
31,1,8,8,-3,28,2,True,0,,,False
31,1,9,28,-4,27,23,True,3,,,True
31,1,10,22,-10,21,27,True,1,,,False
31,1,11,29,-4,27,30,True,1,1,1,True
31,1,12,20,5,5,4,True,0,,,False
31,1,13,3,-2,29,1,True,1,,,False
31,1,14,25,-7,24,29,True,0,,,True
31,1,15,10,-1,30,21,True,0,,,False
31,1,16,10,1,1,21,True,0,,,False
31,1,17,25,7,7,29,True,0,,,True
31,1,18,3,2,2,1,True,1,,,False
31,1,19,20,-5,26,4,True,0,,,False
31,1,20,29,4,4,30,True,1,1,1,True
31,1,21,22,10,10,27,True,1,,,False
31,1,22,28,4,4,23,True,3,,,True
31,1,23,8,3,3,2,True,0,,,False
31,1,24,26,4,4,28,True,1,,,True
31,1,25,2,0,0,28,False,3,,,False
31,1,26,21,-4,27,9,True,1,,,True
31,1,27,15,-6,25,27,True,1,,,False
31,1,28,1,9,9,1,True,0,,,False
31,1,29,13,-8,23,23,True,1,,,False
31,3,0,23,0,0,19,False,3,,,False
31,3,1,6,-7,24,19,True,0,,,True
31,3,2,27,-3,28,7,True,0,,,False
31,3,3,19,8,8,9,True,1,,,False
31,3,4,17,-8,23,27,True,3,,,False
31,3,5,16,-6,25,8,True,1,,,False
31,3,6,24,-1,30,30,True,0,,,False
31,3,7,7,10,10,23,True,1,,,False
31,3,8,5,2,2,17,True,1,,,False
31,3,9,4,0,0,18,False,1,,,False
31,3,10,14,2,2,8,True,1,,,False
31,3,11,30,-5,26,7,True,0,,,False
31,3,12,9,2,2,11,True,1,,,False
31,3,13,12,5,5,23,True,0,,,False
31,3,14,11,-8,23,22,True,3,,,False
31,3,15,18,4,4,25,True,1,,,True
31,3,16,18,-4,27,25,True,1,,,True
31,3,17,11,8,8,22,True,3,,,False
31,3,18,12,-5,26,23,True,0,,,False
31,3,19,9,-2,29,11,True,1,,,False
31,3,20,30,5,5,7,True,0,,,False
31,3,21,14,-2,29,8,True,1,,,False
31,3,22,4,0,0,18,False,1,,,False
31,3,23,5,-2,29,17,True,1,,,False
31,3,24,7,-10,21,23,True,1,,,False
31,3,25,24,1,1,30,True,0,,,False
31,3,26,16,6,6,8,True,1,,,False
31,3,27,17,8,8,27,True,3,,,False
31,3,28,19,-8,23,9,True,1,,,False
31,3,29,27,3,3,7,True,0,,,False
31,3,30,6,7,7,19,True,0,,,True
37,0,1,0,-10,27,0,True,3,0,0,True
37,0,2,0,-11,26,0,True,0,0,0,True
37,0,3,0,-1,36,0,True,0,0,0,True
37,0,5,0,1,1,0,True,0,0,0,True
37,0,6,0,10,10,0,True,3,0,0,True
37,0,9,0,11,11,0,True,0,0,0,True
37,1,0,26,2,2,0,True,3,0,0,True
37,1,1,32,-10,27,3,True,1,2,2,True
37,1,2,30,-2,35,8,True,3,,,True
37,1,3,16,-1,36,33,True,0,,,True
37,1,4,24,10,10,17,True,1,2,2,True
37,1,5,8,0,0,21,False,1,,,False
37,1,6,18,-2,35,22,True,1,,,True
37,1,7,31,-6,31,3,True,1,,,False
37,1,8,1,3,3,6,True,0,,,False
37,1,9,13,-4,33,0,True,1,,,False
37,1,10,10,-6,31,8,True,3,,,False
37,1,11,2,-8,29,12,True,1,,,False
37,1,12,36,9,9,6,True,0,,,False
37,1,13,25,5,5,12,True,0,,,False
37,1,14,6,-2,35,22,True,1,1,1,True
37,1,15,33,11,11,14,True,0,,,True
37,1,16,27,-3,34,5,True,0,,,False
37,1,18,20,4,4,10,True,1,,,False
37,2,0,26,-12,25,0,True,1,0,0,True
37,2,1,21,2,2,0,True,1,,,True
37,2,2,7,8,8,26,True,1,,,False
37,2,3,15,-2,35,20,True,3,,,True
37,2,4,12,-4,33,15,True,1,,,False
37,2,5,23,3,3,14,True,0,,,False
37,2,6,11,-6,31,17,True,1,,,False
37,2,7,4,4,4,11,True,1,,,False
37,2,8,22,7,7,34,True,0,,,False
37,2,9,19,-5,32,17,True,0,,,False
37,2,10,34,-2,35,33,True,1,,,True
37,2,11,3,8,8,28,True,1,,,False
37,2,12,28,-8,29,33,True,1,,,False
37,2,13,29,-6,31,6,True,3,,,False
37,2,14,14,-7,30,7,True,0,,,False
37,2,15,9,-2,35,3,True,1,,,True
37,2,16,17,10,10,6,True,3,1,1,True
37,2,17,35,-1,36,26,True,0,,,True
37,2,18,5,7,7,24,True,0,,,False
37,3,0,26,-2,35,0,True,3,0,0,True
37,3,1,6,2,2,3,True,1,1,1,True
37,3,2,13,4,4,0,True,1,,,False
37,3,3,8,0,0,18,False,1,,,False
37,3,4,20,-4,33,2,True,1,,,False
37,3,5,24,-10,27,33,True,1,2,2,True
37,3,6,10,6,6,28,True,3,,,False
37,3,7,25,-5,32,32,True,0,,,False
37,3,8,32,10,10,29,True,1,2,2,True
37,3,9,33,-11,26,12,True,0,,,True
37,3,10,1,-3,34,16,True,0,,,False
37,3,11,18,2,2,3,True,1,,,True
37,3,13,16,1,1,14,True,0,,,True
37,3,14,2,8,8,5,True,1,,,False
37,3,15,36,-9,28,16,True,0,,,False
37,3,16,30,2,2,28,True,3,,,True
37,3,17,27,3,3,36,True,0,,,False
37,3,18,31,6,6,8,True,1,,,False
37,5,0,26,12,12,0,True,1,0,0,True
37,5,1,22,-7,30,2,True,0,,,False
37,5,2,17,-10,27,33,True,3,1,1,True
37,5,3,29,6,6,4,True,3,,,False
37,5,4,23,-3,34,34,True,0,,,False
37,5,5,15,2,2,36,True,3,,,True
37,5,6,3,-8,29,6,True,1,,,False
37,5,7,5,-7,30,16,True,0,,,False
37,5,8,34,2,2,22,True,1,,,True
37,5,9,7,-8,29,5,True,1,,,False
37,5,10,11,6,6,1,True,1,,,False
37,5,11,14,7,7,20,True,0,,,False
37,5,12,9,2,2,2,True,1,,,True
37,5,13,4,-4,33,32,True,1,,,False
37,5,14,21,-2,35,0,True,1,,,True
37,5,15,19,5,5,1,True,0,,,False
37,5,16,35,1,1,32,True,0,,,True
37,5,17,28,8,8,22,True,1,,,False
37,5,18,12,4,4,10,True,1,,,False
41,0,1,0,0,0,30,False,1,,,False
41,0,3,0,0,0,10,False,1,,,False
41,1,0,6,10,10,0,True,3,0,0,True
41,1,1,14,7,7,38,True,0,,,False
41,1,2,9,2,2,26,True,1,,,False
41,1,3,24,3,3,17,True,0,,,False
41,1,4,23,10,10,16,True,1,2,2,True
41,1,5,26,-5,36,18,True,0,,,False
41,1,6,38,-3,38,22,True,0,,,False
41,1,7,18,4,4,13,True,1,,,False
41,1,8,27,-9,32,27,True,0,,,False
41,1,9,15,-9,32,4,True,0,,,False
41,1,10,29,-6,35,36,True,3,,,False
41,1,11,11,2,2,18,True,3,,,False
41,1,12,33,-6,35,6,True,1,,,False
41,1,13,22,6,6,3,True,3,,,False
41,1,14,21,-2,39,26,True,1,,,False
41,1,15,32,0,0,36,False,1,,,False
41,1,16,36,4,4,10,True,1,,,False
41,1,17,40,12,12,24,True,1,,,False
41,1,18,25,-6,35,11,True,1,,,False
41,1,19,20,2,2,6,True,1,,,False
41,1,20,7,-11,30,9,True,0,,,False
41,2,0,6,-10,31,0,True,3,0,0,True
41,2,1,38,3,3,5,True,0,,,False
41,2,2,33,6,6,20,True,1,,,False
41,2,3,25,6,6,23,True,1,,,False
41,2,4,40,-12,29,2,True,1,,,False
41,2,5,11,-2,39,22,True,3,,,False
41,2,6,26,5,5,22,True,0,,,False
41,2,7,14,-7,34,31,True,0,,,False
41,2,8,18,-4,37,16,True,1,,,False
41,2,9,22,-6,35,10,True,3,,,False
41,2,10,20,-2,39,20,True,1,,,False
41,2,11,36,-4,37,35,True,1,,,False
41,2,12,29,6,6,3,True,3,,,False
41,2,13,23,-10,31,15,True,1,2,2,True
41,2,14,9,-2,39,32,True,1,,,False
41,2,15,27,9,9,8,True,0,,,False
41,2,16,21,2,2,32,True,1,,,False
41,2,17,7,11,11,30,True,0,,,False
41,2,18,32,0,0,3,False,1,,,False
41,2,19,15,9,9,14,True,0,,,False
41,2,20,24,-3,38,39,True,0,,,False
41,3,0,6,8,8,0,True,1,0,0,True
41,3,1,13,-6,35,13,True,1,,,False
41,3,2,3,0,0,31,False,1,,,False
41,3,3,5,-6,35,12,True,3,,,False
41,3,4,34,-8,33,17,True,1,,,True
41,3,5,39,-2,39,16,True,3,,,False
41,3,6,17,2,2,39,True,1,,,False
41,3,7,2,-5,36,8,True,0,,,False
41,3,8,10,1,1,21,True,0,,,False
41,3,9,8,3,3,14,True,0,,,False
41,3,10,16,9,9,23,True,0,,,False
41,3,11,12,12,12,13,True,1,,,False
41,3,12,19,8,8,4,True,1,,,True
41,3,13,30,-10,31,35,True,1,2,2,True
41,3,14,28,0,0,40,False,1,,,False
41,3,15,1,-7,34,38,True,0,,,False
41,3,16,31,5,5,14,True,0,,,False
41,3,17,4,10,10,16,True,3,1,1,True
41,3,19,35,-6,35,11,True,1,,,False
41,3,20,37,-3,38,11,True,0,,,False
41,6,0,6,-8,33,0,True,1,0,0,True
41,6,1,17,-2,39,7,True,1,,,False
41,6,2,19,-8,33,27,True,1,,,True
41,6,4,4,-10,31,15,True,3,1,1,True
41,6,5,12,-12,29,25,True,1,,,False
41,6,6,39,2,2,15,True,3,,,False
41,6,7,13,6,6,16,True,1,,,False
41,6,8,2,5,5,13,True,0,,,False
41,6,9,30,10,10,21,True,1,2,2,True
41,6,10,35,6,6,23,True,1,,,False
41,6,11,31,-5,36,8,True,0,,,False
41,6,12,16,-9,32,19,True,0,,,False
41,6,13,34,8,8,39,True,1,,,True
41,6,14,3,0,0,35,False,1,,,False
41,6,15,10,-1,40,29,True,0,,,False
41,6,16,28,0,0,24,False,1,,,False
41,6,17,37,3,3,23,True,0,,,False
41,6,18,1,7,7,10,True,0,,,False
41,6,19,8,-3,38,8,True,0,,,False
41,6,20,5,6,6,1,True,3,,,False
43,0,1,0,8,8,0,True,3,0,0,True
43,0,2,0,-8,35,0,True,3,0,0,True
43,0,3,0,-5,38,0,True,0,0,0,True
43,0,6,0,5,5,0,True,0,0,0,True
43,0,7,0,13,13,0,True,0,0,0,True
43,0,9,0,-13,30,0,True,0,0,0,True
43,1,0,8,0,0,30,False,1,,,False
43,1,1,26,10,10,20,True,1,,,False
43,1,2,31,-4,39,35,True,3,,,False
43,1,3,1,-3,40,32,True,0,,,False
43,1,4,34,-8,35,34,True,1,,,True
43,1,5,6,7,7,14,True,0,,,False
43,1,6,24,8,8,25,True,3,,,True
43,1,7,9,-4,39,17,True,3,,,False
43,1,8,17,-11,32,29,True,0,,,False
43,1,9,27,6,6,25,True,1,,,False
43,1,10,28,-4,39,19,True,1,,,False
43,1,11,25,-1,42,16,True,0,,,False
43,1,12,21,9,9,27,True,0,,,False
43,1,13,37,-2,41,29,True,1,,,False
43,1,14,23,1,1,42,True,0,,,False
43,1,15,2,-10,33,22,True,1,,,False
43,1,16,20,-4,39,0,True,1,,,False
43,1,17,30,-8,35,37,True,1,,,True
43,1,18,7,-4,39,38,True,1,,,False
43,1,19,14,-7,36,27,True,0,,,False
43,1,20,42,6,6,23,True,1,,,False
43,1,23,42,-6,37,23,True,1,,,False
43,1,24,14,7,7,27,True,0,,,False
43,1,25,7,4,4,38,True,1,,,False
43,1,26,30,8,8,37,True,1,,,True
43,1,27,20,4,4,0,True,1,,,False
43,1,28,2,10,10,22,True,1,,,False
43,1,29,23,-1,42,42,True,0,,,False
43,1,30,37,2,2,29,True,1,,,False
43,1,31,21,-9,34,27,True,0,,,False
43,1,32,25,1,1,16,True,0,,,False
43,1,33,28,4,4,19,True,1,,,False
43,1,34,27,-6,37,25,True,1,,,False
43,1,35,17,11,11,29,True,0,,,False
43,1,36,9,4,4,17,True,3,,,False
43,1,37,24,-8,35,25,True,3,,,True
43,1,38,6,-7,36,14,True,0,,,False
43,1,39,34,8,8,34,True,1,,,True
43,1,40,1,3,3,32,True,0,,,False
43,1,41,31,4,4,35,True,3,,,False
43,1,42,26,-10,33,20,True,1,,,False
43,2,0,8,0,0,36,False,3,,,False
43,2,1,16,-12,31,30,True,1,,,False
43,2,2,35,8,8,18,True,1,1,1,True
43,2,3,10,-2,41,37,True,1,,,False
43,2,4,5,-5,38,40,True,0,,,True
43,2,5,18,-1,42,34,True,0,,,False
43,2,6,40,10,10,41,True,1,,,False
43,2,7,39,9,9,11,True,0,,,False
43,2,8,15,-2,41,31,True,1,,,False
43,2,9,33,-1,42,13,True,0,,,False
43,2,10,13,-2,41,22,True,1,,,False
43,2,11,36,-8,35,40,True,1,,,True
43,2,12,12,-4,39,26,True,3,,,False
43,2,13,29,-4,39,14,True,3,,,False
43,2,14,11,6,6,34,True,1,,,False
43,2,15,41,0,0,28,False,1,,,False
43,2,16,4,6,6,19,True,1,,,False
43,2,17,38,4,4,17,True,1,,,False
43,2,18,32,1,1,6,True,0,,,False
43,2,19,19,11,11,12,True,0,,,False
43,2,20,22,12,12,37,True,3,,,False
43,2,21,3,-5,38,31,True,0,,,True
43,2,22,3,5,5,31,True,0,,,True
43,2,23,22,-12,31,37,True,3,,,False
43,2,24,19,-11,32,12,True,0,,,False
43,2,25,32,-1,42,6,True,0,,,False
43,2,26,38,-4,39,17,True,1,,,False
43,2,27,4,-6,37,19,True,1,,,False
43,2,28,41,0,0,28,False,1,,,False
43,2,29,11,-6,37,34,True,1,,,False
43,2,30,29,4,4,14,True,3,,,False
43,2,31,12,4,4,26,True,3,,,False
43,2,32,36,8,8,40,True,1,,,True
43,2,33,13,2,2,22,True,1,,,False
43,2,34,33,1,1,13,True,0,,,False
43,2,35,15,2,2,31,True,1,,,False
43,2,36,39,-9,34,11,True,0,,,False
43,2,37,40,-10,33,41,True,1,,,False
43,2,38,18,1,1,34,True,0,,,False
43,2,39,5,5,5,40,True,0,,,True
43,2,40,10,2,2,37,True,1,,,False
43,2,41,35,-8,35,18,True,1,1,1,True
43,2,42,16,12,12,30,True,1,,,False
47,0,1,0,0,0,10,False,1,,,False
47,0,5,0,0,0,33,False,1,,,False
47,1,0,36,0,0,29,False,1,,,False
47,1,1,38,-12,35,38,True,3,,,False
47,1,2,8,-8,39,14,True,1,,,False
47,1,3,12,-6,41,27,True,1,,,False
47,1,4,40,-11,36,14,True,0,,,False
47,1,5,27,6,6,39,True,1,,,False
47,1,6,4,-4,43,24,True,1,,,False
47,1,7,43,-3,44,10,True,0,,,False
47,1,8,13,-1,46,20,True,0,,,False
47,1,9,39,13,13,40,True,0,,,False
47,1,10,2,2,2,10,True,1,,,False
47,1,11,32,-10,37,33,True,1,,,False
47,1,12,31,7,7,10,True,0,,,False
47,1,13,18,-2,45,11,True,1,,,False
47,1,14,28,12,12,0,True,1,,,False
47,1,15,9,0,0,10,False,1,,,False
47,1,16,34,8,8,18,True,1,,,False
47,1,17,10,0,0,26,False,3,,,False
47,1,18,5,3,3,42,True,0,,,False
47,1,19,45,-3,44,18,True,0,,,False
47,1,20,23,7,7,24,True,0,,,False
47,1,21,26,8,8,31,True,3,,,False
47,1,22,24,6,6,26,True,1,,,False
47,1,23,44,0,0,41,False,3,,,False
47,1,24,44,0,0,41,False,3,,,False
47,1,25,24,-6,41,26,True,1,,,False
47,1,26,26,-8,39,31,True,3,,,False
47,1,27,23,-7,40,24,True,0,,,False
47,1,28,45,3,3,18,True,0,,,False
47,1,29,5,-3,44,42,True,0,,,False
47,1,30,10,0,0,26,False,3,,,False
47,1,31,34,-8,39,18,True,1,,,False
47,1,32,9,0,0,10,False,1,,,False
47,1,33,28,-12,35,0,True,1,,,False
47,1,34,18,2,2,11,True,1,,,False
47,1,35,31,-7,40,10,True,0,,,False
47,1,36,32,10,10,33,True,1,,,False
47,1,37,2,-2,45,10,True,1,,,False
47,1,38,39,-13,34,40,True,0,,,False
47,1,39,13,1,1,20,True,0,,,False
47,1,40,43,3,3,10,True,0,,,False
47,1,41,4,4,4,24,True,1,,,False
47,1,42,27,-6,41,39,True,1,,,False
47,1,43,40,11,11,14,True,0,,,False
47,1,44,12,6,6,27,True,1,,,False
47,1,45,8,8,8,14,True,1,,,False
47,1,46,38,12,12,38,True,3,,,False
47,5,0,36,0,0,5,False,3,,,False
47,5,1,14,-9,38,25,True,0,,,False
47,5,2,16,-8,39,1,True,3,,,False
47,5,3,21,-1,46,4,True,0,,,False
47,5,4,6,9,9,24,True,0,,,False
47,5,6,25,-8,39,0,True,3,,,False
47,5,7,33,4,4,4,True,1,,,False
47,5,8,42,-5,42,36,True,0,,,False
47,5,9,41,-6,41,4,True,1,,,False
47,5,10,35,4,4,41,True,1,,,False
47,5,11,20,-2,45,17,True,1,,,False
47,5,12,11,-12,35,40,True,1,,,False
47,5,13,29,8,8,13,True,1,,,False
47,5,14,17,-7,40,14,True,0,,,False
47,5,15,19,6,6,10,True,1,,,False
47,5,16,37,-4,43,35,True,3,,,False
47,5,17,3,9,9,22,True,0,,,False
47,5,18,30,-12,35,17,True,1,,,False
47,5,19,46,-10,37,33,True,1,,,False
47,5,20,7,3,3,11,True,0,,,False
47,5,21,1,3,3,13,True,0,,,False
47,5,22,22,-2,45,7,True,1,,,False
47,5,23,15,-6,41,1,True,1,,,False
47,5,24,15,6,6,1,True,1,,,False
47,5,25,22,2,2,7,True,1,,,False
47,5,26,1,-3,44,13,True,0,,,False
47,5,27,7,-3,44,11,True,0,,,False
47,5,28,46,10,10,33,True,1,,,False
47,5,29,30,12,12,17,True,1,,,False
47,5,30,3,-9,38,22,True,0,,,False
47,5,31,37,4,4,35,True,3,,,False
47,5,32,19,-6,41,10,True,1,,,False
47,5,33,17,7,7,14,True,0,,,False
47,5,34,29,-8,39,13,True,1,,,False
47,5,35,11,12,12,40,True,1,,,False
47,5,36,20,2,2,17,True,1,,,False
47,5,37,35,-4,43,41,True,1,,,False
47,5,38,41,6,6,4,True,1,,,False
47,5,39,42,5,5,36,True,0,,,False
47,5,40,33,-4,43,4,True,1,,,False
47,5,41,25,8,8,0,True,3,,,False
47,5,43,6,-9,38,24,True,0,,,False
47,5,44,21,1,1,4,True,0,,,False
47,5,45,16,8,8,1,True,3,,,False
47,5,46,14,9,9,25,True,0,,,False
53,0,1,0,0,0,41,False,1,,,False
53,0,2,0,0,0,4,False,1,,,False
53,1,0,32,-14,39,0,True,3,0,0,True
53,1,1,52,-4,49,7,True,1,,,True
53,1,2,39,6,6,29,True,3,,,False
53,1,3,40,6,6,42,True,1,,,False
53,1,4,46,0,0,2,False,1,,,False
53,1,5,19,3,3,6,True,0,,,False
53,1,6,1,-10,43,42,True,1,,,False
53,1,7,11,-6,47,19,True,1,,,False
53,1,8,33,-7,46,24,True,0,,,False
53,1,9,13,-6,47,35,True,1,,,False
53,1,10,22,6,6,12,True,3,,,False
53,1,11,48,-9,44,39,True,0,,,False
53,1,12,24,14,14,27,True,1,1,1,True
53,1,13,26,-9,44,47,True,0,,,False
53,1,14,21,-3,50,25,True,0,,,False
53,1,15,45,2,2,43,True,3,,,False
53,1,16,9,-4,49,46,True,1,,,True
53,1,17,8,6,6,1,True,3,,,False
53,1,18,41,11,11,10,True,0,,,False
53,1,19,31,-1,52,4,True,0,,,False
53,1,20,37,12,12,15,True,1,,,False
53,1,21,6,-2,51,27,True,1,,,False
53,1,22,10,4,4,41,True,1,,,True
53,1,23,29,-2,51,52,True,1,,,False
53,1,24,44,12,12,50,True,1,,,False
53,1,25,3,-1,52,14,True,0,,,False
53,1,26,23,-11,42,16,True,0,,,False
53,2,0,32,4,4,0,True,1,0,0,True
53,2,1,47,-5,48,24,True,0,,,False
53,2,2,27,8,8,26,True,1,,,False
53,2,3,7,-10,43,9,True,3,,,False
53,2,4,15,-9,44,52,True,0,,,False
53,2,5,51,12,12,15,True,1,,,False
53,2,6,12,6,6,9,True,1,,,False
53,2,7,20,2,2,11,True,1,,,False
53,2,8,16,3,3,23,True,0,,,False
53,2,9,43,-3,50,25,True,0,,,False
53,2,10,28,-5,48,29,True,0,,,False
53,2,11,38,9,9,34,True,0,,,False
53,2,12,18,-12,41,49,True,1,,,False
53,2,13,42,-6,47,2,True,3,,,False
53,2,14,25,-2,51,37,True,3,,,False
53,2,15,50,0,0,26,False,1,,,False
53,2,16,17,10,10,32,True,3,,,False
53,2,17,4,9,9,34,True,0,,,False
53,2,18,2,8,8,27,True,1,,,False
53,2,19,34,4,4,39,True,1,,,True
53,2,20,30,2,2,23,True,1,,,False
53,2,21,5,6,6,24,True,1,,,False
53,2,22,49,-13,40,5,True,0,,,False
53,2,23,14,-6,47,5,True,1,,,False
53,2,24,35,-10,43,20,True,1,,,False
53,2,26,36,-1,52,35,True,0,,,False
53,4,0,32,14,14,0,True,3,0,0,True
53,4,1,37,-12,41,23,True,1,,,False
53,4,2,26,9,9,41,True,0,,,False
53,4,3,11,6,6,15,True,1,,,False
53,4,4,23,11,11,32,True,0,,,False
53,4,5,1,10,10,31,True,1,,,False
53,4,6,21,3,3,3,True,0,,,False
53,4,7,31,1,1,8,True,0,,,False
53,4,8,52,4,4,39,True,1,,,True
53,4,9,6,2,2,52,True,1,,,False
53,4,10,24,-14,39,1,True,1,1,1,True
53,4,11,33,7,7,5,True,0,,,False
53,4,12,3,1,1,28,True,0,,,False
53,4,13,19,-3,50,12,True,0,,,False
53,4,14,45,-2,51,20,True,3,,,False
53,4,15,41,-11,42,20,True,0,,,False
53,4,16,39,-6,47,48,True,3,,,False
53,4,17,10,-4,49,24,True,1,,,True
53,4,18,48,9,9,25,True,0,,,False
53,4,19,13,6,6,36,True,1,,,False
53,4,20,44,-12,41,47,True,1,,,False
53,4,21,46,0,0,4,False,1,,,False
53,4,22,9,4,4,14,True,1,,,True
53,4,23,8,-6,47,2,True,3,,,False
53,4,24,40,-6,47,22,True,1,,,False
53,4,25,29,2,2,2,True,1,,,False
53,4,26,22,-6,47,24,True,3,,,False
53,5,0,32,-4,49,0,True,1,0,0,True
53,5,1,2,-8,45,10,True,1,,,False
53,5,2,4,-9,44,9,True,0,,,False
53,5,3,47,5,5,3,True,0,,,False
53,5,4,34,-4,49,38,True,1,,,True
53,5,5,17,-10,43,49,True,3,,,False
53,5,6,27,-8,45,43,True,1,,,False
53,5,7,30,-2,51,36,True,1,,,False
53,5,8,50,0,0,10,False,1,,,False
53,5,9,7,10,10,21,True,3,,,False
53,5,10,5,-6,47,3,True,1,,,False
53,5,11,25,2,2,2,True,3,,,False
53,5,12,15,9,9,33,True,0,,,False
53,5,13,49,13,13,47,True,0,,,False
53,5,14,42,6,6,13,True,3,,,False
53,5,15,51,-12,41,35,True,1,,,False
53,5,16,14,6,6,47,True,1,,,False
53,5,17,18,12,12,27,True,1,,,False
53,5,18,12,-6,47,21,True,1,,,False
53,5,19,35,10,10,29,True,1,,,False
53,5,20,38,-9,44,9,True,0,,,False
53,5,21,20,-2,51,8,True,1,,,False
53,5,23,28,5,5,3,True,0,,,False
53,5,24,16,-3,50,36,True,0,,,False
53,5,25,36,1,1,11,True,0,,,False
53,5,26,43,3,3,30,True,0,,,False
59,0,1,0,0,0,41,False,1,,,False
59,0,2,0,0,0,35,False,1,,,False
59,1,0,17,0,0,15,False,1,,,False
59,1,1,6,-3,56,41,True,0,,,False
59,1,2,28,0,0,27,False,1,,,False
59,1,3,33,5,5,48,True,0,,,False
59,1,4,44,12,12,32,True,3,,,False
59,1,5,18,-3,56,4,True,0,,,False
59,1,6,39,9,9,23,True,0,,,False
59,1,7,41,-6,53,56,True,1,,,False
59,1,8,51,4,4,1,True,1,,,False
59,1,9,38,-4,55,47,True,3,,,False
59,1,10,5,10,10,37,True,1,,,False
59,1,11,48,0,0,57,False,1,,,False
59,1,12,25,-4,55,40,True,1,,,False
59,1,13,52,-7,52,2,True,0,,,False
59,1,14,12,10,10,13,True,1,,,False
59,1,15,34,8,8,31,True,3,,,False
59,1,16,37,-13,46,12,True,0,,,False
59,1,17,16,2,2,46,True,1,,,False
59,1,18,27,-6,53,43,True,1,,,False
59,1,19,19,-12,47,30,True,1,,,False
59,1,20,35,6,6,20,True,1,,,False
59,1,21,24,-9,50,21,True,0,,,False
59,1,22,11,11,11,18,True,0,,,False
59,1,23,1,10,10,16,True,1,,,False
59,1,24,32,-5,54,30,True,0,,,False
59,1,25,49,12,12,44,True,1,,,False
59,1,26,57,-2,57,50,True,1,,,False
59,1,27,43,4,4,53,True,3,,,False
59,1,28,58,9,9,7,True,0,,,False
59,1,29,42,12,12,58,True,3,,,False
59,1,30,42,-12,47,58,True,3,,,False
59,1,31,58,-9,50,7,True,0,,,False
59,1,32,43,-4,55,53,True,3,,,False
59,1,33,57,2,2,50,True,1,,,False
59,1,34,49,-12,47,44,True,1,,,False
59,1,35,32,5,5,30,True,0,,,False
59,1,36,1,-10,49,16,True,1,,,False
59,1,37,11,-11,48,18,True,0,,,False
59,1,38,24,9,9,21,True,0,,,False
59,1,39,35,-6,53,20,True,1,,,False
59,1,40,19,12,12,30,True,1,,,False
59,1,41,27,6,6,43,True,1,,,False
59,1,42,16,-2,57,46,True,1,,,False
59,1,43,37,13,13,12,True,0,,,False
59,1,44,34,-8,51,31,True,3,,,False
59,1,45,12,-10,49,13,True,1,,,False
59,1,46,52,7,7,2,True,0,,,False
59,1,47,25,4,4,40,True,1,,,False
59,1,48,48,0,0,57,False,1,,,False
59,1,49,5,-10,49,37,True,1,,,False
59,1,50,38,4,4,47,True,3,,,False
59,1,51,51,-4,55,1,True,1,,,False
59,1,52,41,6,6,56,True,1,,,False
59,1,53,39,-9,50,23,True,0,,,False
59,1,54,18,3,3,4,True,0,,,False
59,1,55,44,-12,47,32,True,3,,,False
59,1,56,33,-5,54,48,True,0,,,False
59,1,57,28,0,0,27,False,1,,,False
59,1,58,6,3,3,41,True,0,,,False
59,2,0,17,0,0,50,False,3,,,False
59,2,2,14,-4,55,25,True,1,,,False
59,2,3,20,-12,47,28,True,3,,,False
59,2,4,50,-6,53,24,True,1,,,False
59,2,5,46,5,5,24,True,0,,,False
59,2,6,13,-6,53,14,True,1,,,False
59,2,7,23,-8,51,26,True,1,,,False
59,2,8,40,-12,47,47,True,1,,,False
59,2,9,2,-14,45,44,True,1,,,False
59,2,10,4,3,3,52,True,0,,,False
59,2,11,21,7,7,5,True,0,,,False
59,2,12,30,6,6,54,True,1,,,False
59,2,13,15,0,0,55,False,3,,,False
59,2,14,22,9,9,12,True,0,,,False
59,2,15,26,3,3,48,True,0,,,False
59,2,16,55,-4,55,12,True,1,,,False
59,2,17,53,-4,55,7,True,3,,,False
59,2,18,31,-8,51,18,True,1,,,False
59,2,19,7,-4,55,19,True,3,,,False
59,2,20,56,-8,51,26,True,1,,,False
59,2,21,54,6,6,1,True,1,,,False
59,2,22,36,-15,44,27,True,0,,,False
59,2,23,45,1,1,24,True,0,,,False
59,2,24,9,-3,56,32,True,0,,,False
59,2,25,29,-1,58,51,True,0,,,False
59,2,26,47,0,0,3,False,1,,,False
59,2,27,8,10,10,49,True,1,,,False
59,2,28,10,-14,45,50,True,1,,,False
59,2,29,3,-11,48,38,True,0,,,False
59,2,30,3,11,11,38,True,0,,,False
59,2,31,10,14,14,50,True,1,,,False
59,2,32,8,-10,49,49,True,1,,,False
59,2,33,47,0,0,3,False,1,,,False
59,2,34,29,1,1,51,True,0,,,False
59,2,35,9,3,3,32,True,0,,,False
59,2,36,45,-1,58,24,True,0,,,False
59,2,37,36,15,15,27,True,0,,,False
59,2,38,54,-6,53,1,True,1,,,False
59,2,39,56,8,8,26,True,1,,,False
59,2,40,7,4,4,19,True,3,,,False
59,2,41,31,8,8,18,True,1,,,False
59,2,42,53,4,4,7,True,3,,,False
59,2,43,55,4,4,12,True,1,,,False
59,2,44,26,-3,56,48,True,0,,,False
59,2,45,22,-9,50,12,True,0,,,False
59,2,46,15,0,0,55,False,3,,,False
59,2,47,30,-6,53,54,True,1,,,False
59,2,48,21,-7,52,5,True,0,,,False
59,2,49,4,-3,56,52,True,0,,,False
59,2,50,2,14,14,44,True,1,,,False
59,2,51,40,12,12,47,True,1,,,False
59,2,52,23,8,8,26,True,1,,,False
59,2,53,13,6,6,14,True,1,,,False
59,2,54,46,-5,54,24,True,0,,,False
59,2,55,50,6,6,24,True,1,,,False
59,2,56,20,12,12,28,True,3,,,False
59,2,57,14,4,4,25,True,1,,,False
61,0,1,0,14,14,0,True,3,0,0,True
61,0,2,0,1,1,0,True,0,0,0,True
61,0,4,0,-13,48,0,True,0,0,0,True
61,0,5,0,-1,60,0,True,0,0,0,True
61,0,8,0,-14,47,0,True,3,0,0,True
61,0,10,0,13,13,0,True,0,0,0,True
61,1,0,20,10,10,0,True,3,0,0,True
61,1,1,38,12,12,31,True,1,,,True
61,1,2,53,-6,55,1,True,1,,,False
61,1,3,47,7,7,26,True,0,,,False
61,1,4,36,5,5,59,True,0,,,False
61,1,5,10,-8,53,7,True,1,,,False
61,1,7,15,-14,47,28,True,3,1,1,True
61,1,8,44,14,14,47,True,1,2,2,True
61,1,9,45,-11,50,5,True,0,,,False
61,1,10,4,-2,59,31,True,3,,,False
61,1,11,31,2,2,44,True,1,,,False
61,1,12,34,-9,52,32,True,0,,,False
61,1,13,51,-4,57,43,True,1,,,False
61,1,14,26,-10,51,2,True,1,,,True
61,1,15,2,-10,51,9,True,1,,,True
61,1,16,30,4,4,23,True,1,,,False
61,1,17,42,7,7,18,True,0,,,False
61,1,18,28,8,8,1,True,1,,,False
61,1,19,25,-5,56,53,True,0,,,False
61,1,20,55,-8,53,10,True,1,,,False
61,1,21,5,5,5,19,True,0,,,False
61,1,22,18,2,2,30,True,1,,,False
61,1,23,39,5,5,31,True,0,,,False
61,1,24,19,13,13,18,True,0,,,True
61,1,25,43,4,4,52,True,1,,,False
61,1,26,37,-6,55,7,True,1,,,False
61,1,27,56,-2,59,27,True,3,,,False
61,1,28,16,7,7,3,True,0,,,False
61,1,29,1,-6,55,45,True,3,,,False
61,1,30,50,0,0,51,False,1,,,False
61,2,0,20,-12,49,0,True,1,0,0,True
61,2,1,46,-4,57,16,True,1,,,False
61,2,2,22,-10,51,34,True,1,,,True
61,2,3,60,-6,55,0,True,1,,,False
61,2,4,14,10,10,30,True,1,,,True
61,2,5,11,3,3,27,True,0,,,False
61,2,6,49,14,14,27,True,1,2,2,True
61,2,7,7,1,1,8,True,0,,,True
61,2,8,17,-13,48,36,True,0,,,True
61,2,9,57,2,2,27,True,1,,,False
61,2,10,54,7,7,28,True,0,,,False
61,2,11,6,2,2,53,True,3,,,False
61,2,12,40,-10,51,45,True,3,,,True
61,2,13,32,2,2,43,True,3,,,False
61,2,14,52,-8,53,5,True,1,,,False
61,2,15,13,-2,59,48,True,1,,,False
61,2,16,58,-6,55,51,True,1,,,False
61,2,17,35,10,10,8,True,3,,,True
61,2,18,23,1,1,4,True,0,,,True
61,2,19,8,15,15,2,True,0,,,False
61,2,20,27,12,12,15,True,1,,,True
61,2,21,9,0,0,23,False,1,,,False
61,2,22,59,-1,60,24,True,0,,,True
61,2,23,29,11,11,37,True,0,,,False
61,2,24,41,0,0,22,False,1,,,False
61,2,25,3,-10,51,59,True,1,1,1,True
61,2,26,21,-1,60,27,True,0,,,True
61,2,27,33,6,6,20,True,3,,,False
61,2,28,12,-8,53,22,True,1,,,False
61,2,29,24,-3,58,2,True,0,,,False
61,2,30,48,-8,53,6,True,1,,,False
61,3,0,20,-10,51,0,True,3,0,0,True
61,3,1,16,-7,54,37,True,0,,,False
61,3,2,10,8,8,56,True,1,,,False
61,3,3,39,-5,56,57,True,0,,,False
61,3,4,4,2,2,4,True,3,,,False
61,3,5,28,-8,53,53,True,1,,,False
61,3,6,2,10,10,11,True,1,,,True
61,3,7,51,4,4,22,True,1,,,False
61,3,8,55,8,8,19,True,1,,,False
61,3,9,44,-14,47,51,True,1,2,2,True
61,3,10,43,-4,57,50,True,1,,,False
61,3,11,47,-7,54,36,True,0,,,False
61,3,12,50,0,0,42,False,1,,,False
61,3,13,53,6,6,8,True,1,,,False
61,3,14,37,6,6,5,True,1,,,False
61,3,15,15,14,14,41,True,3,1,1,True
61,3,16,5,-5,56,31,True,0,,,False
61,3,17,34,9,9,12,True,0,,,False
61,3,18,30,-4,57,60,True,1,,,False
61,3,19,42,-7,54,22,True,0,,,False
61,3,20,31,-2,59,14,True,1,,,False
61,3,21,18,-2,59,57,True,1,,,False
61,3,23,56,2,2,33,True,3,,,False
61,3,24,38,-12,49,57,True,1,,,True
61,3,25,1,6,6,6,True,3,,,False
61,3,26,36,-5,56,45,True,0,,,False
61,3,27,19,-13,48,39,True,0,,,True
61,3,28,45,11,11,40,True,0,,,False
61,3,29,25,5,5,3,True,0,,,False
61,3,30,26,10,10,16,True,1,,,True
61,6,0,20,12,12,0,True,1,0,0,True
61,6,1,12,8,8,7,True,1,,,False
61,6,2,11,-3,58,33,True,0,,,False
61,6,3,29,-11,50,9,True,0,,,False
61,6,4,54,-7,54,41,True,0,,,False
61,6,5,23,-1,60,29,True,0,,,True
61,6,6,13,2,2,18,True,1,,,False
61,6,7,32,-2,59,22,True,3,,,False
61,6,8,27,-12,49,59,True,1,,,True
61,6,9,17,13,13,17,True,0,,,True
61,6,10,3,10,10,45,True,1,1,1,True
61,6,11,60,6,6,0,True,1,,,False
61,6,12,48,8,8,48,True,1,,,False
61,6,13,22,10,10,28,True,1,,,True
61,6,14,21,1,1,28,True,0,,,True
61,6,15,7,-1,60,3,True,0,,,True
61,6,16,9,0,0,60,False,1,,,False
61,6,17,40,10,10,55,True,3,,,True
61,6,18,58,6,6,19,True,1,,,False
61,6,19,35,-10,51,3,True,3,,,True
61,6,20,6,-2,59,3,True,3,,,False
61,6,21,59,1,1,9,True,0,,,True
61,6,22,49,-14,47,28,True,1,2,2,True
61,6,23,33,-6,55,38,True,3,,,False
61,6,24,46,4,4,55,True,1,,,False
61,6,25,24,3,3,45,True,0,,,False
61,6,26,14,-10,51,57,True,1,,,True
61,6,27,41,0,0,7,False,1,,,False
61,6,28,57,-2,59,33,True,1,,,False
61,6,29,8,-15,46,45,True,0,,,False
61,6,30,52,8,8,40,True,1,,,False
67,0,1,0,-16,51,0,True,3,0,0,True
67,0,2,0,-5,62,0,True,0,0,0,True
67,0,3,0,16,16,0,True,3,0,0,True
67,0,4,0,11,11,0,True,0,0,0,True
67,0,6,0,5,5,0,True,0,0,0,True
67,0,7,0,-11,56,0,True,0,0,0,True
67,1,0,53,0,0,53,False,1,,,False
67,1,1,9,12,12,48,True,3,,,False
67,1,2,33,-4,63,15,True,3,,,False
67,1,3,25,3,3,39,True,0,,,False
67,1,4,22,12,12,23,True,3,,,False
67,1,5,31,-8,59,34,True,1,,,False
67,1,6,62,13,13,41,True,0,,,False
67,1,7,61,10,10,61,True,1,,,False
67,1,8,19,-11,56,48,True,0,,,True
67,1,9,43,6,6,34,True,1,,,False
67,1,10,20,-10,57,59,True,1,,,False
67,1,11,27,14,14,18,True,1,,,False
67,1,12,13,-2,65,56,True,1,,,False
67,1,13,1,5,5,35,True,0,,,True
67,1,14,26,1,1,11,True,0,,,False
67,1,15,18,4,4,22,True,1,,,False
67,1,16,32,-4,63,23,True,1,,,False
67,1,17,52,-6,61,21,True,1,,,False
67,1,18,21,-13,54,4,True,0,,,False
67,1,19,58,-12,55,18,True,1,,,False
67,1,20,44,-4,63,2,True,1,,,False
67,1,21,35,-4,63,50,True,3,,,False
67,1,22,59,3,3,32,True,0,,,False
67,1,23,30,2,2,32,True,1,,,False
67,1,24,40,-3,64,25,True,0,,,False
67,1,25,38,-14,53,31,True,1,,,False
67,1,26,15,-9,58,23,True,0,,,False
67,1,27,66,0,0,58,False,1,,,False
67,1,29,28,8,8,13,True,1,,,False
67,1,30,23,8,8,25,True,3,,,False
67,1,31,34,-2,65,30,True,1,,,False
67,1,32,10,11,11,52,True,0,,,True
67,1,33,54,7,7,54,True,0,,,False
67,1,34,54,-7,60,54,True,0,,,False
67,1,35,10,-11,56,52,True,0,,,True
67,1,36,34,2,2,30,True,1,,,False
67,1,37,23,-8,59,25,True,3,,,False
67,1,38,28,-8,59,13,True,1,,,False
67,1,40,66,0,0,58,False,1,,,False
67,1,41,15,9,9,23,True,0,,,False
67,1,42,38,14,14,31,True,1,,,False
67,1,43,40,3,3,25,True,0,,,False
67,1,44,30,-2,65,32,True,1,,,False
67,1,45,59,-3,64,32,True,0,,,False
67,1,46,35,4,4,50,True,3,,,False
67,1,47,44,4,4,2,True,1,,,False
67,1,48,58,12,12,18,True,1,,,False
67,1,49,21,13,13,4,True,0,,,False
67,1,50,52,6,6,21,True,1,,,False
67,1,51,32,4,4,23,True,1,,,False
67,1,52,18,-4,63,22,True,1,,,False
67,1,53,26,-1,66,11,True,0,,,False
67,1,54,1,-5,62,35,True,0,,,True
67,1,55,13,2,2,56,True,1,,,False
67,1,56,27,-14,53,18,True,1,,,False
67,1,57,20,10,10,59,True,1,,,False
67,1,58,43,-6,61,34,True,1,,,False
67,1,59,19,11,11,48,True,0,,,True
67,1,60,61,-10,57,61,True,1,,,False
67,1,61,62,-13,54,41,True,0,,,False
67,1,62,31,8,8,34,True,1,,,False
67,1,63,22,-12,55,23,True,3,,,False
67,1,64,25,-3,64,39,True,0,,,False
67,1,65,33,4,4,15,True,3,,,False
67,1,66,9,-12,55,48,True,3,,,False
67,2,0,53,0,0,55,False,3,,,False
67,2,1,56,-8,59,22,True,1,,,False
67,2,2,37,8,8,57,True,1,,,False
67,2,3,3,12,12,58,True,3,,,False
67,2,4,36,2,2,54,True,1,,,False
67,2,5,6,2,2,26,True,1,,,False
67,2,6,46,5,5,40,True,0,,,True
67,2,7,55,-10,57,45,True,1,,,False
67,2,8,57,4,4,66,True,3,,,False
67,2,9,11,-7,60,48,True,0,,,False
67,2,10,12,8,8,6,True,3,,,False
67,2,11,39,-8,59,10,True,1,,,False
67,2,12,42,-4,63,66,True,3,,,False
67,2,13,16,-2,65,29,True,1,,,False
67,2,14,5,-15,52,1,True,0,,,False
67,2,15,49,10,10,44,True,1,,,False
67,2,16,41,-5,62,65,True,0,,,True
67,2,17,45,-3,64,4,True,0,,,False
67,2,18,7,7,7,21,True,0,,,False
67,2,19,60,2,2,62,True,1,,,False
67,2,20,63,5,5,26,True,0,,,True
67,2,21,48,-13,54,22,True,0,,,False
67,2,22,14,-4,63,18,True,1,,,False
67,2,23,2,-1,66,41,True,0,,,False
67,2,24,29,2,2,54,True,1,,,False
67,2,25,65,-16,51,45,True,1,1,1,True
67,2,26,64,-12,55,48,True,1,,,False
67,2,27,17,-14,53,22,True,1,,,False
67,2,28,51,-4,63,33,True,3,,,False
67,2,29,24,-12,55,35,True,1,,,False
67,2,30,8,9,9,46,True,0,,,False
67,2,31,50,7,7,65,True,0,,,False
67,2,32,47,-8,59,65,True,1,,,False
67,2,33,4,4,4,35,True,1,,,False
67,2,34,4,-4,63,35,True,1,,,False
67,2,35,47,8,8,65,True,1,,,False
67,2,36,50,-7,60,65,True,0,,,False
67,2,37,8,-9,58,46,True,0,,,False
67,2,38,24,12,12,35,True,1,,,False
67,2,39,51,4,4,33,True,3,,,False
67,2,40,17,14,14,22,True,1,,,False
67,2,41,64,12,12,48,True,1,,,False
67,2,42,65,16,16,45,True,1,1,1,True
67,2,43,29,-2,65,54,True,1,,,False
67,2,44,2,1,1,41,True,0,,,False
67,2,45,14,4,4,18,True,1,,,False
67,2,46,48,13,13,22,True,0,,,False
67,2,47,63,-5,62,26,True,0,,,True
67,2,48,60,-2,65,62,True,1,,,False
67,2,49,7,-7,60,21,True,0,,,False
67,2,50,45,3,3,4,True,0,,,False
67,2,51,41,5,5,65,True,0,,,True
67,2,52,49,-10,57,44,True,1,,,False
67,2,53,5,15,15,1,True,0,,,False
67,2,54,16,2,2,29,True,1,,,False
67,2,55,42,4,4,66,True,3,,,False
67,2,56,39,8,8,10,True,1,,,False
67,2,57,12,-8,59,6,True,3,,,False
67,2,58,11,7,7,48,True,0,,,False
67,2,59,57,-4,63,66,True,3,,,False
67,2,60,55,10,10,45,True,1,,,False
67,2,61,46,-5,62,40,True,0,,,True
67,2,62,6,-2,65,26,True,1,,,False
67,2,63,36,-2,65,54,True,1,,,False
67,2,64,3,-12,55,58,True,3,,,False
67,2,65,37,-8,59,57,True,1,,,False
67,2,66,56,8,8,22,True,1,,,False
71,0,1,0,0,0,18,False,1,,,False
71,0,7,0,0,0,1,False,1,,,False
71,1,0,24,0,0,37,False,1,,,False
71,1,1,26,13,13,25,True,0,,,False
71,1,2,11,-8,63,50,True,3,,,False
71,1,3,7,8,8,40,True,3,,,False
71,1,4,38,2,2,3,True,1,,,False
71,1,5,45,4,4,12,True,1,,,False
71,1,6,42,-12,59,27,True,3,,,False
71,1,7,15,-12,59,7,True,1,,,False
71,1,8,44,-7,64,58,True,0,,,False
71,1,9,33,-16,55,21,True,3,,,False
71,1,10,16,-10,61,32,True,1,,,False
71,1,11,5,6,6,25,True,1,,,False
71,1,12,9,-4,67,25,True,1,,,False
71,1,13,69,-9,62,50,True,0,,,False
71,1,14,53,-5,66,47,True,0,,,False
71,1,15,28,-9,62,20,True,0,,,False
71,1,16,18,10,10,40,True,1,,,False
71,1,17,39,-1,70,17,True,0,,,False
71,1,18,20,-8,63,33,True,1,,,False
71,1,19,4,6,6,9,True,1,,,False
71,1,20,8,6,6,24,True,1,,,False
71,1,21,57,-12,59,51,True,1,,,False
71,1,22,12,-6,65,31,True,1,,,False
71,1,23,6,6,6,33,True,1,,,False
71,1,24,34,3,3,63,True,0,,,False
71,1,25,51,15,15,42,True,0,,,False
71,1,26,58,6,6,8,True,1,,,False
71,1,27,19,-12,59,56,True,1,,,False
71,1,28,17,0,0,5,False,3,,,False
71,1,29,13,-3,68,70,True,0,,,False
71,1,30,56,-8,63,47,True,3,,,False
71,1,31,50,-4,67,15,True,1,,,False
71,1,32,61,-1,70,57,True,0,,,False
71,1,33,62,5,5,8,True,0,,,False
71,1,34,67,-15,56,65,True,0,,,False
71,1,35,37,10,10,37,True,1,,,False
71,1,36,37,-10,61,37,True,1,,,False
71,1,37,67,15,15,65,True,0,,,False
71,1,38,62,-5,66,8,True,0,,,False
71,1,39,61,1,1,57,True,0,,,False
71,1,40,50,4,4,15,True,1,,,False
71,1,41,56,8,8,47,True,3,,,False
71,1,42,13,3,3,70,True,0,,,False
71,1,43,17,0,0,5,False,3,,,False
71,1,44,19,12,12,56,True,1,,,False
71,1,45,58,-6,65,8,True,1,,,False
71,1,46,51,-15,56,42,True,0,,,False
71,1,47,34,-3,68,63,True,0,,,False
71,1,48,6,-6,65,33,True,1,,,False
71,1,49,12,6,6,31,True,1,,,False
71,1,50,57,12,12,51,True,1,,,False
71,1,51,8,-6,65,24,True,1,,,False
71,1,52,4,-6,65,9,True,1,,,False
71,1,53,20,8,8,33,True,1,,,False
71,1,54,39,1,1,17,True,0,,,False
71,1,55,18,-10,61,40,True,1,,,False
71,1,56,28,9,9,20,True,0,,,False
71,1,57,53,5,5,47,True,0,,,False
71,1,58,69,9,9,50,True,0,,,False
71,1,59,9,4,4,25,True,1,,,False
71,1,60,5,-6,65,25,True,1,,,False
71,1,61,16,10,10,32,True,1,,,False
71,1,62,33,16,16,21,True,3,,,False
71,1,63,44,7,7,58,True,0,,,False
71,1,64,15,12,12,7,True,1,,,False
71,1,65,42,12,12,27,True,3,,,False
71,1,66,45,-4,67,12,True,1,,,False
71,1,67,38,-2,69,3,True,1,,,False
71,1,68,7,-8,63,40,True,3,,,False
71,1,69,11,8,8,50,True,3,,,False
71,1,70,26,-13,58,25,True,0,,,False
71,7,0,24,0,0,12,False,3,,,False
71,7,1,65,-8,63,61,True,1,,,False
71,7,2,66,0,0,50,False,1,,,False
71,7,3,64,-5,66,43,True,0,,,False
71,7,4,68,-12,59,67,True,1,,,False
71,7,5,25,12,12,53,True,3,,,False
71,7,6,55,-2,69,26,True,1,,,False
71,7,7,29,5,5,21,True,0,,,False
71,7,8,48,0,0,32,False,3,,,False
71,7,9,14,-2,69,61,True,1,,,False
71,7,10,59,-6,65,37,True,1,,,False
71,7,11,23,-12,59,65,True,1,,,False
71,7,12,21,-12,59,53,True,1,,,False
71,7,13,3,1,1,47,True,0,,,False
71,7,14,30,-9,62,69,True,0,,,False
71,7,15,2,-3,68,58,True,0,,,False
71,7,16,47,6,6,68,True,1,,,False
71,7,17,70,8,8,6,True,1,,,False
71,7,18,22,14,14,65,True,1,,,False
71,7,19,31,2,2,16,True,1,,,False
71,7,20,43,-13,58,57,True,0,,,False
71,7,21,63,10,10,44,True,1,,,False
71,7,22,52,8,8,67,True,1,,,False
71,7,23,32,4,4,11,True,3,,,False
71,7,24,54,-15,56,4,True,0,,,False
71,7,26,40,0,0,37,False,3,,,False
71,7,27,36,-11,60,19,True,0,,,False
71,7,28,49,-3,68,46,True,0,,,False
71,7,29,41,0,0,29,False,1,,,False
71,7,30,10,9,9,13,True,0,,,False
71,7,31,1,-3,68,11,True,0,,,False
71,7,32,27,-7,64,25,True,0,,,False
71,7,33,35,16,16,34,True,1,,,False
71,7,34,60,8,8,22,True,3,,,False
71,7,35,46,-14,57,6,True,1,,,False
71,7,36,46,14,14,6,True,1,,,False
71,7,37,60,-8,63,22,True,3,,,False
71,7,38,35,-16,55,34,True,1,,,False
71,7,39,27,7,7,25,True,0,,,False
71,7,40,1,3,3,11,True,0,,,False
71,7,41,10,-9,62,13,True,0,,,False
71,7,42,41,0,0,29,False,1,,,False
71,7,43,49,3,3,46,True,0,,,False
71,7,44,36,11,11,19,True,0,,,False
71,7,45,40,0,0,37,False,3,,,False
71,7,47,54,15,15,4,True,0,,,False
71,7,48,32,-4,67,11,True,3,,,False
71,7,49,52,-8,63,67,True,1,,,False
71,7,50,63,-10,61,44,True,1,,,False
71,7,51,43,13,13,57,True,0,,,False
71,7,52,31,-2,69,16,True,1,,,False
71,7,53,22,-14,57,65,True,1,,,False
71,7,54,70,-8,63,6,True,1,,,False
71,7,55,47,-6,65,68,True,1,,,False
71,7,56,2,3,3,58,True,0,,,False
71,7,57,30,9,9,69,True,0,,,False
71,7,58,3,-1,70,47,True,0,,,False
71,7,59,21,12,12,53,True,1,,,False
71,7,60,23,12,12,65,True,1,,,False
71,7,61,59,6,6,37,True,1,,,False
71,7,62,14,2,2,61,True,1,,,False
71,7,63,48,0,0,32,False,3,,,False
71,7,64,29,-5,66,21,True,0,,,False
71,7,65,55,2,2,26,True,1,,,False
71,7,66,25,-12,59,53,True,3,,,False
71,7,67,68,12,12,67,True,1,,,False
71,7,68,64,5,5,43,True,0,,,False
71,7,69,66,0,0,50,False,1,,,False
71,7,70,65,8,8,61,True,1,,,False
73,0,1,0,-10,63,0,True,3,0,0,True
73,0,2,0,-7,66,0,True,0,0,0,True
73,0,4,0,17,17,0,True,0,0,0,True
73,0,5,0,-17,56,0,True,0,0,0,True
73,0,7,0,10,10,0,True,3,0,0,True
73,0,13,0,7,7,0,True,0,0,0,True
73,1,0,49,-6,67,0,True,3,0,0,True
73,1,1,44,2,2,4,True,1,,,False
73,1,2,20,10,10,2,True,1,3,3,True
73,1,3,7,-6,67,66,True,1,3,3,True
73,1,4,48,-13,60,40,True,0,,,False
73,1,5,62,14,14,9,True,1,,,False
73,1,6,37,5,5,64,True,0,,,False
73,1,7,60,-8,65,57,True,1,,,False
73,1,8,34,-10,63,72,True,1,3,3,True
73,1,9,50,-10,63,36,True,3,2,2,True
73,1,10,41,2,2,65,True,3,,,False
73,1,11,59,-4,69,70,True,1,,,False
73,1,12,72,-6,67,37,True,3,2,2,True
73,1,13,3,-9,64,53,True,0,,,False
73,1,14,56,0,0,67,False,1,,,False
73,1,15,39,2,2,39,True,1,,,False
73,1,16,55,-14,59,43,True,3,,,False
73,1,17,24,11,11,50,True,0,,,False
73,1,18,12,-13,60,61,True,0,,,False
73,1,19,29,8,8,13,True,1,,,False
73,1,21,65,9,9,57,True,0,,,False
73,1,22,10,-2,71,50,True,1,,,False
73,1,23,15,16,16,5,True,1,,,True
73,1,24,28,4,4,70,True,1,,,False
73,1,25,67,-1,72,35,True,0,,,False
73,1,26,57,-11,62,65,True,0,,,False
73,1,27,1,-3,70,42,True,0,,,False
73,1,28,25,-2,71,71,True,3,,,False
73,1,29,61,7,7,28,True,0,,,True
73,1,30,63,12,12,7,True,1,,,False
73,1,31,46,15,15,48,True,0,,,False
73,1,32,21,-2,71,24,True,1,,,False
73,1,33,8,9,9,16,True,0,,,False
73,1,34,66,-6,67,34,True,1,3,3,True
73,1,35,5,2,2,51,True,1,,,False
73,1,36,42,-4,69,17,True,1,,,False
73,3,0,49,6,6,0,True,3,0,0,True
73,3,1,10,2,2,28,True,1,,,False
73,3,2,61,-7,66,69,True,0,,,True
73,3,3,60,8,8,44,True,1,,,False
73,3,4,39,-2,71,16,True,1,,,False
73,3,5,42,4,4,8,True,1,,,False
73,3,6,56,0,0,53,False,1,,,False
73,3,7,34,10,10,52,True,1,3,3,True
73,3,8,63,-12,61,1,True,1,,,False
73,3,9,65,-9,64,44,True,0,,,False
73,3,10,44,-2,71,11,True,1,,,False
73,3,11,15,-16,57,32,True,1,,,True
73,3,12,25,2,2,42,True,3,,,False
73,3,13,37,-5,68,43,True,0,,,False
73,3,14,55,14,14,27,True,3,,,False
73,3,15,5,-2,71,24,True,1,,,False
73,3,16,3,9,9,55,True,0,,,False
73,3,17,50,10,10,26,True,3,2,2,True
73,3,18,46,-15,58,59,True,0,,,False
73,3,20,20,-10,63,42,True,1,3,3,True
73,3,21,28,-4,69,10,True,1,,,False
73,3,22,1,3,3,67,True,0,,,False
73,3,23,62,-14,59,30,True,1,,,False
73,3,24,24,-11,62,28,True,0,,,False
73,3,25,66,6,6,16,True,1,3,3,True
73,3,26,72,6,6,26,True,3,2,2,True
73,3,27,41,-2,71,51,True,3,,,False
73,3,28,21,2,2,66,True,1,,,False
73,3,29,29,-8,65,19,True,1,,,False
73,3,30,7,6,6,72,True,1,3,3,True
73,3,31,67,1,1,5,True,0,,,False
73,3,32,57,11,11,22,True,0,,,False
73,3,33,48,13,13,36,True,0,,,False
73,3,34,12,13,13,40,True,0,,,False
73,3,35,8,-9,64,29,True,0,,,False
73,3,36,59,4,4,63,True,1,,,False
73,5,0,49,-16,57,0,True,1,0,0,True
73,5,1,53,10,10,65,True,3,1,1,True
73,5,2,11,1,1,53,True,0,,,False
73,5,3,54,-14,59,53,True,1,,,False
73,5,4,36,4,4,29,True,1,,,False
73,5,5,69,-8,65,7,True,1,,,False
73,5,6,22,6,6,59,True,3,1,1,True
73,5,7,14,-1,72,68,True,0,,,False
73,5,8,30,-3,70,27,True,0,,,False
73,5,9,2,-4,69,9,True,1,,,False
73,5,10,51,-3,70,27,True,0,,,False
73,5,11,6,16,16,13,True,1,,,True
73,5,12,33,11,11,38,True,0,,,False
73,5,13,27,6,6,0,True,1,3,3,True
73,5,14,31,5,5,13,True,0,,,False
73,5,15,9,0,0,64,False,1,,,False
73,5,16,18,10,10,21,True,1,3,3,True
73,5,17,13,-11,62,65,True,0,,,False
73,5,18,52,-6,67,35,True,3,2,2,True
73,5,19,26,-14,59,15,True,3,,,False
73,5,20,70,12,12,24,True,1,,,False
73,5,21,58,-7,66,72,True,0,,,True
73,5,22,32,-4,69,2,True,1,,,False
73,5,23,17,7,7,69,True,0,,,True
73,5,24,40,-1,72,67,True,0,,,False
73,5,25,45,11,11,36,True,0,,,False
73,5,26,68,7,7,55,True,0,,,True
73,5,27,43,2,2,62,True,3,,,False
73,5,28,19,-4,69,22,True,1,,,False
73,5,29,4,8,8,62,True,1,,,False
73,5,30,16,-10,63,3,True,1,3,3,True
73,5,31,23,-14,59,5,True,1,,,False
73,5,32,35,4,4,13,True,1,,,False
73,5,33,47,10,10,47,True,3,2,2,True
73,5,34,38,2,2,61,True,1,,,False
73,5,35,64,-6,67,10,True,1,3,3,True
73,5,36,71,-14,59,63,True,1,,,False
73,11,0,49,16,16,0,True,1,0,0,True
73,11,1,32,4,4,44,True,1,,,False
73,11,2,4,-8,65,23,True,1,,,False
73,11,3,14,1,1,37,True,0,,,False
73,11,4,9,0,0,21,False,1,,,False
73,11,5,71,14,14,1,True,1,,,False
73,11,6,31,-5,68,6,True,0,,,False
73,11,7,30,3,3,10,True,0,,,False
73,11,8,16,10,10,66,True,1,3,3,True
73,11,9,58,7,7,22,True,0,,,True
73,11,10,53,-10,63,43,True,3,1,1,True
73,11,11,17,-7,66,58,True,0,,,True
73,11,12,19,4,4,27,True,1,,,False
73,11,13,22,-6,67,16,True,3,1,1,True
73,11,14,18,-10,63,24,True,1,3,3,True
73,11,15,64,6,6,72,True,1,3,3,True
73,11,16,27,-6,67,0,True,1,3,3,True
73,11,17,2,4,4,52,True,1,,,False
73,11,18,23,14,14,37,True,1,,,False
73,11,19,70,-12,61,56,True,1,,,False
73,11,20,11,-1,72,71,True,0,,,False
73,11,21,40,1,1,14,True,0,,,False
73,11,22,43,-2,71,23,True,3,,,False
73,11,23,69,8,8,65,True,1,,,False
73,11,24,13,11,11,43,True,0,,,False
73,11,25,38,-2,71,45,True,1,,,False
73,11,26,33,-11,62,40,True,0,,,False
73,11,27,51,3,3,10,True,0,,,False
73,11,28,35,-4,69,67,True,1,,,False
73,11,29,26,14,14,35,True,3,,,False
73,11,30,54,14,14,71,True,1,,,False
73,11,31,45,-11,62,62,True,0,,,False
73,11,32,68,-7,66,31,True,0,,,True
73,11,33,36,-4,69,19,True,1,,,False
73,11,34,52,6,6,40,True,3,2,2,True
73,11,35,47,-10,63,61,True,3,2,2,True
73,11,36,6,-16,57,6,True,1,,,True
79,0,1,0,-4,75,0,True,3,0,0,True
79,0,2,0,17,17,0,True,0,0,0,True
79,0,3,0,-17,62,0,True,0,0,0,True
79,0,4,0,-13,66,0,True,0,0,0,True
79,0,6,0,13,13,0,True,0,0,0,True
79,0,12,0,4,4,0,True,3,0,0,True
79,1,0,69,0,0,74,False,1,,,False
79,1,1,14,-6,73,45,True,1,,,False
79,1,2,73,16,16,61,True,3,,,False
79,1,3,75,-4,75,50,True,1,,,True
79,1,4,26,-8,71,16,True,3,,,False
79,1,5,21,0,0,59,False,3,,,False
79,1,6,55,-17,62,29,True,0,,,True
79,1,7,42,8,8,2,True,3,,,False
79,1,8,33,-6,73,69,True,1,,,False
79,1,9,32,-5,74,72,True,0,,,False
79,1,10,68,4,4,67,True,1,,,True
79,1,11,58,-12,67,8,True,1,,,False
79,1,12,47,-14,65,33,True,1,,,False
79,1,13,29,-4,75,31,True,1,,,True
79,1,14,13,1,1,18,True,0,,,False
79,1,15,10,-12,67,31,True,3,,,False
79,1,16,45,-13,66,8,True,0,,,True
79,1,17,48,-8,71,71,True,1,,,False
79,1,18,7,-8,71,30,True,1,,,False
79,1,19,36,11,11,38,True,0,,,False
79,1,20,52,3,3,53,True,0,,,False
79,1,21,11,-11,68,2,True,0,,,False
79,1,22,16,5,5,76,True,0,,,False
79,1,23,56,-10,69,42,True,1,,,False
79,1,24,17,0,0,34,False,1,,,False
79,1,25,60,-10,69,33,True,1,,,False
79,1,26,62,-1,78,60,True,0,,,False
79,1,27,37,-10,69,49,True,1,,,False
79,1,29,53,10,10,20,True,1,,,False
79,1,30,24,14,14,6,True,1,,,False
79,1,31,1,9,9,58,True,0,,,False
79,1,32,59,14,14,60,True,1,,,False
79,1,33,27,-10,69,37,True,1,,,False
79,1,34,61,-6,73,8,True,1,,,False
79,1,35,9,5,5,0,True,0,,,False
79,1,36,40,-1,78,1,True,0,,,False
79,1,37,8,-3,76,8,True,0,,,False
79,1,38,43,-4,75,39,True,1,1,1,True
79,1,39,22,8,8,24,True,3,,,False
79,1,40,22,-8,71,24,True,3,,,False
79,1,41,43,4,4,39,True,1,1,1,True
79,1,42,8,3,3,8,True,0,,,False
79,1,43,40,1,1,1,True,0,,,False
79,1,44,9,-5,74,0,True,0,,,False
79,1,45,61,6,6,8,True,1,,,False
79,1,46,27,10,10,37,True,1,,,False
79,1,47,59,-14,65,60,True,1,,,False
79,1,48,1,-9,70,58,True,0,,,False
79,1,49,24,-14,65,6,True,1,,,False
79,1,50,53,-10,69,20,True,1,,,False
79,1,52,37,10,10,49,True,1,,,False
79,1,53,62,1,1,60,True,0,,,False
79,1,54,60,10,10,33,True,1,,,False
79,1,55,17,0,0,34,False,1,,,False
79,1,56,56,10,10,42,True,1,,,False
79,1,57,16,-5,74,76,True,0,,,False
79,1,58,11,11,11,2,True,0,,,False
79,1,59,52,-3,76,53,True,0,,,False
79,1,60,36,-11,68,38,True,0,,,False
79,1,61,7,8,8,30,True,1,,,False
79,1,62,48,8,8,71,True,1,,,False
79,1,63,45,13,13,8,True,0,,,True
79,1,64,10,12,12,31,True,3,,,False
79,1,65,13,-1,78,18,True,0,,,False
79,1,66,29,4,4,31,True,1,,,True
79,1,67,47,14,14,33,True,1,,,False
79,1,68,58,12,12,8,True,1,,,False
79,1,69,68,-4,75,67,True,1,,,True
79,1,70,32,5,5,72,True,0,,,False
79,1,71,33,6,6,69,True,1,,,False
79,1,72,42,-8,71,2,True,3,,,False
79,1,73,55,17,17,29,True,0,,,True
79,1,74,21,0,0,59,False,3,,,False
79,1,75,26,8,8,16,True,3,,,False
79,1,76,75,4,4,50,True,1,,,True
79,1,77,73,-16,63,61,True,3,,,False
79,1,78,14,6,6,45,True,1,,,False
79,3,0,69,0,0,77,False,3,,,False
79,3,1,71,-1,78,76,True,0,,,False
79,3,2,74,-8,71,2,True,3,,,False
79,3,3,3,16,16,39,True,3,,,False
79,3,4,77,-8,71,65,True,3,,,False
79,3,5,64,0,0,30,False,1,,,False
79,3,6,78,-15,64,20,True,0,,,False
79,3,7,38,-10,69,47,True,1,,,False
79,3,8,18,-12,67,34,True,1,,,False
79,3,9,46,-12,67,25,True,1,,,False
79,3,10,30,7,7,29,True,0,,,False
79,3,11,6,1,1,2,True,0,,,False
79,3,12,4,4,4,41,True,1,,,True
79,3,13,50,4,4,57,True,1,,,True
79,3,14,63,-4,75,67,True,3,,,True
79,3,15,5,-2,77,41,True,1,,,False
79,3,16,12,-9,70,5,True,0,,,False
79,3,17,67,6,6,28,True,1,,,False
79,3,18,23,-14,65,31,True,1,,,False
79,3,19,54,-13,66,72,True,0,,,True
79,3,20,57,15,15,74,True,0,,,False
79,3,21,15,0,0,24,False,3,,,False
79,3,22,31,-16,63,45,True,1,,,False
79,3,23,2,-16,63,1,True,1,,,False
79,3,24,19,-4,75,23,True,1,,,True
79,3,25,66,-5,74,33,True,0,,,False
79,3,26,65,8,8,6,True,1,,,False
79,3,27,70,7,7,6,True,0,,,False
79,3,28,20,-10,69,57,True,1,,,False
79,3,29,28,-1,78,9,True,0,,,False
79,3,30,44,2,2,72,True,1,,,False
79,3,31,72,2,2,20,True,1,,,False
79,3,32,39,11,11,0,True,0,,,False
79,3,33,76,8,8,32,True,1,,,False
79,3,34,49,-8,71,31,True,1,,,False
79,3,35,35,11,11,23,True,0,,,False
79,3,36,34,-4,75,15,True,3,,,True
79,3,37,25,2,2,17,True,1,,,False
79,3,38,41,3,3,73,True,0,,,False
79,3,39,51,10,10,72,True,1,,,False
79,3,40,51,-10,69,72,True,1,,,False
79,3,41,41,-3,76,73,True,0,,,False
79,3,42,25,-2,77,17,True,1,,,False
79,3,43,34,4,4,15,True,3,,,True
79,3,44,35,-11,68,23,True,0,,,False
79,3,45,49,8,8,31,True,1,,,False
79,3,46,76,-8,71,32,True,1,,,False
79,3,47,39,-11,68,0,True,0,,,False
79,3,48,72,-2,77,20,True,1,,,False
79,3,49,44,-2,77,72,True,1,,,False
79,3,50,28,1,1,9,True,0,,,False
79,3,51,20,10,10,57,True,1,,,False
79,3,52,70,-7,72,6,True,0,,,False
79,3,53,65,-8,71,6,True,1,,,False
79,3,54,66,5,5,33,True,0,,,False
79,3,55,19,4,4,23,True,1,,,True
79,3,56,2,16,16,1,True,1,,,False
79,3,57,31,16,16,45,True,1,,,False
79,3,58,15,0,0,24,False,3,,,False
79,3,59,57,-15,64,74,True,0,,,False
79,3,60,54,13,13,72,True,0,,,True
79,3,61,23,14,14,31,True,1,,,False
79,3,62,67,-6,73,28,True,1,,,False
79,3,63,12,9,9,5,True,0,,,False
79,3,64,5,2,2,41,True,1,,,False
79,3,65,63,4,4,67,True,3,,,True
79,3,66,50,-4,75,57,True,1,,,True
79,3,67,4,-4,75,41,True,1,,,True
79,3,68,6,-1,78,2,True,0,,,False
79,3,69,30,-7,72,29,True,0,,,False
79,3,70,46,12,12,25,True,1,,,False
79,3,71,18,12,12,34,True,1,,,False
79,3,72,38,10,10,47,True,1,,,False
79,3,73,78,15,15,20,True,0,,,False
79,3,74,64,0,0,30,False,1,,,False
79,3,75,77,8,8,65,True,3,,,False
79,3,76,3,-16,63,39,True,3,,,False
79,3,77,74,8,8,2,True,3,,,False
79,3,78,71,1,1,76,True,0,,,False
83,0,1,0,0,0,21,False,1,,,False
83,0,2,0,0,0,29,False,1,,,False
83,1,0,68,0,0,75,False,1,,,False
83,1,1,65,-6,77,26,True,1,,,False
83,1,2,38,8,8,57,True,1,,,False
83,1,3,30,6,6,71,True,1,,,False
83,1,4,9,14,14,70,True,1,,,False
83,1,5,79,3,3,52,True,0,,,False
83,1,6,3,12,12,73,True,1,,,False
83,1,7,60,5,5,1,True,0,,,False
83,1,8,13,5,5,35,True,0,,,False
83,1,9,51,8,8,73,True,1,,,False
83,1,10,61,6,6,65,True,1,,,False
83,1,11,8,4,4,26,True,3,,,False
83,1,12,62,-11,72,56,True,0,,,False
83,1,13,53,-12,71,14,True,3,,,False
83,1,14,66,-8,75,47,True,3,,,False
83,1,15,80,-4,79,71,True,3,,,False
83,1,16,7,2,2,67,True,1,,,False
83,1,17,71,-9,74,0,True,0,,,False
83,1,18,41,-12,71,34,True,1,,,False
83,1,19,40,14,14,22,True,1,,,False
83,1,20,55,9,9,80,True,0,,,False
83,1,21,46,15,15,14,True,0,,,False
83,1,22,37,-12,71,59,True,1,,,False
83,1,23,70,-16,67,20,True,1,,,False
83,1,24,22,7,7,37,True,0,,,False
83,1,25,81,-14,69,76,True,1,,,False
83,1,26,15,-9,74,11,True,0,,,False
83,1,27,17,0,0,37,False,1,,,False
83,1,28,27,6,6,37,True,1,,,False
83,1,29,18,7,7,49,True,0,,,False
83,1,30,4,4,4,68,True,1,,,False
83,1,31,14,-4,79,72,True,3,,,False
83,1,32,72,-3,80,74,True,0,,,False
83,1,33,64,16,16,2,True,1,,,False
83,1,34,34,-9,74,69,True,0,,,False
83,1,35,54,11,11,45,True,0,,,False
83,1,36,2,12,12,60,True,3,,,False
83,1,37,50,0,0,56,False,3,,,False
83,1,38,31,-10,73,25,True,1,,,False
83,1,39,28,0,0,31,False,1,,,False
83,1,40,59,-14,69,45,True,1,,,False
83,1,41,6,-3,80,3,True,0,,,False
83,1,42,6,3,3,3,True,0,,,False
83,1,43,59,14,14,45,True,1,,,False
83,1,44,28,0,0,31,False,1,,,False
83,1,45,31,10,10,25,True,1,,,False
83,1,46,50,0,0,56,False,3,,,False
83,1,47,2,-12,71,60,True,3,,,False
83,1,48,54,-11,72,45,True,0,,,False
83,1,49,34,9,9,69,True,0,,,False
83,1,50,64,-16,67,2,True,1,,,False
83,1,51,72,3,3,74,True,0,,,False
83,1,52,14,4,4,72,True,3,,,False
83,1,53,4,-4,79,68,True,1,,,False
83,1,54,18,-7,76,49,True,0,,,False
83,1,55,27,-6,77,37,True,1,,,False
83,1,56,17,0,0,37,False,1,,,False
83,1,57,15,9,9,11,True,0,,,False
83,1,58,81,14,14,76,True,1,,,False
83,1,59,22,-7,76,37,True,0,,,False
83,1,60,70,16,16,20,True,1,,,False
83,1,61,37,12,12,59,True,1,,,False
83,1,62,46,-15,68,14,True,0,,,False
83,1,63,55,-9,74,80,True,0,,,False
83,1,64,40,-14,69,22,True,1,,,False
83,1,65,41,12,12,34,True,1,,,False
83,1,66,71,9,9,0,True,0,,,False
83,1,67,7,-2,81,67,True,1,,,False
83,1,68,80,4,4,71,True,3,,,False
83,1,69,66,8,8,47,True,3,,,False
83,1,70,53,12,12,14,True,3,,,False
83,1,71,62,11,11,56,True,0,,,False
83,1,72,8,-4,79,26,True,3,,,False
83,1,73,61,-6,77,65,True,1,,,False
83,1,74,51,-8,75,73,True,1,,,False
83,1,75,13,-5,78,35,True,0,,,False
83,1,76,60,-5,78,1,True,0,,,False
83,1,77,3,-12,71,73,True,1,,,False
83,1,78,79,-3,80,52,True,0,,,False
83,1,79,9,-14,69,70,True,1,,,False
83,1,80,30,-6,77,71,True,1,,,False
83,1,81,38,-8,75,57,True,1,,,False
83,1,82,65,6,6,26,True,1,,,False
83,2,0,68,0,0,72,False,3,,,False
83,2,1,20,6,6,69,True,1,,,False
83,2,2,44,16,16,4,True,3,,,False
83,2,3,39,-2,81,80,True,1,,,False
83,2,4,19,6,6,56,True,1,,,False
83,2,5,12,-1,82,0,True,0,,,False
83,2,6,23,-9,74,13,True,0,,,False
83,2,7,56,2,2,65,True,1,,,False
83,2,8,45,6,6,14,True,1,,,False
83,2,9,52,-2,81,48,True,1,,,False
83,2,10,33,-3,80,50,True,0,,,False
83,2,11,11,-12,71,47,True,3,,,False
83,2,12,49,-12,71,20,True,3,,,False
83,2,13,67,0,0,25,False,1,,,False
83,2,14,43,-6,77,27,True,1,,,False
83,2,15,73,-6,77,22,True,1,,,False
83,2,16,29,-9,74,80,True,0,,,False
83,2,17,76,4,4,59,True,1,,,False
83,2,18,82,-8,75,34,True,1,,,False
83,2,19,32,-18,65,59,True,1,,,False
83,2,20,36,15,15,47,True,0,,,False
83,2,21,5,12,12,53,True,1,,,False
83,2,22,58,16,16,5,True,1,,,False
83,2,23,26,-1,82,79,True,0,,,False
83,2,24,24,10,10,7,True,1,,,False
83,2,25,69,-12,71,8,True,3,,,False
83,2,26,63,-1,82,66,True,0,,,False
83,2,27,57,4,4,5,True,1,,,False
83,2,28,10,-17,66,60,True,0,,,False
83,2,29,77,-11,72,46,True,0,,,False
83,2,30,78,4,4,66,True,3,,,False
83,2,32,47,4,4,42,True,1,,,False
83,2,33,16,4,4,3,True,3,,,False
83,2,34,42,-12,71,26,True,1,,,False
83,2,35,48,9,9,46,True,0,,,False
83,2,36,74,-4,79,20,True,1,,,False
83,2,37,75,-15,68,77,True,0,,,False
83,2,38,35,-6,77,55,True,1,,,False
83,2,39,25,-5,78,36,True,0,,,False
83,2,40,21,-13,70,28,True,0,,,False
83,2,41,1,7,7,33,True,0,,,False
83,2,42,1,-7,76,33,True,0,,,False
83,2,43,21,13,13,28,True,0,,,False
83,2,44,25,5,5,36,True,0,,,False
83,2,45,35,6,6,55,True,1,,,False
83,2,46,75,15,15,77,True,0,,,False
83,2,47,74,4,4,20,True,1,,,False
83,2,48,48,-9,74,46,True,0,,,False
83,2,49,42,12,12,26,True,1,,,False
83,2,50,16,-4,79,3,True,3,,,False
83,2,51,47,-4,79,42,True,1,,,False
83,2,53,78,-4,79,66,True,3,,,False
83,2,54,77,11,11,46,True,0,,,False
83,2,55,10,17,17,60,True,0,,,False
83,2,56,57,-4,79,5,True,1,,,False
83,2,57,63,1,1,66,True,0,,,False
83,2,58,69,12,12,8,True,3,,,False
83,2,59,24,-10,73,7,True,1,,,False
83,2,60,26,1,1,79,True,0,,,False
83,2,61,58,-16,67,5,True,1,,,False
83,2,62,5,-12,71,53,True,1,,,False
83,2,63,36,-15,68,47,True,0,,,False
83,2,64,32,18,18,59,True,1,,,False
83,2,65,82,8,8,34,True,1,,,False
83,2,66,76,-4,79,59,True,1,,,False
83,2,67,29,9,9,80,True,0,,,False
83,2,68,73,6,6,22,True,1,,,False
83,2,69,43,6,6,27,True,1,,,False
83,2,70,67,0,0,25,False,1,,,False
83,2,71,49,12,12,20,True,3,,,False
83,2,72,11,12,12,47,True,3,,,False
83,2,73,33,3,3,50,True,0,,,False
83,2,74,52,2,2,48,True,1,,,False
83,2,75,45,-6,77,14,True,1,,,False
83,2,76,56,-2,81,65,True,1,,,False
83,2,77,23,9,9,13,True,0,,,False
83,2,78,12,1,1,0,True,0,,,False
83,2,79,19,-6,77,56,True,1,,,False
83,2,80,39,2,2,80,True,1,,,False
83,2,81,44,-16,67,4,True,3,,,False
83,2,82,20,-6,77,69,True,1,,,False
89,0,1,0,0,0,12,False,1,,,False
89,0,3,0,0,0,8,False,1,,,False
89,1,0,37,10,10,0,True,3,0,0,True
89,1,1,22,-10,79,75,True,1,3,3,True
89,1,2,49,-6,83,83,True,1,,,False
89,1,3,46,10,10,53,True,3,2,2,True
89,1,4,33,-15,74,41,True,0,,,False
89,1,5,9,-6,83,63,True,1,,,False
89,1,6,10,-8,81,10,True,1,,,False
89,1,7,26,10,10,34,True,3,1,1,True
89,1,8,34,-18,71,74,True,1,,,False
89,1,9,48,-11,78,80,True,0,,,False
89,1,10,41,-6,83,52,True,3,,,False
89,1,11,58,3,3,61,True,0,,,False
89,1,12,68,8,8,22,True,1,,,False
89,1,13,18,8,8,55,True,1,,,False
89,1,14,29,-2,87,2,True,3,,,False
89,1,15,78,-12,77,50,True,1,,,False
89,1,16,8,-4,85,74,True,1,,,False
89,1,17,19,15,15,9,True,0,,,False
89,1,18,88,-6,83,38,True,1,,,False
89,1,19,35,-1,88,20,True,0,,,False
89,1,20,50,6,6,39,True,1,,,False
89,1,21,2,14,14,88,True,1,,,False
89,1,22,27,3,3,27,True,0,,,False
89,1,23,77,-3,86,22,True,0,,,False
89,1,24,25,-16,73,73,True,1,,,True
89,1,25,67,2,2,40,True,1,,,False
89,1,26,62,14,14,82,True,3,,,False
89,1,27,28,9,9,88,True,0,,,False
89,1,28,3,9,9,81,True,0,,,False
89,1,29,76,3,3,59,True,0,,,False
89,1,30,72,4,4,15,True,1,,,False
89,1,31,85,-10,79,85,True,1,3,3,True
89,1,32,11,-14,75,17,True,1,,,False
89,1,33,4,12,12,19,True,1,,,False
89,1,34,40,12,12,76,True,1,,,False
89,1,35,44,-6,83,54,True,1,,,False
89,1,36,64,4,4,79,True,1,,,False
89,1,37,38,-5,84,23,True,0,,,False
89,1,38,86,17,17,42,True,0,,,False
89,1,39,12,-15,74,43,True,0,,,False
89,1,40,54,6,6,12,True,3,,,False
89,1,41,59,6,6,4,True,3,,,False
89,1,42,82,-7,82,28,True,0,,,False
89,1,43,15,-5,84,39,True,0,,,False
89,1,44,80,6,6,73,True,1,,,False
89,3,0,37,-16,73,0,True,1,0,0,True
89,3,1,83,6,6,31,True,1,,,False
89,3,2,63,-10,79,75,True,1,3,3,True
89,3,3,73,9,9,36,True,0,,,False
89,3,4,43,-12,77,13,True,1,,,False
89,3,5,45,1,1,69,True,0,,,False
89,3,6,66,0,0,57,False,1,,,False
89,3,7,75,16,16,61,True,1,,,True
89,3,8,65,12,12,49,True,1,,,False
89,3,9,52,0,0,83,False,1,,,False
89,3,10,87,5,5,82,True,0,,,False
89,3,11,14,-12,77,7,True,1,,,False
89,3,12,1,6,6,54,True,3,,,False
89,3,13,6,0,0,47,False,1,,,False
89,3,14,31,4,4,65,True,1,,,False
89,3,15,57,9,9,24,True,0,,,False
89,3,16,17,-10,79,26,True,3,2,2,True
89,3,17,81,1,1,10,True,0,,,False
89,3,18,71,-13,76,69,True,0,,,False
89,3,19,56,2,2,76,True,1,,,False
89,3,20,55,6,6,13,True,3,,,False
89,3,22,20,7,7,17,True,0,,,False
89,3,23,30,6,6,3,True,1,,,False
89,3,24,69,-1,88,60,True,0,,,False
89,3,25,84,7,7,50,True,0,,,False
89,3,26,51,14,14,87,True,1,,,False
89,3,27,24,18,18,73,True,1,,,False
89,3,28,16,-15,74,63,True,0,,,False
89,3,29,60,-10,79,42,True,1,3,3,True
89,3,30,36,-13,76,70,True,0,,,False
89,3,31,53,3,3,36,True,0,,,False
89,3,32,23,2,2,41,True,1,,,False
89,3,33,70,-14,75,22,True,1,,,False
89,3,34,79,-18,71,33,True,3,,,False
89,3,35,7,0,0,81,False,1,,,False
89,3,36,39,2,2,79,True,3,,,False
89,3,37,32,-15,74,85,True,0,,,False
89,3,38,21,-6,83,85,True,3,,,False
89,3,39,42,14,14,27,True,3,,,False
89,3,40,74,8,8,88,True,1,,,False
89,3,41,5,-9,80,12,True,0,,,False
89,3,42,47,11,11,84,True,0,,,False
89,3,43,13,0,0,19,False,1,,,False
89,3,44,61,-2,87,68,True,1,,,False
89,5,0,37,-10,79,0,True,3,0,0,True
89,5,1,78,12,12,29,True,1,,,False
89,5,2,72,-4,85,71,True,1,,,False
89,5,3,80,-6,83,52,True,1,,,False
89,5,4,76,-3,86,53,True,0,,,False
89,5,5,29,2,2,38,True,3,,,False
89,5,6,22,10,10,88,True,1,3,3,True
89,5,7,8,4,4,18,True,1,,,False
89,5,8,85,10,10,76,True,1,3,3,True
89,5,9,15,5,5,29,True,0,,,False
89,5,10,3,-9,80,26,True,0,,,False
89,5,11,18,-8,81,66,True,1,,,False
89,5,12,49,6,6,25,True,1,,,False
89,5,13,19,-15,74,7,True,0,,,False
89,5,14,11,14,14,33,True,1,,,False
89,5,15,82,7,7,87,True,0,,,False
89,5,16,28,-9,80,70,True,0,,,False
89,5,17,68,-8,81,62,True,1,,,False
89,5,18,46,-10,79,61,True,3,2,2,True
89,5,19,88,6,6,79,True,1,,,False
89,5,20,4,-12,77,84,True,1,,,False
89,5,21,59,-6,83,76,True,3,,,False
89,5,22,62,-14,75,45,True,3,,,False
89,5,23,58,-3,86,2,True,0,,,False
89,5,24,33,15,15,22,True,0,,,False
89,5,25,35,1,1,65,True,0,,,False
89,5,26,40,-12,77,69,True,1,,,False
89,5,27,54,-6,83,50,True,3,,,False
89,5,28,67,-2,87,48,True,1,,,False
89,5,29,41,6,6,9,True,3,,,False
89,5,30,9,6,6,49,True,1,,,False
89,5,31,50,-6,83,60,True,1,,,False
89,5,32,44,6,6,42,True,1,,,False
89,5,33,12,15,15,16,True,0,,,False
89,5,34,25,16,16,52,True,1,,,True
89,5,35,48,11,11,7,True,0,,,False
89,5,36,10,8,8,77,True,1,,,False
89,5,37,2,-14,75,19,True,1,,,False
89,5,38,64,-4,85,12,True,1,,,False
89,5,39,86,-17,72,86,True,0,,,False
89,5,40,77,3,3,62,True,0,,,False
89,5,41,34,18,18,71,True,1,,,False
89,5,42,26,-10,79,66,True,3,1,1,True
89,5,43,27,-3,86,21,True,0,,,False
89,5,44,38,5,5,8,True,0,,,False
89,13,0,37,16,16,0,True,1,0,0,True
89,13,1,32,15,15,30,True,0,,,False
89,13,2,57,-9,80,2,True,0,,,False
89,13,3,20,-7,82,6,True,0,,,False
89,13,4,36,13,13,80,True,0,,,False
89,13,5,75,-16,73,32,True,1,,,True
89,13,6,61,2,2,24,True,1,,,False
89,13,7,65,-12,77,56,True,1,,,False
89,13,8,60,10,10,41,True,1,3,3,True
89,13,9,30,-6,83,67,True,1,,,False
89,13,10,31,-4,85,2,True,1,,,False
89,13,11,21,6,6,59,True,3,,,False
89,13,12,83,-6,83,10,True,1,,,False
89,13,13,39,-2,87,75,True,3,,,False
89,13,14,17,10,10,17,True,3,2,2,True
89,13,16,53,-3,86,3,True,0,,,False
89,13,17,66,0,0,62,False,1,,,False
89,13,18,13,0,0,80,False,1,,,False
89,13,19,52,0,0,44,False,1,,,False
89,13,20,16,15,15,17,True,0,,,False
89,13,21,69,1,1,5,True,0,,,False
89,13,22,6,0,0,48,False,1,,,False
89,13,23,42,-14,75,69,True,3,,,False
89,13,24,63,10,10,73,True,1,3,3,True
89,13,25,7,0,0,60,False,1,,,False
89,13,26,81,-1,88,75,True,0,,,False
89,13,27,55,-6,83,36,True,3,,,False
89,13,28,23,-2,87,85,True,1,,,False
89,13,29,45,-1,88,61,True,0,,,False
89,13,30,47,-11,78,82,True,0,,,False
89,13,31,87,-5,84,81,True,0,,,False
89,13,32,24,-18,71,31,True,1,,,False
89,13,33,84,-7,82,19,True,0,,,False
89,13,34,1,-6,83,40,True,3,,,False
89,13,35,74,-8,81,37,True,1,,,False
89,13,36,73,-9,80,3,True,0,,,False
89,13,37,79,18,18,64,True,3,,,False
89,13,38,71,13,13,28,True,0,,,False
89,13,39,56,-2,87,53,True,1,,,False
89,13,40,70,14,14,76,True,1,,,False
89,13,41,43,12,12,36,True,1,,,False
89,13,42,5,9,9,88,True,0,,,False
89,13,43,14,12,12,8,True,1,,,False
89,13,44,51,-14,75,15,True,1,,,False
97,0,1,0,14,14,0,True,3,0,0,True
97,0,2,0,-19,78,0,True,0,0,0,True
97,0,4,0,5,5,0,True,0,0,0,True
97,0,5,0,19,19,0,True,0,0,0,True
97,0,10,0,-5,92,0,True,0,0,0,True
97,0,19,0,-14,83,0,True,3,0,0,True
97,1,0,79,18,18,0,True,3,0,0,True
97,1,1,54,1,1,80,True,0,,,False
97,1,2,34,-6,91,16,True,1,,,False
97,1,3,81,1,1,44,True,0,,,False
97,1,4,47,9,9,85,True,0,,,False
97,1,6,85,-18,79,71,True,3,1,1,True
97,1,7,43,17,17,79,True,0,,,False
97,1,8,19,-18,79,58,True,1,2,2,True
97,1,9,60,8,8,96,True,1,,,True
97,1,10,6,2,2,21,True,3,,,False
97,1,11,35,-7,90,22,True,0,,,False
97,1,12,91,1,1,63,True,0,,,False
97,1,13,88,5,5,96,True,0,,,True
97,1,14,69,-10,87,55,True,1,,,False
97,1,15,75,9,9,80,True,0,,,False
97,1,16,41,2,2,78,True,1,,,False
97,1,17,48,-2,95,27,True,3,,,False
97,1,18,32,-5,92,38,True,0,,,True
97,1,19,10,2,2,49,True,1,,,False
97,1,20,40,14,14,75,True,1,3,3,True
97,1,21,23,4,4,20,True,1,,,False
97,1,22,20,0,0,85,False,1,,,False
97,1,23,39,16,16,31,True,1,,,False
97,1,24,95,7,7,42,True,0,,,False
97,1,25,25,11,11,42,True,0,,,False
97,1,26,74,-10,87,19,True,1,,,False
97,1,27,18,-17,80,43,True,0,,,False
97,1,28,42,6,6,52,True,1,,,False
97,1,29,84,-2,95,28,True,1,,,False
97,1,30,31,-2,95,73,True,3,,,False
97,1,31,21,-8,89,86,True,1,,,True
97,1,32,59,-14,83,12,True,1,3,3,True
97,1,33,44,-10,87,45,True,3,,,False
97,1,34,4,-7,90,21,True,0,,,False
97,1,35,61,-2,95,58,True,3,,,False
97,1,36,45,8,8,48,True,1,,,True
97,1,37,51,-12,85,32,True,1,,,False
97,1,38,36,2,2,34,True,3,,,False
97,1,39,37,-2,95,26,True,1,,,False
97,1,40,28,12,12,95,True,1,,,False
97,1,41,92,-16,81,63,True,1,,,False
97,1,42,5,-8,89,14,True,1,,,True
97,1,43,58,4,4,14,True,1,,,False
97,1,44,38,-16,81,67,True,1,,,False
97,1,45,56,14,14,76,True,1,3,3,True
97,1,46,73,13,13,55,True,0,,,False
97,1,47,9,13,13,92,True,0,,,False
97,1,48,70,3,3,86,True,0,,,False
97,2,0,79,-18,79,0,True,3,0,0,True
97,2,1,56,-14,83,94,True,1,3,3,True
97,2,2,43,-17,80,58,True,0,,,False
97,2,3,36,-2,95,88,True,3,,,False
97,2,4,69,10,10,6,True,1,,,False
97,2,5,21,8,8,40,True,1,,,True
97,2,6,23,-4,93,11,True,1,,,False
97,2,7,95,-7,90,6,True,0,,,False
97,2,8,42,-6,91,48,True,1,,,False
97,2,9,48,2,2,87,True,3,,,False
97,2,10,61,2,2,61,True,3,,,False
97,2,11,6,-2,95,3,True,3,,,False
97,2,12,5,8,8,95,True,1,,,True
97,2,13,81,-1,96,34,True,0,,,False
97,2,14,70,-3,94,40,True,0,,,False
97,2,15,47,-9,88,71,True,0,,,False
97,2,16,92,16,16,9,True,1,,,False
97,2,17,35,7,7,80,True,0,,,False
97,2,18,4,7,7,3,True,0,,,False
97,2,19,32,5,5,50,True,0,,,True
97,2,20,18,17,17,20,True,0,,,False
97,2,21,25,-11,86,91,True,0,,,False
97,2,22,40,-14,83,80,True,1,3,3,True
97,2,23,59,14,14,26,True,1,3,3,True
97,2,24,88,-5,92,83,True,0,,,True
97,2,25,37,2,2,24,True,1,,,False
97,2,26,85,18,18,24,True,3,1,1,True
97,2,27,73,-13,84,6,True,0,,,False
97,2,28,54,-1,96,44,True,0,,,False
97,2,29,38,16,16,65,True,1,,,False
97,2,30,19,18,18,61,True,1,2,2,True
97,2,31,51,12,12,60,True,1,,,False
97,2,32,75,-9,88,44,True,0,,,False
97,2,33,31,2,2,52,True,3,,,False
97,2,34,20,0,0,71,False,1,,,False
97,2,35,39,-16,81,46,True,1,,,False
97,2,36,84,2,2,93,True,1,,,False
97,2,37,41,-2,95,25,True,1,,,False
97,2,38,45,-8,89,7,True,1,,,True
97,2,39,60,-8,89,83,True,1,,,True
97,2,40,58,-4,93,95,True,1,,,False
97,2,41,34,6,6,30,True,1,,,False
97,2,42,9,-13,84,27,True,0,,,False
97,2,44,28,-12,85,69,True,1,,,False
97,2,45,91,-1,96,88,True,0,,,False
97,2,46,44,10,10,48,True,3,,,False
97,2,47,10,-2,95,90,True,1,,,False
97,2,48,74,10,10,72,True,1,,,False
97,5,0,79,8,8,0,True,1,0,0,True
97,5,1,49,-10,87,91,True,1,,,False
97,5,2,12,-6,91,16,True,1,,,False
97,5,3,17,7,7,95,True,0,,,False
97,5,4,2,4,4,94,True,1,,,False
97,5,5,46,10,10,57,True,3,,,False
97,5,6,64,-18,79,23,True,1,2,2,True
97,5,7,62,2,2,67,True,1,,,False
97,5,8,90,-7,90,38,True,0,,,False
97,5,9,16,-10,87,16,True,1,,,False
97,5,10,76,14,14,96,True,3,2,2,True
97,5,11,29,7,7,82,True,0,,,False
97,5,12,22,-12,85,67,True,1,,,False
97,5,13,93,-2,95,57,True,1,,,False
97,5,14,72,8,8,60,True,1,,,True
97,5,15,96,12,12,74,True,1,,,False
97,5,16,66,14,14,93,True,1,3,3,True
97,5,17,89,-8,89,71,True,1,,,True
97,5,18,80,-10,87,82,True,3,,,False
97,5,19,77,-9,88,33,True,0,,,False
97,5,20,55,-15,82,48,True,0,,,False
97,5,21,30,-1,96,18,True,0,,,False
97,5,22,71,1,1,21,True,0,,,False
97,5,23,8,10,10,12,True,1,,,False
97,5,24,83,14,14,54,True,3,2,2,True
97,5,25,26,17,17,73,True,0,,,False
97,5,26,57,-19,78,55,True,0,,,True
97,5,27,3,2,2,46,True,1,,,False
97,5,28,53,8,8,93,True,1,,,True
97,5,29,13,11,11,40,True,0,,,False
97,5,30,63,-6,91,37,True,3,,,False
97,5,31,65,-2,95,12,True,1,,,False
97,5,32,82,13,13,6,True,0,,,False
97,5,33,87,5,5,40,True,0,,,True
97,5,34,94,-4,93,32,True,1,,,False
97,5,35,24,10,10,12,True,1,,,False
97,5,36,27,-12,85,13,True,1,,,False
97,5,37,1,0,0,35,False,1,,,False
97,5,38,67,3,3,15,True,0,,,False
97,5,39,86,8,8,47,True,1,,,True
97,5,40,14,-5,92,29,True,0,,,True
97,5,41,52,3,3,93,True,0,,,False
97,5,42,68,-14,83,89,True,3,1,1,True
97,5,43,33,-12,85,95,True,1,,,False
97,5,44,78,6,6,67,True,3,,,False
97,5,45,15,-2,95,83,True,3,,,False
97,5,46,50,-6,91,62,True,1,,,False
97,5,47,7,13,13,4,True,0,,,False
97,5,48,11,-16,81,6,True,1,,,False
97,7,0,79,-8,89,0,True,1,0,0,True
97,7,1,53,-8,89,10,True,1,,,True
97,7,2,52,-3,94,87,True,0,,,False
97,7,3,93,2,2,94,True,1,,,False
97,7,4,96,-12,85,9,True,1,,,False
97,7,5,33,12,12,5,True,1,,,False
97,7,6,57,19,19,89,True,0,,,True
97,7,7,12,6,6,57,True,1,,,False
97,7,8,63,6,6,53,True,3,,,False
97,7,9,86,-8,89,69,True,1,,,True
97,7,10,29,-7,90,11,True,0,,,False
97,7,11,89,8,8,65,True,1,,,True
97,7,12,15,2,2,35,True,3,,,False
97,7,13,83,-14,83,38,True,3,2,2,True
97,7,14,2,-4,93,56,True,1,,,False
97,7,15,82,-13,84,82,True,0,,,False
97,7,16,1,0,0,39,False,1,,,False
97,7,17,16,10,10,40,True,1,,,False
97,7,18,77,9,9,63,True,0,,,False
97,7,19,7,-13,84,87,True,0,,,False
97,7,20,71,-1,96,4,True,0,,,False
97,7,21,64,18,18,88,True,1,2,2,True
97,7,22,94,4,4,17,True,1,,,False
97,7,23,24,-10,87,30,True,1,,,False
97,7,24,62,-2,95,22,True,1,,,False
97,7,25,30,1,1,52,True,0,,,False
97,7,26,11,16,16,15,True,1,,,False
97,7,27,55,15,15,23,True,0,,,False
97,7,28,90,7,7,2,True,0,,,False
97,7,29,27,12,12,16,True,1,,,False
97,7,30,87,-5,92,3,True,0,,,True
97,7,31,46,-10,87,94,True,3,,,False
97,7,32,8,-10,87,67,True,1,,,False
97,7,33,50,6,6,58,True,1,,,False
97,7,34,80,10,10,11,True,3,,,False
97,7,35,76,-14,83,51,True,3,2,2,True
97,7,36,67,-3,94,11,True,0,,,False
97,7,37,65,2,2,30,True,1,,,False
97,7,38,17,-7,90,92,True,0,,,False
97,7,39,26,-17,80,60,True,0,,,False
97,7,40,78,-6,91,22,True,3,,,False
97,7,41,66,-14,83,87,True,1,3,3,True
97,7,42,22,12,12,75,True,1,,,False
97,7,43,14,5,5,73,True,0,,,True
97,7,44,13,-11,86,3,True,0,,,False
97,7,45,49,10,10,82,True,1,,,False
97,7,46,3,-2,95,79,True,1,,,False
97,7,47,68,14,14,77,True,3,1,1,True
97,7,48,72,-8,89,53,True,1,,,True
101,0,1,0,0,0,98,False,1,,,False
101,0,2,0,0,0,78,False,1,,,False
101,1,0,11,2,2,0,True,3,0,0,True
101,1,1,34,-3,98,99,True,0,,,False
101,1,2,4,2,2,54,True,1,,,True
101,1,3,93,15,15,8,True,0,,,False
101,1,4,14,4,4,7,True,1,,,False
101,1,5,85,-10,91,33,True,1,,,False
101,1,6,70,-10,91,81,True,1,,,False
101,1,7,32,-13,88,44,True,0,,,False
101,1,8,77,2,2,41,True,1,,,True
101,1,9,67,-17,84,24,True,0,,,False
101,1,10,42,-2,99,57,True,3,,,True
101,1,11,84,-12,89,17,True,1,,,False
101,1,12,27,6,6,39,True,3,,,False
101,1,13,2,3,3,92,True,0,,,False
101,1,14,1,-18,83,4,True,1,,,False
101,1,15,98,6,6,56,True,3,,,False
101,1,16,43,-18,83,66,True,1,,,False
101,1,17,89,11,11,29,True,0,,,False
101,1,18,68,6,6,0,True,1,,,False
101,1,19,21,0,0,56,False,1,,,False
101,1,20,19,4,4,74,True,1,,,False
101,1,21,37,-2,99,62,True,1,,,True
101,1,22,48,15,15,63,True,0,,,False
101,1,23,80,12,12,90,True,1,,,False
101,1,24,22,-6,95,96,True,1,,,False
101,1,25,71,-14,87,42,True,1,,,False
101,1,26,75,15,15,13,True,0,,,False
101,1,27,45,6,6,2,True,1,,,False
101,1,28,52,10,10,35,True,1,,,False
101,1,29,69,-2,99,14,True,3,,,True
101,1,30,7,18,18,66,True,3,,,False
101,1,31,60,6,6,39,True,3,,,False
101,1,32,99,1,1,7,True,0,,,False
101,1,33,28,-6,95,38,True,3,,,False
101,1,34,64,0,0,68,False,1,,,False
101,1,35,63,-19,82,54,True,0,,,False
101,1,36,13,16,16,88,True,1,,,False
101,1,37,44,-15,86,25,True,0,,,False
101,1,38,41,10,10,28,True,3,,,False
101,1,39,10,3,3,86,True,0,,,False
101,1,40,15,3,3,81,True,0,,,False
101,1,41,78,12,12,33,True,1,,,False
101,1,42,9,8,8,61,True,1,,,False
101,1,43,35,-9,92,4,True,0,,,False
101,1,44,23,10,10,32,True,1,,,False
101,1,45,49,10,10,5,True,1,,,False
101,1,46,12,-7,94,77,True,0,,,False
101,1,47,100,-14,87,22,True,1,,,False
101,1,48,90,-3,98,82,True,0,,,False
101,1,49,97,-8,93,85,True,1,,,False
101,1,50,91,-7,94,8,True,0,,,False
101,2,0,11,20,20,0,True,1,0,0,True
101,2,1,83,10,10,85,True,1,,,False
101,2,2,66,0,0,51,False,1,,,False
101,2,3,74,6,6,39,True,1,,,False
101,2,4,53,-18,83,67,True,1,,,False
101,2,6,76,9,9,65,True,0,,,False
101,2,7,18,-4,97,25,True,1,,,False
101,2,8,81,10,10,10,True,3,,,False
101,2,9,51,-14,87,88,True,1,,,False
101,2,10,30,-6,95,23,True,3,,,False
101,2,11,55,-8,93,21,True,1,,,False
101,2,12,24,-10,91,8,True,3,,,False
101,2,13,3,0,0,19,False,1,,,False
101,2,14,61,-16,85,13,True,1,,,False
101,2,15,87,7,7,39,True,0,,,False
101,2,16,95,-9,92,40,True,0,,,False
101,2,17,20,-3,98,50,True,0,,,False
101,2,18,94,-2,99,68,True,1,,,True
101,2,19,59,0,0,14,False,1,,,False
101,2,20,6,14,14,67,True,3,,,False
101,2,21,36,-5,96,61,True,0,,,False
101,2,22,96,17,17,74,True,0,,,False
101,2,23,73,-12,89,27,True,1,,,False
101,2,24,5,-13,88,70,True,0,,,False
101,2,25,29,-12,89,68,True,1,,,False
101,2,26,50,2,2,95,True,1,1,1,True
101,2,27,58,11,11,97,True,0,,,False
101,2,28,86,12,12,36,True,1,,,False
101,2,29,54,-14,87,38,True,3,,,False
101,2,30,17,5,5,30,True,0,,,False
101,2,31,16,-1,100,100,True,0,,,False
101,2,32,25,15,15,36,True,0,,,False
101,2,33,8,-12,89,78,True,1,,,False
101,2,34,62,-6,95,68,True,1,,,False
101,2,35,65,-6,95,37,True,3,,,False
101,2,36,33,5,5,15,True,0,,,False
101,2,37,40,14,14,13,True,1,,,False
101,2,38,46,4,4,4,True,1,,,False
101,2,39,57,0,0,31,False,1,,,False
101,2,40,88,10,10,91,True,3,,,False
101,2,41,31,-9,92,47,True,0,,,False
101,2,42,38,-18,83,21,True,1,,,False
101,2,43,72,12,12,42,True,1,,,False
101,2,44,47,-7,94,0,True,0,,,False
101,2,45,39,-6,95,69,True,1,,,False
101,2,46,26,8,8,41,True,1,,,False
101,2,47,79,18,18,23,True,3,,,False
101,2,48,82,-3,98,6,True,0,,,False
101,2,49,92,11,11,7,True,0,,,False
101,2,50,56,3,3,74,True,0,,,False
101,4,0,11,-2,99,0,True,3,0,0,True
101,4,1,41,-10,91,45,True,3,,,False
101,4,2,71,14,14,84,True,1,,,False
101,4,3,2,-3,98,18,True,0,,,False
101,4,4,91,7,7,16,True,0,,,False
101,4,5,27,-6,95,78,True,3,,,False
101,4,6,75,-15,86,75,True,0,,,False
101,4,7,44,15,15,50,True,0,,,False
101,4,8,34,3,3,4,True,0,,,False
101,4,9,10,-3,98,30,True,0,,,False
101,4,10,22,6,6,91,True,1,,,False
101,4,11,1,18,18,93,True,1,,,False
101,4,12,97,8,8,69,True,1,,,False
101,4,13,84,12,12,34,True,1,,,False
101,4,14,45,-6,95,97,True,1,,,False
101,4,15,13,-16,85,75,True,1,,,False
101,4,16,4,-2,99,94,True,1,,,True
101,4,17,15,-3,98,40,True,0,,,False
101,4,18,80,-12,89,79,True,1,,,False
101,4,19,98,-6,95,90,True,3,,,False
101,4,20,90,3,3,63,True,0,,,False
101,4,21,42,2,2,13,True,3,,,True
101,4,22,52,-10,91,31,True,1,,,False
101,4,23,63,19,19,7,True,0,,,False
101,4,24,93,-15,86,85,True,0,,,False
101,4,25,78,-12,89,35,True,1,,,False
101,4,26,48,-15,86,25,True,0,,,False
101,4,27,43,18,18,70,True,1,,,False
101,4,28,100,14,14,44,True,1,,,False
101,4,29,67,17,17,48,True,0,,,False
101,4,30,69,2,2,73,True,3,,,True
101,4,31,64,0,0,35,False,1,,,False
101,4,32,14,-4,97,87,True,1,,,False
101,4,33,9,-8,93,80,True,1,,,False
101,4,34,37,2,2,23,True,1,,,True
101,4,35,89,-11,90,43,True,0,,,False
101,4,36,12,7,7,53,True,0,,,False
101,4,37,77,-2,99,82,True,1,,,True
101,4,38,7,-18,83,70,True,3,,,False
101,4,39,28,6,6,76,True,3,,,False
101,4,40,85,10,10,35,True,1,,,False
101,4,41,35,9,9,93,True,0,,,False
101,4,42,19,-4,97,47,True,1,,,False
101,4,43,68,-6,95,0,True,1,,,False
101,4,44,49,-10,91,10,True,1,,,False
101,4,45,32,13,13,88,True,0,,,False
101,4,46,60,-6,95,23,True,3,,,False
101,4,47,99,-1,100,14,True,0,,,False
101,4,48,70,10,10,40,True,1,,,False
101,4,49,23,-10,91,37,True,1,,,False
101,4,50,21,0,0,11,False,1,,,False
101,8,0,11,-20,81,0,True,1,0,0,True
101,8,1,46,-4,97,93,True,1,,,False
101,8,2,29,12,12,35,True,1,,,False
101,8,3,3,0,0,63,False,1,,,False
101,8,4,56,-3,98,47,True,0,,,False
101,8,5,24,10,10,16,True,3,,,False
101,8,6,50,-2,99,12,True,1,1,1,True
101,8,7,40,-14,87,26,True,1,,,False
101,8,8,83,-10,91,32,True,1,,,False
101,8,9,57,0,0,39,False,1,,,False
101,8,10,5,13,13,39,True,0,,,False
101,8,11,61,16,16,75,True,1,,,False
101,8,12,92,-11,90,14,True,0,,,False
101,8,13,55,8,8,42,True,1,,,False
101,8,14,58,-11,90,8,True,0,,,False
101,8,15,33,-5,96,30,True,0,,,False
101,8,16,66,0,0,100,False,1,,,False
101,8,17,88,-10,91,20,True,3,,,False
101,8,18,73,12,12,54,True,1,,,False
101,8,19,87,-7,94,23,True,0,,,False
101,8,20,82,3,3,12,True,0,,,False
101,8,21,30,6,6,46,True,3,,,False
101,8,22,86,-12,89,29,True,1,,,False
101,8,23,65,6,6,74,True,3,,,False
101,8,24,74,-6,95,23,True,1,,,False
101,8,25,31,9,9,7,True,0,,,False
101,8,26,96,-17,84,47,True,0,,,False
101,8,27,95,9,9,21,True,0,,,False
101,8,28,79,-18,83,46,True,3,,,False
101,8,29,51,14,14,75,True,1,,,False
101,8,30,54,14,14,25,True,3,,,False
101,8,31,62,6,6,35,True,1,,,False
101,8,32,53,18,18,68,True,1,,,False
101,8,33,38,18,18,59,True,1,,,False
101,8,34,36,5,5,21,True,0,,,False
101,8,35,20,3,3,1,True,0,,,False
101,8,36,26,-8,93,82,True,1,,,False
101,8,37,81,-10,91,20,True,3,,,False
101,8,38,17,-5,96,41,True,0,,,False
101,8,39,8,12,12,55,True,1,,,False
101,8,41,72,-12,89,17,True,1,,,False
101,8,42,6,-14,87,33,True,3,,,False
101,8,43,94,2,2,66,True,1,,,True
101,8,44,39,6,6,37,True,1,,,False
101,8,45,18,4,4,50,True,1,,,False
101,8,46,16,1,1,2,True,0,,,False
101,8,47,25,-15,86,72,True,0,,,False
101,8,48,76,-9,92,72,True,0,,,False
101,8,49,47,7,7,0,True,0,,,False
101,8,50,59,0,0,28,False,1,,,False
103,0,1,0,20,20,0,True,3,0,0,True
103,0,2,0,-13,90,0,True,0,0,0,True
103,0,3,0,-20,83,0,True,3,0,0,True
103,0,4,0,-7,96,0,True,0,0,0,True
103,0,5,0,7,7,0,True,0,0,0,True
103,0,6,0,13,13,0,True,0,0,0,True
103,1,0,80,0,0,57,False,1,,,False
103,1,1,7,17,17,7,True,0,,,False
103,1,2,47,-16,87,44,True,1,,,False
103,1,3,48,-16,87,44,True,1,,,False
103,1,4,82,1,1,11,True,0,,,False
103,1,5,12,-2,101,38,True,1,,,False
103,1,6,78,-2,101,68,True,1,,,False
103,1,7,42,12,12,53,True,1,,,False
103,1,8,97,-4,99,26,True,3,,,False
103,1,9,85,-8,95,37,True,1,,,False
103,1,10,44,8,8,57,True,1,,,False
103,1,11,49,-16,87,64,True,3,,,False
103,1,12,51,2,2,69,True,1,,,False
103,1,13,68,11,11,19,True,0,,,False
103,1,14,29,8,8,24,True,3,,,False
103,1,15,57,-14,89,7,True,1,,,False
103,1,16,90,6,6,6,True,1,,,False
103,1,17,24,0,0,44,False,1,,,False
103,1,18,65,-10,93,66,True,1,,,False
103,1,19,33,1,1,55,True,0,,,False
103,1,20,102,-14,89,77,True,1,,,False
103,1,21,86,8,8,33,True,1,,,False
103,1,22,56,-7,96,62,True,0,,,True
103,1,23,58,4,4,99,True,3,,,False
103,1,24,38,-5,98,68,True,0,,,False
103,1,25,15,-19,84,64,True,0,,,False
103,1,26,54,-4,99,6,True,1,,,False
103,1,27,67,-4,99,28,True,1,,,False
103,1,28,2,13,13,69,True,0,,,True
103,1,29,81,15,15,15,True,0,,,False
103,1,30,23,0,0,35,False,3,,,False
103,1,31,39,4,4,12,True,1,,,False
103,1,32,41,11,11,38,True,0,,,False
103,1,33,22,14,14,27,True,1,,,False
103,1,34,31,6,6,63,True,1,,,False
103,1,35,20,-16,87,25,True,1,,,False
103,1,36,21,-10,93,50,True,1,,,False
103,1,37,71,4,4,95,True,1,,,False
103,1,38,73,-12,91,92,True,1,,,False
103,1,39,59,17,17,81,True,0,,,False
103,1,40,9,9,9,47,True,0,,,False
103,1,41,93,-12,91,67,True,3,,,False
103,1,42,101,2,2,6,True,1,,,False
103,1,43,18,1,1,28,True,0,,,False
103,1,44,62,-8,95,79,True,1,,,False
103,1,45,36,-7,96,30,True,0,,,True
103,1,46,60,-8,95,32,True,3,,,False
103,1,47,32,8,8,20,True,3,,,False
103,1,49,26,-19,84,31,True,0,,,False
103,1,50,98,-7,96,94,True,0,,,True
103,1,51,13,9,9,46,True,0,,,False
103,1,52,13,-9,94,46,True,0,,,False
103,1,53,98,7,7,94,True,0,,,True
103,1,54,26,19,19,31,True,0,,,False
103,1,56,32,-8,95,20,True,3,,,False
103,1,57,60,8,8,32,True,3,,,False
103,1,58,36,7,7,30,True,0,,,True
103,1,59,62,8,8,79,True,1,,,False
103,1,60,18,-1,102,28,True,0,,,False
103,1,61,101,-2,101,6,True,1,,,False
103,1,62,93,12,12,67,True,3,,,False
103,1,63,9,-9,94,47,True,0,,,False
103,1,64,59,-17,86,81,True,0,,,False
103,1,65,73,12,12,92,True,1,,,False
103,1,66,71,-4,99,95,True,1,,,False
103,1,67,21,10,10,50,True,1,,,False
103,1,68,20,16,16,25,True,1,,,False
103,1,69,31,-6,97,63,True,1,,,False
103,1,70,22,-14,89,27,True,1,,,False
103,1,71,41,-11,92,38,True,0,,,False
103,1,72,39,-4,99,12,True,1,,,False
103,1,73,23,0,0,35,False,3,,,False
103,1,74,81,-15,88,15,True,0,,,False
103,1,75,2,-13,90,69,True,0,,,True
103,1,76,67,4,4,28,True,1,,,False
103,1,77,54,4,4,6,True,1,,,False
103,1,78,15,19,19,64,True,0,,,False
103,1,79,38,5,5,68,True,0,,,False
103,1,80,58,-4,99,99,True,3,,,False
103,1,81,56,7,7,62,True,0,,,True
103,1,82,86,-8,95,33,True,1,,,False
103,1,83,102,14,14,77,True,1,,,False
103,1,84,33,-1,102,55,True,0,,,False
103,1,85,65,10,10,66,True,1,,,False
103,1,86,24,0,0,44,False,1,,,False
103,1,87,90,-6,97,6,True,1,,,False
103,1,88,57,14,14,7,True,1,,,False
103,1,89,29,-8,95,24,True,3,,,False
103,1,90,68,-11,92,19,True,0,,,False
103,1,91,51,-2,101,69,True,1,,,False
103,1,92,49,16,16,64,True,3,,,False
103,1,93,44,-8,95,57,True,1,,,False
103,1,94,85,8,8,37,True,1,,,False
103,1,95,97,4,4,26,True,3,,,False
103,1,96,42,-12,91,53,True,1,,,False
103,1,97,78,2,2,68,True,1,,,False
103,1,98,12,2,2,38,True,1,,,False
103,1,99,82,-1,102,11,True,0,,,False
103,1,100,48,16,16,44,True,1,,,False
103,1,101,47,16,16,44,True,1,,,False
103,1,102,7,-17,86,7,True,0,,,False
103,3,0,80,0,0,48,False,3,,,False
103,3,1,64,-4,99,25,True,1,,,False
103,3,2,40,-16,87,101,True,3,,,False
103,3,3,88,5,5,25,True,0,,,False
103,3,4,16,-10,93,68,True,1,,,False
103,3,5,43,8,8,29,True,3,,,False
103,3,6,8,6,6,81,True,1,,,False
103,3,7,76,18,18,70,True,1,,,False
103,3,8,35,13,13,61,True,0,,,True
103,3,9,28,-20,83,69,True,1,1,1,True
103,3,10,11,7,7,17,True,0,,,True
103,3,11,52,4,4,32,True,1,,,False
103,3,12,30,-6,97,26,True,1,,,False
103,3,13,34,0,0,94,False,1,,,False
103,3,14,84,-16,87,55,True,3,,,False
103,3,15,99,-16,87,72,True,3,,,False
103,3,16,25,-4,99,75,True,1,,,False
103,3,17,83,-4,99,30,True,1,,,False
103,3,18,6,-5,98,35,True,0,,,False
103,3,19,94,3,3,83,True,0,,,False
103,3,20,63,8,8,52,True,1,,,False
103,3,21,69,0,0,43,False,3,,,False
103,3,22,53,-1,102,26,True,0,,,False
103,3,23,75,-13,90,82,True,0,,,True
103,3,24,100,-4,99,60,True,1,,,False
103,3,25,1,-6,97,97,True,1,,,False
103,3,26,55,14,14,49,True,1,,,False
103,3,27,61,-6,97,29,True,1,,,False
103,3,28,14,-12,91,8,True,1,,,False
103,3,29,79,-6,97,94,True,1,,,False
103,3,30,4,-8,95,33,True,1,,,False
103,3,31,3,-13,90,57,True,0,,,True
103,3,32,46,-10,93,93,True,1,,,False
103,3,33,95,9,9,70,True,0,,,False
103,3,34,50,-14,89,38,True,1,,,False
103,3,35,72,6,6,67,True,1,,,False
103,3,36,5,8,8,1,True,3,,,False
103,3,37,70,8,8,95,True,3,,,False
103,3,38,19,-14,89,11,True,1,,,False
103,3,39,87,-1,102,41,True,0,,,False
103,3,40,77,5,5,67,True,0,,,False
103,3,41,17,14,14,53,True,1,,,False
103,3,42,37,15,15,9,True,0,,,False
103,3,43,92,-16,87,96,True,1,,,False
103,3,44,66,-18,85,93,True,1,,,False
103,3,45,96,-11,92,94,True,0,,,False
103,3,46,74,-1,102,19,True,0,,,False
103,3,47,27,3,3,39,True,0,,,False
103,3,48,91,14,14,41,True,1,,,False
103,3,49,89,4,4,81,True,3,,,False
103,3,50,10,-5,98,100,True,0,,,False
103,3,51,45,-11,92,74,True,0,,,False
103,3,52,45,11,11,74,True,0,,,False
103,3,53,10,5,5,100,True,0,,,False
103,3,54,89,-4,99,81,True,3,,,False
103,3,55,91,-14,89,41,True,1,,,False
103,3,56,27,-3,100,39,True,0,,,False
103,3,57,74,1,1,19,True,0,,,False
103,3,58,96,11,11,94,True,0,,,False
103,3,59,66,18,18,93,True,1,,,False
103,3,60,92,16,16,96,True,1,,,False
103,3,61,37,-15,88,9,True,0,,,False
103,3,62,17,-14,89,53,True,1,,,False
103,3,63,77,-5,98,67,True,0,,,False
103,3,64,87,1,1,41,True,0,,,False
103,3,65,19,14,14,11,True,1,,,False
103,3,66,70,-8,95,95,True,3,,,False
103,3,67,5,-8,95,1,True,3,,,False
103,3,68,72,-6,97,67,True,1,,,False
103,3,69,50,14,14,38,True,1,,,False
103,3,70,95,-9,94,70,True,0,,,False
103,3,71,46,10,10,93,True,1,,,False
103,3,72,3,13,13,57,True,0,,,True
103,3,73,4,8,8,33,True,1,,,False
103,3,74,79,6,6,94,True,1,,,False
103,3,75,14,12,12,8,True,1,,,False
103,3,76,61,6,6,29,True,1,,,False
103,3,77,55,-14,89,49,True,1,,,False
103,3,78,1,6,6,97,True,1,,,False
103,3,79,100,4,4,60,True,1,,,False
103,3,80,75,13,13,82,True,0,,,True
103,3,81,53,1,1,26,True,0,,,False
103,3,82,69,0,0,43,False,3,,,False
103,3,83,63,-8,95,52,True,1,,,False
103,3,84,94,-3,100,83,True,0,,,False
103,3,85,6,5,5,35,True,0,,,False
103,3,86,83,4,4,30,True,1,,,False
103,3,87,25,4,4,75,True,1,,,False
103,3,88,99,16,16,72,True,3,,,False
103,3,89,84,16,16,55,True,3,,,False
103,3,90,34,0,0,94,False,1,,,False
103,3,91,30,6,6,26,True,1,,,False
103,3,92,52,-4,99,32,True,1,,,False
103,3,93,11,-7,96,17,True,0,,,True
103,3,94,28,20,20,69,True,1,1,1,True
103,3,95,35,-13,90,61,True,0,,,True
103,3,96,76,-18,85,70,True,1,,,False
103,3,97,8,-6,97,81,True,1,,,False
103,3,98,43,-8,95,29,True,3,,,False
103,3,99,16,10,10,68,True,1,,,False
103,3,100,88,-5,98,25,True,0,,,False
103,3,101,40,16,16,101,True,3,,,False
103,3,102,64,4,4,25,True,1,,,False
107,0,1,0,0,0,85,False,1,,,False
107,0,2,0,0,0,25,False,1,,,False
107,1,0,16,0,0,42,False,1,,,False
107,1,1,78,3,3,73,True,0,,,False
107,1,2,77,-12,95,99,True,3,,,False
107,1,3,83,-18,89,77,True,1,,,False
107,1,4,8,1,1,46,True,0,,,False
107,1,5,48,18,18,58,True,1,,,False
107,1,6,79,-14,93,9,True,1,,,False
107,1,7,106,-17,90,9,True,0,,,False
107,1,8,46,-12,95,47,True,3,,,False
107,1,9,60,1,1,4,True,0,,,False
107,1,10,76,16,16,28,True,1,,,False
107,1,11,87,-12,95,30,True,1,,,False
107,1,12,23,-4,103,21,True,1,,,False
107,1,13,17,-3,104,102,True,0,,,False
107,1,14,86,6,6,64,True,1,,,False
107,1,15,61,-4,103,42,True,1,,,False
107,1,16,45,15,15,17,True,0,,,False
107,1,17,91,-3,104,83,True,0,,,False
107,1,18,36,18,18,23,True,1,,,False
107,1,19,81,0,0,30,False,1,,,False
107,1,20,50,13,13,60,True,0,,,False
107,1,21,90,-6,101,35,True,1,,,False
107,1,22,63,-12,95,58,True,3,,,False
107,1,23,47,0,0,9,False,1,,,False
107,1,24,12,18,18,31,True,1,,,False
107,1,25,65,-19,88,14,True,0,,,False
107,1,26,95,13,13,94,True,0,,,False
107,1,27,43,-4,103,37,True,3,,,False
107,1,28,26,4,4,28,True,3,,,False
107,1,29,42,8,8,27,True,1,,,False
107,1,30,97,4,4,13,True,3,,,False
107,1,31,3,-16,91,77,True,1,,,False
107,1,32,20,-3,104,92,True,0,,,False
107,1,33,44,4,4,67,True,1,,,False
107,1,34,13,-20,87,67,True,1,,,False
107,1,35,4,12,12,38,True,1,,,False
107,1,36,55,9,9,87,True,0,,,False
107,1,37,100,6,6,98,True,1,,,False
107,1,38,89,-10,97,65,True,1,,,False
107,1,39,34,-4,103,4,True,1,,,False
107,1,40,33,4,4,42,True,1,,,False
107,1,41,40,-14,93,10,True,1,,,False
107,1,42,73,-3,104,18,True,0,,,False
107,1,43,80,15,15,39,True,0,,,False
107,1,44,51,11,11,14,True,0,,,False
107,1,45,32,8,8,56,True,3,,,False
107,1,46,75,2,2,93,True,1,,,False
107,1,47,37,-8,99,45,True,1,,,False
107,1,48,68,9,9,12,True,0,,,False
107,1,49,72,0,0,28,False,3,,,False
107,1,50,28,9,9,64,True,0,,,False
107,1,51,62,2,2,46,True,1,,,False
107,1,52,58,3,3,77,True,0,,,False
107,1,53,103,8,8,33,True,3,,,False
107,1,54,103,-8,99,33,True,3,,,False
107,1,55,58,-3,104,77,True,0,,,False
107,1,56,62,-2,105,46,True,1,,,False
107,1,57,28,-9,98,64,True,0,,,False
107,1,58,72,0,0,28,False,3,,,False
107,1,59,68,-9,98,12,True,0,,,False
107,1,60,37,8,8,45,True,1,,,False
107,1,61,75,-2,105,93,True,1,,,False
107,1,62,32,-8,99,56,True,3,,,False
107,1,63,51,-11,96,14,True,0,,,False
107,1,64,80,-15,92,39,True,0,,,False
107,1,65,73,3,3,18,True,0,,,False
107,1,66,40,14,14,10,True,1,,,False
107,1,67,33,-4,103,42,True,1,,,False
107,1,68,34,4,4,4,True,1,,,False
107,1,69,89,10,10,65,True,1,,,False
107,1,70,100,-6,101,98,True,1,,,False
107,1,71,55,-9,98,87,True,0,,,False
107,1,72,4,-12,95,38,True,1,,,False
107,1,73,13,20,20,67,True,1,,,False
107,1,74,44,-4,103,67,True,1,,,False
107,1,75,20,3,3,92,True,0,,,False
107,1,76,3,16,16,77,True,1,,,False
107,1,77,97,-4,103,13,True,3,,,False
107,1,78,42,-8,99,27,True,1,,,False
107,1,79,26,-4,103,28,True,3,,,False
107,1,80,43,4,4,37,True,3,,,False
107,1,81,95,-13,94,94,True,0,,,False
107,1,82,65,19,19,14,True,0,,,False
107,1,83,12,-18,89,31,True,1,,,False
107,1,84,47,0,0,9,False,1,,,False
107,1,85,63,12,12,58,True,3,,,False
107,1,86,90,6,6,35,True,1,,,False
107,1,87,50,-13,94,60,True,0,,,False
107,1,88,81,0,0,30,False,1,,,False
107,1,89,36,-18,89,23,True,1,,,False
107,1,90,91,3,3,83,True,0,,,False
107,1,91,45,-15,92,17,True,0,,,False
107,1,92,61,4,4,42,True,1,,,False
107,1,93,86,-6,101,64,True,1,,,False
107,1,94,17,3,3,102,True,0,,,False
107,1,95,23,4,4,21,True,1,,,False
107,1,96,87,12,12,30,True,1,,,False
107,1,97,76,-16,91,28,True,1,,,False
107,1,98,60,-1,106,4,True,0,,,False
107,1,99,46,12,12,47,True,3,,,False
107,1,100,106,17,17,9,True,0,,,False
107,1,101,79,14,14,9,True,1,,,False
107,1,102,48,-18,89,58,True,1,,,False
107,1,103,8,-1,106,46,True,0,,,False
107,1,104,83,18,18,77,True,1,,,False
107,1,105,77,12,12,99,True,3,,,False
107,1,106,78,-3,104,73,True,0,,,False
107,2,0,16,0,0,18,False,3,,,False
107,2,1,25,9,9,3,True,0,,,False
107,2,2,22,-10,97,92,True,1,,,False
107,2,3,54,6,6,14,True,1,,,False
107,2,4,38,-2,105,58,True,1,,,False
107,2,5,105,15,15,20,True,0,,,False
107,2,6,96,-8,99,43,True,1,,,False
107,2,7,69,-4,103,82,True,3,,,False
107,2,8,82,6,6,33,True,1,,,False
107,2,9,104,18,18,53,True,1,,,False
107,2,10,24,-6,101,89,True,1,,,False
107,2,11,31,12,12,13,True,1,,,False
107,2,12,39,-4,103,42,True,3,,,False
107,2,13,93,-6,101,69,True,1,,,False
107,2,14,5,12,12,105,True,1,,,False
107,2,15,64,12,12,27,True,3,,,False
107,2,16,41,3,3,88,True,0,,,False
107,2,17,57,12,12,49,True,3,,,False
107,2,18,14,-13,94,34,True,0,,,False
107,2,19,2,-8,99,17,True,1,,,False
107,2,20,59,8,8,98,True,1,,,False
107,2,21,98,6,6,35,True,1,,,False
107,2,22,53,7,7,72,True,0,,,False
107,2,23,1,-13,94,87,True,0,,,False
107,2,24,71,12,12,98,True,1,,,False
107,2,25,84,-12,95,58,True,1,,,False
107,2,26,10,-3,104,0,True,0,,,False
107,2,27,15,-10,97,45,True,1,,,False
107,2,28,6,-6,101,37,True,1,,,False
107,2,29,56,-15,92,2,True,0,,,False
107,2,30,99,-11,96,99,True,0,,,False
107,2,31,74,-2,105,104,True,1,,,False
107,2,32,85,-7,100,39,True,0,,,False
107,2,33,94,0,0,19,False,1,,,False
107,2,35,70,10,10,101,True,1,,,False
107,2,36,88,-12,95,13,True,1,,,False
107,2,37,92,-5,102,52,True,0,,,False
107,2,38,19,12,12,22,True,3,,,False
107,2,39,66,16,16,5,True,1,,,False
107,2,40,21,-2,105,87,True,1,,,False
107,2,41,52,-7,100,59,True,0,,,False
107,2,42,9,-11,96,7,True,0,,,False
107,2,43,101,9,9,62,True,0,,,False
107,2,44,35,-5,102,75,True,0,,,False
107,2,45,67,-2,105,105,True,1,,,False
107,2,46,102,17,17,48,True,0,,,False
107,2,47,18,-8,99,28,True,1,,,False
107,2,48,29,-3,104,39,True,0,,,False
107,2,49,49,-20,87,68,True,3,,,False
107,2,50,27,-16,91,20,True,3,,,False
107,2,51,30,-12,95,80,True,3,,,False
107,2,52,11,-17,90,91,True,0,,,False
107,2,53,7,18,18,8,True,1,,,False
107,2,54,7,-18,89,8,True,1,,,False
107,2,55,11,17,17,91,True,0,,,False
107,2,56,30,12,12,80,True,3,,,False
107,2,57,27,16,16,20,True,3,,,False
107,2,58,49,20,20,68,True,3,,,False
107,2,59,29,3,3,39,True,0,,,False
107,2,60,18,8,8,28,True,1,,,False
107,2,61,102,-17,90,48,True,0,,,False
107,2,62,67,2,2,105,True,1,,,False
107,2,63,35,5,5,75,True,0,,,False
107,2,64,101,-9,98,62,True,0,,,False
107,2,65,9,11,11,7,True,0,,,False
107,2,66,52,7,7,59,True,0,,,False
107,2,67,21,2,2,87,True,1,,,False
107,2,68,66,-16,91,5,True,1,,,False
107,2,69,19,-12,95,22,True,3,,,False
107,2,70,92,5,5,52,True,0,,,False
107,2,71,88,12,12,13,True,1,,,False
107,2,72,70,-10,97,101,True,1,,,False
107,2,74,94,0,0,19,False,1,,,False
107,2,75,85,7,7,39,True,0,,,False
107,2,76,74,2,2,104,True,1,,,False
107,2,77,99,11,11,99,True,0,,,False
107,2,78,56,15,15,2,True,0,,,False
107,2,79,6,6,6,37,True,1,,,False
107,2,80,15,10,10,45,True,1,,,False
107,2,81,10,3,3,0,True,0,,,False
107,2,82,84,12,12,58,True,1,,,False
107,2,83,71,-12,95,98,True,1,,,False
107,2,84,1,13,13,87,True,0,,,False
107,2,85,53,-7,100,72,True,0,,,False
107,2,86,98,-6,101,35,True,1,,,False
107,2,87,59,-8,99,98,True,1,,,False
107,2,88,2,8,8,17,True,1,,,False
107,2,89,14,13,13,34,True,0,,,False
107,2,90,57,-12,95,49,True,3,,,False
107,2,91,41,-3,104,88,True,0,,,False
107,2,92,64,-12,95,27,True,3,,,False
107,2,93,5,-12,95,105,True,1,,,False
107,2,94,93,6,6,69,True,1,,,False
107,2,95,39,4,4,42,True,3,,,False
107,2,96,31,-12,95,13,True,1,,,False
107,2,97,24,6,6,89,True,1,,,False
107,2,98,104,-18,89,53,True,1,,,False
107,2,99,82,-6,101,33,True,1,,,False
107,2,100,69,4,4,82,True,3,,,False
107,2,101,96,8,8,43,True,1,,,False
107,2,102,105,-15,92,20,True,0,,,False
107,2,103,38,2,2,58,True,1,,,False
107,2,104,54,-6,101,14,True,1,,,False
107,2,105,22,10,10,92,True,1,,,False
107,2,106,25,-9,98,3,True,0,,,False
109,0,1,0,2,2,0,True,3,0,0,True
109,0,2,0,-2,107,0,True,3,0,0,True
109,0,3,0,-19,90,0,True,0,0,0,True
109,0,6,0,19,19,0,True,0,0,0,True
109,0,9,0,17,17,0,True,0,0,0,True
109,0,11,0,-17,92,0,True,0,0,0,True
109,1,0,93,-6,103,0,True,3,0,0,True
109,1,1,12,-13,96,72,True,0,,,False
109,1,2,15,-10,99,30,True,3,,,False
109,1,3,88,-1,108,102,True,0,,,False
109,1,5,89,-14,95,10,True,3,,,False
109,1,6,100,19,19,18,True,0,,,True
109,1,7,54,2,2,73,True,1,2,2,True
109,1,8,78,5,5,82,True,0,,,False
109,1,9,14,-10,99,46,True,1,,,False
109,1,10,29,-14,95,40,True,3,,,False
109,1,11,45,-2,107,15,True,3,1,1,True
109,1,12,2,18,18,69,True,1,,,False
109,1,13,95,10,10,3,True,1,,,False
109,1,14,108,-9,100,18,True,0,,,False
109,1,15,20,-5,104,70,True,0,,,False
109,1,16,81,-7,102,42,True,0,,,False
109,1,17,76,6,6,45,True,1,,,True
109,1,18,107,-16,93,35,True,1,,,False
109,1,19,99,16,16,58,True,1,,,False
109,1,20,37,-8,101,39,True,1,,,False
109,1,21,56,4,4,69,True,1,,,False
109,1,22,8,12,12,60,True,1,,,False
109,1,23,101,12,12,51,True,1,,,False
109,1,24,97,-11,98,108,True,0,,,False
109,1,25,4,-18,91,5,True,3,,,False
109,1,26,79,-14,95,58,True,1,,,False
109,1,27,69,-2,107,34,True,1,,,True
109,1,28,73,17,17,32,True,0,,,True
109,1,29,85,2,2,55,True,1,,,True
109,1,30,94,2,2,104,True,3,,,True
109,1,31,5,-11,98,51,True,0,,,False
109,1,32,66,9,9,66,True,0,,,False
109,1,33,17,0,0,4,False,1,,,False
109,1,34,40,-4,105,39,True,1,,,False
109,1,35,91,4,4,86,True,1,,,False
109,1,36,22,-2,107,7,True,3,,,True
109,1,37,105,-7,102,32,True,0,,,False
109,1,38,53,-14,95,70,True,1,,,False
109,1,39,102,-1,108,101,True,0,,,False
109,1,40,42,10,10,71,True,1,,,False
109,1,41,103,-10,99,108,True,1,,,False
109,1,42,64,15,15,87,True,0,,,False
109,1,43,9,5,5,75,True,0,,,False
109,1,44,51,16,16,21,True,1,,,False
109,1,45,24,-10,99,77,True,1,,,False
109,1,46,84,10,10,95,True,3,,,False
109,1,47,70,4,4,19,True,1,,,False
109,1,48,71,-9,100,87,True,0,,,False
109,1,49,39,16,16,52,True,1,,,False
109,1,50,41,0,0,46,False,1,,,False
109,1,51,48,1,1,86,True,0,,,False
109,1,52,52,14,14,70,True,1,,,False
109,1,53,23,-12,97,73,True,1,,,False
109,1,54,27,9,9,38,True,0,,,False
109,2,0,93,20,20,0,True,1,0,0,True
109,2,1,80,-2,107,18,True,1,,,True
109,2,2,96,-5,104,59,True,0,,,False
109,2,3,35,-10,99,61,True,1,,,False
109,2,4,44,-17,92,94,True,0,,,True
109,2,5,87,-10,99,26,True,1,,,False
109,2,6,82,-6,103,11,True,1,,,True
109,2,7,61,-2,107,3,True,1,,,True
109,2,8,77,-18,91,1,True,3,,,False
109,2,9,26,-2,107,86,True,1,,,True
109,2,10,67,14,14,48,True,3,,,False
109,2,11,50,-13,96,74,True,0,,,False
109,2,12,19,6,6,50,True,3,,,True
109,2,13,34,-12,97,102,True,1,,,False
109,2,14,75,6,6,12,True,1,,,True
109,2,15,11,-7,102,51,True,0,,,False
109,2,16,16,6,6,66,True,1,,,True
109,2,17,31,-20,89,71,True,1,,,True
109,2,18,6,-2,107,30,True,3,,,True
109,2,19,13,-7,102,45,True,0,,,False
109,2,20,46,18,18,20,True,1,,,False
109,2,21,25,-4,105,41,True,1,,,False
109,2,22,18,-5,104,45,True,0,,,False
109,2,23,10,10,10,51,True,3,,,False
109,2,24,98,19,19,55,True,0,,,True
109,2,25,30,11,11,52,True,0,,,False
109,2,26,65,-2,107,92,True,3,,,True
109,2,27,21,4,4,50,True,1,,,False
109,2,28,43,0,0,77,False,1,,,False
109,2,29,7,20,20,92,True,1,,,True
109,2,30,58,-10,99,70,True,3,,,False
109,2,31,104,4,4,56,True,1,,,False
109,2,32,49,16,16,10,True,1,,,False
109,2,33,72,-14,95,47,True,3,,,False
109,2,34,83,8,8,86,True,1,,,False
109,2,35,59,-7,102,25,True,0,,,False
109,2,36,57,5,5,59,True,0,,,False
109,2,37,28,-4,105,68,True,1,,,False
109,2,38,38,-16,93,72,True,1,,,False
109,2,39,60,10,10,37,True,1,,,False
109,2,40,63,6,6,77,True,1,1,1,True
109,2,41,92,-3,106,94,True,0,,,False
109,2,42,86,6,6,93,True,3,,,True
109,2,43,1,-2,107,54,True,1,2,2,True
109,2,44,32,15,15,7,True,0,,,False
109,2,45,106,-2,107,92,True,1,,,True
109,2,46,62,1,1,69,True,0,,,False
109,2,47,74,14,14,28,True,1,,,False
109,2,48,33,-11,98,69,True,0,,,False
109,2,49,90,11,11,26,True,0,,,False
109,2,50,47,11,11,46,True,0,,,False
109,2,51,68,-3,106,67,True,0,,,False
109,2,52,36,-8,101,42,True,1,,,False
109,2,53,3,8,8,94,True,1,,,False
109,2,54,55,-15,94,82,True,0,,,False
109,4,0,93,6,6,0,True,3,0,0,True
109,4,1,103,10,10,2,True,1,,,False
109,4,2,69,2,2,68,True,1,,,True
109,4,3,108,9,9,73,True,0,,,False
109,4,4,27,-9,100,76,True,0,,,False
109,4,5,95,-10,99,6,True,1,,,False
109,4,6,73,-17,92,45,True,0,,,True
109,4,7,42,-10,99,33,True,1,,,False
109,4,8,12,13,13,74,True,0,,,False
109,4,9,64,-15,94,44,True,0,,,False
109,4,10,79,14,14,7,True,1,,,False
109,4,11,20,5,5,78,True,0,,,False
109,4,12,23,12,12,37,True,1,,,False
109,4,13,2,-18,91,29,True,1,,,False
109,4,14,85,-2,107,108,True,1,,,True
109,4,15,102,1,1,93,True,0,,,False
109,4,16,15,10,10,49,True,3,,,False
109,4,17,9,-5,104,68,True,0,,,False
109,4,18,4,18,18,10,True,3,,,False
109,4,19,81,7,7,25,True,0,,,False
109,4,20,52,-14,95,31,True,1,,,False
109,4,21,45,2,2,30,True,3,1,1,True
109,4,22,94,-2,107,10,True,3,,,True
109,4,23,53,14,14,31,True,1,,,False
109,4,24,88,1,1,14,True,0,,,False
109,4,25,51,-16,93,67,True,1,,,False
109,4,26,97,11,11,107,True,0,,,False
109,4,27,76,-6,103,19,True,1,,,True
109,4,28,48,-1,108,63,True,0,,,False
109,4,29,29,14,14,80,True,3,,,False
109,4,30,5,11,11,7,True,0,,,False
109,4,31,105,7,7,64,True,0,,,False
109,4,33,24,10,10,64,True,1,,,False
109,4,34,101,-12,97,102,True,1,,,False
109,4,35,107,16,16,39,True,1,,,False
109,4,36,41,0,0,92,False,1,,,False
109,4,37,14,10,10,92,True,1,,,False
109,4,38,66,-9,100,86,True,0,,,False
109,4,39,22,2,2,14,True,3,,,True
109,4,40,89,14,14,89,True,3,,,False
109,4,41,84,-10,99,28,True,3,,,False
109,4,42,8,-12,97,11,True,1,,,False
109,4,43,99,-16,93,102,True,1,,,False
109,4,44,39,-16,93,104,True,1,,,False
109,4,45,78,-5,104,55,True,0,,,False
109,4,46,17,0,0,101,False,1,,,False
109,4,47,91,-4,105,63,True,1,,,False
109,4,48,100,-19,90,73,True,0,,,True
109,4,49,70,-4,105,71,True,1,,,False
109,4,50,56,-4,105,29,True,1,,,False
109,4,51,37,8,8,31,True,1,,,False
109,4,52,71,9,9,65,True,0,,,False
109,4,53,54,-2,107,37,True,1,2,2,True
109,4,54,40,4,4,31,True,1,,,False
109,8,0,93,-20,89,0,True,1,0,0,True
109,8,1,92,3,3,30,True,0,,,False
109,8,2,21,-4,105,100,True,1,,,False
109,8,3,75,-6,103,85,True,1,,,True
109,8,4,55,15,15,55,True,0,,,False
109,8,5,34,12,12,95,True,1,,,False
109,8,6,43,0,0,64,False,1,,,False
109,8,7,63,-6,103,45,True,1,1,1,True
109,8,8,80,2,2,73,True,1,,,True
109,8,9,86,-6,103,32,True,3,,,True
109,8,10,65,2,2,75,True,3,,,True
109,8,11,11,7,7,7,True,0,,,False
109,8,12,3,-8,101,79,True,1,,,False
109,8,13,19,-6,103,100,True,3,,,True
109,8,14,7,-20,89,34,True,1,,,True
109,8,15,60,-10,99,74,True,1,,,False
109,8,16,96,5,5,100,True,0,,,False
109,8,17,1,2,2,1,True,1,2,2,True
109,8,18,30,-11,98,104,True,0,,,False
109,8,19,16,-6,103,86,True,1,,,True
109,8,20,36,8,8,84,True,1,,,False
109,8,21,50,13,13,39,True,0,,,False
109,8,22,58,10,10,78,True,3,,,False
109,8,23,38,16,16,35,True,1,,,False
109,8,24,35,10,10,96,True,1,,,False
109,8,25,32,-15,94,95,True,0,,,False
109,8,26,98,-19,90,1,True,0,,,True
109,8,27,31,20,20,76,True,1,,,True
109,8,28,68,3,3,25,True,0,,,False
109,8,29,67,-14,95,96,True,3,,,False
109,8,30,104,-4,105,106,True,1,,,False
109,8,31,28,4,4,27,True,1,,,False
109,8,32,44,17,17,30,True,0,,,True
109,8,33,106,2,2,34,True,1,,,True
109,8,34,10,-10,99,102,True,3,,,False
109,8,35,6,2,2,49,True,3,,,True
109,8,36,47,-11,98,92,True,0,,,False
109,8,37,26,2,2,63,True,1,,,True
109,8,38,49,-16,93,89,True,1,,,False
109,8,39,57,-5,104,9,True,0,,,False
109,8,40,87,10,10,57,True,1,,,False
109,8,41,62,-1,108,80,True,0,,,False
109,8,42,18,5,5,90,True,0,,,False
109,8,43,13,7,7,19,True,0,,,False
109,8,44,90,-11,98,52,True,0,,,False
109,8,45,77,18,18,2,True,3,,,False
109,8,46,72,14,14,15,True,3,,,False
109,8,47,59,7,7,50,True,0,,,False
109,8,48,82,6,6,87,True,1,,,True
109,8,49,74,-14,95,53,True,1,,,False
109,8,50,25,4,4,82,True,1,,,False
109,8,51,46,-18,91,69,True,1,,,False
109,8,52,33,11,11,29,True,0,,,False
109,8,53,61,2,2,6,True,1,,,True
109,8,54,83,-8,101,46,True,1,,,False
113,0,1,0,0,0,14,False,1,,,False
113,0,3,0,0,0,103,False,1,,,False
113,1,0,33,-14,99,0,True,3,0,0,True
113,1,1,48,-11,102,40,True,0,,,False
113,1,2,94,2,2,31,True,3,,,False
113,1,3,87,12,12,97,True,1,,,False
113,1,4,20,-10,103,27,True,3,,,False
113,1,5,19,-9,104,23,True,0,,,False
113,1,6,96,-3,110,101,True,0,,,False
113,1,7,50,8,8,61,True,1,,,False
113,1,8,28,-4,109,28,True,1,,,False
113,1,9,3,1,1,46,True,0,,,False
113,1,10,40,14,14,59,True,3,2,2,True
113,1,11,91,-8,105,89,True,1,,,False
113,1,12,84,-15,98,40,True,0,,,False
113,1,13,111,12,12,103,True,1,,,False
113,1,14,59,-2,111,32,True,3,,,False
113,1,15,9,-20,93,55,True,1,,,False
113,1,16,104,-6,107,16,True,1,,,False
113,1,17,81,-4,109,60,True,1,,,False
113,1,18,89,-19,94,16,True,0,,,False
113,1,19,4,6,6,61,True,1,,,False
113,1,20,110,13,13,42,True,0,,,False
113,1,21,52,6,6,92,True,1,,,False
113,1,22,34,-3,110,29,True,0,,,False
113,1,23,5,14,14,58,True,3,2,2,True
113,1,24,56,8,8,35,True,1,,,False
113,1,25,100,12,12,63,True,1,,,False
113,1,26,29,-6,107,53,True,3,,,False
113,1,27,55,1,1,80,True,0,,,False
113,1,28,17,-3,110,110,True,0,,,False
113,1,29,47,11,11,25,True,0,,,False
113,1,30,90,-18,95,31,True,3,,,False
113,1,31,14,16,16,69,True,1,,,True
113,1,32,109,-18,95,52,True,1,,,False
113,1,33,30,14,14,90,True,1,3,3,True
113,1,34,37,-13,100,33,True,0,,,False
113,1,35,86,15,15,7,True,0,,,False
113,1,36,36,6,6,91,True,1,,,False
113,1,37,93,-9,104,15,True,0,,,False
113,1,38,35,3,3,51,True,0,,,False
113,1,39,46,-15,98,20,True,0,,,False
113,1,40,57,-6,107,1,True,1,,,False
113,1,41,106,-4,109,42,True,1,,,False
113,1,42,98,6,6,7,True,1,,,False
113,1,43,112,10,10,82,True,1,,,False
113,1,44,60,14,14,38,True,1,3,3,True
113,1,45,42,18,18,70,True,3,,,False
113,1,46,13,-12,101,49,True,1,,,False
113,1,47,72,0,0,65,False,1,,,False
113,1,48,24,14,14,37,True,3,1,1,True
113,1,49,65,-7,106,48,True,0,,,False
113,1,50,53,18,18,88,True,1,,,False
113,1,51,88,-4,109,83,True,1,,,False
113,1,52,74,-5,108,9,True,0,,,False
113,1,53,62,6,6,88,True,1,,,False
113,1,54,58,-7,106,25,True,0,,,False
113,1,55,16,-12,101,78,True,1,,,False
113,1,56,99,0,0,102,False,1,,,False
113,3,0,33,-16,97,0,True,1,0,0,True
113,3,1,49,-6,107,38,True,3,,,False
113,3,2,73,16,16,95,True,1,,,True
113,3,3,71,-2,111,90,True,1,,,False
113,3,4,97,-6,107,88,True,3,,,False
113,3,5,63,-9,104,31,True,0,,,False
113,3,6,105,9,9,98,True,0,,,False
113,3,7,43,-12,101,107,True,1,,,False
113,3,8,95,6,6,2,True,3,,,False
113,3,9,76,-2,111,46,True,1,,,False
113,3,10,23,20,20,95,True,1,,,False
113,3,11,11,6,6,30,True,3,,,False
113,3,12,7,-19,94,70,True,0,,,False
113,3,13,70,6,6,59,True,1,,,False
113,3,14,21,-14,99,96,True,1,3,3,True
113,3,15,44,-9,104,41,True,0,,,False
113,3,16,77,15,15,97,True,0,,,False
113,3,17,61,-9,104,72,True,0,,,False
113,3,18,101,-6,107,110,True,1,,,False
113,3,19,92,-12,101,74,True,1,,,False
113,3,20,82,-1,112,68,True,0,,,False
113,3,21,78,10,10,51,True,1,,,False
113,3,22,79,-16,97,78,True,1,,,True
113,3,23,10,-10,103,97,True,1,,,False
113,3,24,54,0,0,32,False,1,,,False
113,3,25,108,4,4,70,True,1,,,False
113,3,26,66,-8,105,81,True,1,,,False
113,3,27,25,-10,103,53,True,3,,,False
113,3,28,69,-1,112,79,True,0,,,False
113,3,29,15,-2,111,93,True,3,,,False
113,3,31,67,10,10,53,True,1,,,False
113,3,32,12,2,2,110,True,1,,,False
113,3,33,85,-15,98,2,True,0,,,False
113,3,34,27,16,16,85,True,1,,,True
113,3,35,39,12,12,67,True,1,,,False
113,3,36,38,-6,107,103,True,1,,,False
113,3,37,41,-2,111,104,True,3,,,False
113,3,38,26,-1,112,59,True,0,,,False
113,3,39,75,14,14,75,True,1,3,3,True
113,3,40,6,-2,111,22,True,1,,,False
113,3,41,32,9,9,108,True,0,,,False
113,3,42,8,5,5,84,True,0,,,False
113,3,43,18,-9,104,90,True,0,,,False
113,3,44,1,18,18,79,True,3,,,False
113,3,45,64,-6,107,80,True,3,,,False
113,3,46,83,13,13,10,True,0,,,False
113,3,47,2,21,21,62,True,0,,,False
113,3,48,31,3,3,99,True,0,,,False
113,3,49,103,18,18,47,True,1,,,False
113,3,50,45,6,6,89,True,1,,,False
113,3,51,22,-1,112,44,True,0,,,False
113,3,52,80,-18,95,94,True,1,,,False
113,3,53,102,-17,96,70,True,0,,,False
113,3,54,68,-4,109,84,True,1,,,False
113,3,55,107,-6,107,77,True,1,,,False
113,3,56,51,11,11,89,True,0,,,False
113,5,0,33,16,16,0,True,1,0,0,True
113,5,1,107,6,6,76,True,1,,,False
113,5,2,71,2,2,77,True,1,,,False
113,5,3,80,18,18,15,True,1,,,False
113,5,4,105,-9,104,6,True,0,,,False
113,5,5,103,-18,95,64,True,1,,,False
113,5,6,76,2,2,72,True,1,,,False
113,5,7,83,-13,100,4,True,0,,,False
113,5,8,7,19,19,85,True,0,,,False
113,5,9,18,9,9,36,True,0,,,False
113,5,10,44,9,9,74,True,0,,,False
113,5,11,6,2,2,54,True,1,,,False
113,5,12,101,6,6,69,True,1,,,False
113,5,13,41,2,2,19,True,3,,,False
113,5,14,78,-10,103,70,True,1,,,False
113,5,15,27,-16,97,34,True,1,,,True
113,5,16,54,0,0,55,False,1,,,False
113,5,17,67,-10,103,89,True,1,,,False
113,5,18,25,10,10,24,True,3,,,False
113,5,19,69,1,1,9,True,0,,,False
113,5,21,108,-4,109,28,True,1,,,False
113,5,22,85,15,15,67,True,0,,,False
113,5,23,79,16,16,99,True,1,,,True
113,5,24,38,6,6,4,True,1,,,False
113,5,25,92,12,12,7,True,1,,,False
113,5,26,75,-14,99,83,True,1,3,3,True
113,5,27,77,-15,98,84,True,0,,,False
113,5,28,8,-5,108,102,True,0,,,False
113,5,29,70,-6,107,1,True,1,,,False
113,5,30,64,6,6,81,True,3,,,False
113,5,31,23,-20,93,38,True,1,,,False
113,5,32,31,-3,110,96,True,0,,,False
113,5,33,43,12,12,88,True,1,,,False
113,5,34,22,1,1,5,True,0,,,False
113,5,35,97,6,6,103,True,3,,,False
113,5,36,68,4,4,102,True,1,,,False
113,5,37,49,6,6,83,True,3,,,False
113,5,38,51,-11,102,13,True,0,,,False
113,5,39,73,-16,97,75,True,1,,,True
113,5,40,102,17,17,28,True,0,,,False
113,5,41,63,9,9,78,True,0,,,False
113,5,42,45,-6,107,13,True,1,,,False
113,5,43,95,-6,107,67,True,3,,,False
113,5,44,2,-21,92,70,True,0,,,False
113,5,45,11,-6,107,101,True,3,,,False
113,5,46,1,-18,95,9,True,3,,,False
113,5,47,21,14,14,52,True,1,3,3,True
113,5,48,32,-9,104,111,True,0,,,False
113,5,49,61,9,9,39,True,0,,,False
113,5,50,26,1,1,1,True,0,,,False
113,5,51,82,1,1,18,True,0,,,False
113,5,52,39,-12,101,72,True,1,,,False
113,5,53,10,10,10,29,True,1,,,False
113,5,54,12,-2,111,44,True,1,,,False
113,5,55,66,8,8,58,True,1,,,False
113,5,56,15,2,2,105,True,3,,,False
113,9,0,33,14,14,0,True,3,0,0,True
113,9,1,13,12,12,34,True,1,,,False
113,9,2,52,-6,107,63,True,1,,,False
113,9,3,100,-12,101,76,True,1,,,False
113,9,4,98,-6,107,92,True,1,,,False
113,9,5,20,10,10,81,True,3,,,False
113,9,6,53,-18,95,38,True,1,,,False
113,9,7,81,4,4,46,True,1,,,False
113,9,8,47,-11,102,75,True,0,,,False
113,9,9,35,-3,110,73,True,0,,,False
113,9,10,28,4,4,84,True,1,,,False
113,9,11,58,7,7,75,True,0,,,False
113,9,12,111,-12,101,30,True,1,,,False
113,9,13,30,-14,99,44,True,1,3,3,True
113,9,14,37,13,13,14,True,0,,,False
113,9,15,84,15,15,7,True,0,,,False
113,9,16,16,12,12,105,True,1,,,False
113,9,17,3,-1,112,88,True,0,,,False
113,9,18,93,9,9,45,True,0,,,False
113,9,19,90,18,18,20,True,3,,,False
113,9,20,104,6,6,48,True,1,,,False
113,9,21,88,4,4,90,True,1,,,False
113,9,22,19,9,9,44,True,0,,,False
113,9,23,106,4,4,13,True,1,,,False
113,9,24,29,6,6,67,True,3,,,False
113,9,25,110,-13,100,13,True,0,,,False
113,9,26,72,0,0,31,False,1,,,False
113,9,27,48,11,11,106,True,0,,,False
113,9,28,42,-18,95,97,True,3,,,False
113,9,29,34,3,3,26,True,0,,,False
113,9,30,56,-8,105,105,True,1,,,False
113,9,31,112,-10,103,93,True,1,,,False
113,9,32,87,-12,101,65,True,1,,,False
113,9,33,65,7,7,31,True,0,,,False
113,9,34,89,19,19,65,True,0,,,False
113,9,35,17,3,3,104,True,0,,,False
113,9,36,46,15,15,53,True,0,,,False
113,9,37,50,-8,105,70,True,1,,,False
113,9,38,62,-6,107,38,True,1,,,False
113,9,39,59,2,2,17,True,3,,,False
113,9,40,109,18,18,43,True,1,,,False
113,9,41,86,-15,98,92,True,0,,,False
113,9,42,91,8,8,41,True,1,,,False
113,9,43,99,0,0,33,False,1,,,False
113,9,44,40,-14,99,49,True,3,2,2,True
113,9,45,36,-6,107,47,True,1,,,False
113,9,46,14,-16,97,19,True,1,,,True
113,9,47,9,20,20,52,True,1,,,False
113,9,48,74,5,5,86,True,0,,,False
113,9,49,96,3,3,36,True,0,,,False
113,9,50,57,6,6,3,True,1,,,False
113,9,51,55,-1,112,99,True,0,,,False
113,9,52,4,-6,107,70,True,1,,,False
113,9,53,24,-14,99,2,True,3,1,1,True
113,9,54,94,-2,111,20,True,3,,,False
113,9,55,60,-14,99,1,True,1,3,3,True
113,9,56,5,-14,99,52,True,3,2,2,True
127,0,1,0,20,20,0,True,3,0,0,True
127,0,3,0,1,1,0,True,0,0,0,True
127,0,5,0,-20,107,0,True,3,0,0,True
127,0,9,0,-19,108,0,True,0,0,0,True
127,0,13,0,-1,126,0,True,0,0,0,True
127,0,29,0,19,19,0,True,0,0,0,True
127,1,0,77,0,0,119,False,1,,,False
127,1,1,55,2,2,52,True,1,,,False
127,1,2,98,-8,119,57,True,3,,,False
127,1,3,83,-16,111,91,True,1,,,False
127,1,4,31,5,5,117,True,0,,,False
127,1,5,7,-14,113,33,True,1,,,False
127,1,6,5,-12,115,109,True,1,,,False
127,1,7,21,19,19,4,True,0,,,True
127,1,8,43,20,20,48,True,1,,,True
127,1,9,89,-6,121,20,True,1,,,False
127,1,10,101,8,8,13,True,1,,,False
127,1,11,72,-8,119,6,True,3,,,False
127,1,12,75,22,22,14,True,1,,,False
127,1,13,40,-6,121,83,True,1,,,False
127,1,14,32,7,7,91,True,0,,,False
127,1,15,79,-1,126,76,True,0,,,True
127,1,16,71,16,16,54,True,3,,,False
127,1,17,39,8,8,113,True,1,,,False
127,1,18,99,-5,122,58,True,0,,,False
127,1,19,116,2,2,13,True,1,,,False
127,1,20,6,-16,111,49,True,1,,,False
127,1,21,125,0,0,5,False,1,,,False
127,1,22,121,11,11,108,True,0,,,False
127,1,23,19,12,12,57,True,3,,,False
127,1,24,91,-20,107,2,True,1,,,True
127,1,25,59,2,2,12,True,1,,,False
127,1,26,38,-3,124,118,True,0,,,False
127,1,27,27,-2,125,55,True,1,,,False
127,1,28,26,-13,114,26,True,0,,,False
127,1,29,113,8,8,83,True,3,,,False
127,1,30,66,18,18,124,True,1,,,False
127,1,31,81,-16,111,94,True,3,,,False
127,1,32,103,-4,123,9,True,3,,,False
127,1,33,106,-22,105,3,True,1,,,False
127,1,34,37,8,8,96,True,3,,,False
127,1,35,115,7,7,19,True,0,,,False
127,1,36,58,-16,111,97,True,1,,,False
127,1,37,107,9,9,94,True,0,,,False
127,1,38,18,-16,111,33,True,3,,,False
127,1,39,123,-12,115,43,True,1,,,False
127,1,40,34,-13,114,116,True,0,,,False
127,1,41,45,-10,117,20,True,1,,,False
127,1,42,44,-11,116,0,True,0,,,False
127,1,43,51,2,2,10,True,1,,,False
127,1,44,110,8,8,92,True,1,,,False
127,1,45,56,-8,119,33,True,1,,,False
127,1,46,105,8,8,124,True,1,,,False
127,1,47,46,-10,117,31,True,1,,,False
127,1,48,124,-8,119,8,True,3,,,False
127,1,49,80,-18,109,58,True,1,,,False
127,1,50,88,-19,108,34,True,0,,,True
127,1,52,74,-7,120,60,True,0,,,False
127,1,53,11,-13,114,73,True,0,,,False
127,1,54,50,15,15,40,True,0,,,False
127,1,55,3,-2,125,72,True,1,,,False
127,1,56,33,6,6,10,True,1,,,False
127,1,57,49,5,5,98,True,0,,,False
127,1,58,2,9,9,3,True,0,,,False
127,1,59,28,4,4,18,True,1,,,False
127,1,60,97,-10,117,13,True,1,,,False
127,1,61,22,7,7,52,True,0,,,False
127,1,62,94,7,7,8,True,0,,,False
127,1,63,70,1,1,40,True,0,,,True
127,1,64,70,-1,126,40,True,0,,,True
127,1,65,94,-7,120,8,True,0,,,False
127,1,66,22,-7,120,52,True,0,,,False
127,1,67,97,10,10,13,True,1,,,False
127,1,68,28,-4,123,18,True,1,,,False
127,1,69,2,-9,118,3,True,0,,,False
127,1,70,49,-5,122,98,True,0,,,False
127,1,71,33,-6,121,10,True,1,,,False
127,1,72,3,2,2,72,True,1,,,False
127,1,73,50,-15,112,40,True,0,,,False
127,1,74,11,13,13,73,True,0,,,False
127,1,75,74,7,7,60,True,0,,,False
127,1,77,88,19,19,34,True,0,,,True
127,1,78,80,18,18,58,True,1,,,False
127,1,79,124,8,8,8,True,3,,,False
127,1,80,46,10,10,31,True,1,,,False
127,1,81,105,-8,119,124,True,1,,,False
127,1,82,56,8,8,33,True,1,,,False
127,1,83,110,-8,119,92,True,1,,,False
127,1,84,51,-2,125,10,True,1,,,False
127,1,85,44,11,11,0,True,0,,,False
127,1,86,45,10,10,20,True,1,,,False
127,1,87,34,13,13,116,True,0,,,False
127,1,88,123,12,12,43,True,1,,,False
127,1,89,18,16,16,33,True,3,,,False
127,1,90,107,-9,118,94,True,0,,,False
127,1,91,58,16,16,97,True,1,,,False
127,1,92,115,-7,120,19,True,0,,,False
127,1,93,37,-8,119,96,True,3,,,False
127,1,94,106,22,22,3,True,1,,,False
127,1,95,103,4,4,9,True,3,,,False
127,1,96,81,16,16,94,True,3,,,False
127,1,97,66,-18,109,124,True,1,,,False
127,1,98,113,-8,119,83,True,3,,,False
127,1,99,26,13,13,26,True,0,,,False
127,1,100,27,2,2,55,True,1,,,False
127,1,101,38,3,3,118,True,0,,,False
127,1,102,59,-2,125,12,True,1,,,False
127,1,103,91,20,20,2,True,1,,,True
127,1,104,19,-12,115,57,True,3,,,False
127,1,105,121,-11,116,108,True,0,,,False
127,1,106,125,0,0,5,False,1,,,False
127,1,107,6,16,16,49,True,1,,,False
127,1,108,116,-2,125,13,True,1,,,False
127,1,109,99,5,5,58,True,0,,,False
127,1,110,39,-8,119,113,True,1,,,False
127,1,111,71,-16,111,54,True,3,,,False
127,1,112,79,1,1,76,True,0,,,True
127,1,113,32,-7,120,91,True,0,,,False
127,1,114,40,6,6,83,True,1,,,False
127,1,115,75,-22,105,14,True,1,,,False
127,1,116,72,8,8,6,True,3,,,False
127,1,117,101,-8,119,13,True,1,,,False
127,1,118,89,6,6,20,True,1,,,False
127,1,119,43,-20,107,48,True,1,,,True
127,1,120,21,-19,108,4,True,0,,,True
127,1,121,5,12,12,109,True,1,,,False
127,1,122,7,14,14,33,True,1,,,False
127,1,123,31,-5,122,117,True,0,,,False
127,1,124,83,16,16,91,True,1,,,False
127,1,125,98,8,8,57,True,3,,,False
127,1,126,55,-2,125,52,True,1,,,False
127,3,0,77,0,0,58,False,3,,,False
127,3,1,87,2,2,92,True,1,,,False
127,3,2,102,-11,116,13,True,0,,,False
127,3,3,53,-7,120,43,True,0,,,False
127,3,4,117,6,6,90,True,1,,,False
127,3,5,15,-4,123,65,True,1,,,False
127,3,6,122,6,6,121,True,1,,,False
127,3,7,13,14,14,123,True,1,,,False
127,3,8,12,-20,107,27,True,3,,,True
127,3,9,35,-2,125,63,True,1,,,False
127,3,10,86,17,17,15,True,0,,,False
127,3,11,100,-2,125,92,True,1,,,False
127,3,12,57,17,17,51,True,0,,,False
127,3,13,84,14,14,83,True,1,,,False
127,3,14,126,0,0,51,False,3,,,False
127,3,15,8,12,12,93,True,1,,,False
127,3,16,9,-20,107,33,True,1,,,True
127,3,17,60,-2,125,12,True,1,,,False
127,3,18,114,13,13,100,True,0,,,False
127,3,19,76,12,12,68,True,1,,,False
127,3,20,41,14,14,6,True,1,,,False
127,3,21,108,-3,124,91,True,0,,,False
127,3,22,10,-15,112,10,True,0,,,False
127,3,23,119,-3,124,94,True,0,,,False
127,3,24,96,-7,120,19,True,0,,,False
127,3,25,118,-11,116,95,True,0,,,False
127,3,26,52,-16,111,38,True,1,,,False
127,3,27,112,17,17,84,True,0,,,False
127,3,28,90,8,8,81,True,3,,,False
127,3,29,120,-2,125,125,True,1,,,False
127,3,30,29,-17,110,69,True,0,,,False
127,3,31,111,21,21,67,True,0,,,False
127,3,32,68,-2,125,5,True,1,,,False
127,3,33,4,-18,109,49,True,1,,,False
127,3,34,48,-7,120,74,True,0,,,False
127,3,35,104,8,8,17,True,1,,,False
127,3,36,78,-16,111,28,True,3,,,False
127,3,37,93,13,13,35,True,0,,,False
127,3,38,16,6,6,60,True,1,,,False
127,3,39,54,16,16,89,True,3,,,False
127,3,40,61,12,12,57,True,1,,,False
127,3,41,24,-13,114,104,True,0,,,False
127,3,42,20,15,15,26,True,0,,,False
127,3,43,82,4,4,77,True,1,,,False
127,3,44,85,4,4,45,True,3,,,False
127,3,45,109,-5,122,54,True,0,,,False
127,3,46,67,8,8,67,True,3,,,False
127,3,47,1,16,16,92,True,1,,,False
127,3,48,14,-8,119,117,True,3,,,False
127,3,49,25,20,20,89,True,1,1,1,True
127,3,50,62,-8,119,126,True,1,,,False
127,3,51,36,10,10,14,True,1,,,False
127,3,52,23,1,1,104,True,0,,,True
127,3,53,63,12,12,115,True,3,,,False
127,3,54,73,0,0,10,False,1,,,False
127,3,55,64,-18,109,107,True,1,,,False
127,3,56,42,8,8,9,True,1,,,False
127,3,57,30,4,4,109,True,1,,,False
127,3,58,47,12,12,2,True,1,,,False
127,3,59,69,4,4,7,True,1,,,False
127,3,60,17,-4,123,19,True,1,,,False
127,3,61,92,1,1,118,True,0,,,True
127,3,62,95,0,0,97,False,3,,,False
127,3,63,65,11,11,99,True,0,,,False
127,3,64,65,-11,116,99,True,0,,,False
127,3,65,95,0,0,97,False,3,,,False
127,3,66,92,-1,126,118,True,0,,,True
127,3,67,17,4,4,19,True,1,,,False
127,3,68,69,-4,123,7,True,1,,,False
127,3,69,47,-12,115,2,True,1,,,False
127,3,70,30,-4,123,109,True,1,,,False
127,3,71,42,-8,119,9,True,1,,,False
127,3,72,64,18,18,107,True,1,,,False
127,3,73,73,0,0,10,False,1,,,False
127,3,74,63,-12,115,115,True,3,,,False
127,3,75,23,-1,126,104,True,0,,,True
127,3,76,36,-10,117,14,True,1,,,False
127,3,77,62,8,8,126,True,1,,,False
127,3,78,25,-20,107,89,True,1,1,1,True
127,3,79,14,8,8,117,True,3,,,False
127,3,80,1,-16,111,92,True,1,,,False
127,3,81,67,-8,119,67,True,3,,,False
127,3,82,109,5,5,54,True,0,,,False
127,3,83,85,-4,123,45,True,3,,,False
127,3,84,82,-4,123,77,True,1,,,False
127,3,85,20,-15,112,26,True,0,,,False
127,3,86,24,13,13,104,True,0,,,False
127,3,87,61,-12,115,57,True,1,,,False
127,3,88,54,-16,111,89,True,3,,,False
127,3,89,16,-6,121,60,True,1,,,False
127,3,90,93,-13,114,35,True,0,,,False
127,3,91,78,16,16,28,True,3,,,False
127,3,92,104,-8,119,17,True,1,,,False
127,3,93,48,7,7,74,True,0,,,False
127,3,94,4,18,18,49,True,1,,,False
127,3,95,68,2,2,5,True,1,,,False
127,3,96,111,-21,106,67,True,0,,,False
127,3,97,29,17,17,69,True,0,,,False
127,3,98,120,2,2,125,True,1,,,False
127,3,99,90,-8,119,81,True,3,,,False
127,3,100,112,-17,110,84,True,0,,,False
127,3,101,52,16,16,38,True,1,,,False
127,3,102,118,11,11,95,True,0,,,False
127,3,103,96,7,7,19,True,0,,,False
127,3,104,119,3,3,94,True,0,,,False
127,3,105,10,15,15,10,True,0,,,False
127,3,106,108,3,3,91,True,0,,,False
127,3,107,41,-14,113,6,True,1,,,False
127,3,108,76,-12,115,68,True,1,,,False
127,3,109,114,-13,114,100,True,0,,,False
127,3,110,60,2,2,12,True,1,,,False
127,3,111,9,20,20,33,True,1,,,True
127,3,112,8,-12,115,93,True,1,,,False
127,3,113,126,0,0,51,False,3,,,False
127,3,114,84,-14,113,83,True,1,,,False
127,3,115,57,-17,110,51,True,0,,,False
127,3,116,100,2,2,92,True,1,,,False
127,3,117,86,-17,110,15,True,0,,,False
127,3,118,35,2,2,63,True,1,,,False
127,3,119,12,20,20,27,True,3,,,True
127,3,120,13,-14,113,123,True,1,,,False
127,3,121,122,-6,121,121,True,1,,,False
127,3,122,15,4,4,65,True,1,,,False
127,3,123,117,-6,121,90,True,1,,,False
127,3,124,53,7,7,43,True,0,,,False
127,3,125,102,11,11,13,True,0,,,False
127,3,126,87,-2,125,92,True,1,,,False
131,0,1,0,0,0,56,False,1,,,False
131,0,2,0,0,0,120,False,1,,,False
131,1,0,25,0,0,122,False,1,,,False
131,1,1,130,4,4,63,True,3,,,False
131,1,2,43,8,8,56,True,1,,,False
131,1,3,37,7,7,123,True,0,,,False
131,1,4,112,-8,123,98,True,1,,,False
131,1,5,26,-15,116,55,True,0,,,False
131,1,6,35,-10,121,88,True,1,,,False
131,1,7,29,12,12,64,True,3,,,False
131,1,8,17,-15,116,115,True,0,,,False
131,1,9,70,-5,126,85,True,0,,,False
131,1,10,101,16,16,36,True,1,,,False
131,1,11,106,-9,122,81,True,0,,,False
131,1,12,87,21,21,50,True,0,,,False
131,1,13,9,18,18,15,True,1,,,False
131,1,14,86,-13,118,69,True,0,,,False
131,1,15,123,2,2,60,True,1,,,False
131,1,16,6,12,12,57,True,3,,,False
131,1,17,8,12,12,75,True,3,,,False
131,1,18,127,7,7,122,True,0,,,False
131,1,19,73,-8,123,5,True,3,,,False
131,1,20,65,-10,121,74,True,1,,,False
131,1,21,121,6,6,28,True,1,,,False
131,1,22,90,-3,128,26,True,0,,,False
131,1,23,78,15,15,125,True,0,,,False
131,1,24,124,-7,124,47,True,0,,,False
131,1,25,126,15,15,2,True,0,,,False
131,1,26,30,-13,118,17,True,0,,,False
131,1,27,116,13,13,117,True,0,,,False
131,1,28,129,-10,121,0,True,1,,,False
131,1,29,13,-14,117,118,True,1,,,False
131,1,30,66,12,12,89,True,3,,,False
131,1,31,48,-2,129,36,True,1,,,False
131,1,32,21,-12,119,57,True,1,,,False
131,1,33,91,8,8,106,True,1,,,False
131,1,34,44,-6,125,107,True,1,,,False
131,1,35,23,13,13,45,True,0,,,False
131,1,36,88,1,1,129,True,0,,,False
131,1,37,4,6,6,30,True,1,,,False
131,1,38,32,20,20,14,True,3,,,False
131,1,39,40,11,11,26,True,0,,,False
131,1,40,107,20,20,102,True,1,,,False
131,1,41,62,0,0,19,False,1,,,False
131,1,42,119,-19,112,75,True,0,,,False
131,1,43,39,-6,125,1,True,1,,,False
131,1,44,33,-4,127,105,True,1,,,False
131,1,45,12,-18,113,86,True,1,,,False
131,1,46,5,-22,109,59,True,1,,,False
131,1,47,71,9,9,28,True,0,,,False
131,1,48,83,12,12,5,True,3,,,False
131,1,49,49,8,8,92,True,1,,,False
131,1,50,16,12,12,43,True,1,,,False
131,1,51,94,0,0,32,False,1,,,False
131,1,52,75,4,4,55,True,1,,,False
131,1,53,81,-12,119,21,True,1,,,False
131,1,54,20,-6,125,41,True,1,,,False
131,1,55,69,12,12,27,True,3,,,False
131,1,56,2,8,8,67,True,3,,,False
131,1,57,19,-3,128,23,True,0,,,False
131,1,58,117,-10,121,102,True,1,,,False
131,1,59,108,-12,119,116,True,1,,,False
131,1,60,50,0,0,129,False,3,,,False
131,1,61,27,-18,113,97,True,1,,,False
131,1,62,68,1,1,1,True,0,,,False
131,1,63,113,0,0,18,False,1,,,False
131,1,64,85,-15,116,91,True,0,,,False
131,1,65,55,-20,111,55,True,1,,,False
131,1,66,55,20,20,55,True,1,,,False
131,1,67,85,15,15,91,True,0,,,False
131,1,68,113,0,0,18,False,1,,,False
131,1,69,68,-1,130,1,True,0,,,False
131,1,70,27,18,18,97,True,1,,,False
131,1,71,50,0,0,129,False,3,,,False
131,1,72,108,12,12,116,True,1,,,False
131,1,73,117,10,10,102,True,1,,,False
131,1,74,19,3,3,23,True,0,,,False
131,1,75,2,-8,123,67,True,3,,,False
131,1,76,69,-12,119,27,True,3,,,False
131,1,77,20,6,6,41,True,1,,,False
131,1,78,81,12,12,21,True,1,,,False
131,1,79,75,-4,127,55,True,1,,,False
131,1,80,94,0,0,32,False,1,,,False
131,1,81,16,-12,119,43,True,1,,,False
131,1,82,49,-8,123,92,True,1,,,False
131,1,83,83,-12,119,5,True,3,,,False
131,1,84,71,-9,122,28,True,0,,,False
131,1,85,5,22,22,59,True,1,,,False
131,1,86,12,18,18,86,True,1,,,False
131,1,87,33,4,4,105,True,1,,,False
131,1,88,39,6,6,1,True,1,,,False
131,1,89,119,19,19,75,True,0,,,False
131,1,90,62,0,0,19,False,1,,,False
131,1,91,107,-20,111,102,True,1,,,False
131,1,92,40,-11,120,26,True,0,,,False
131,1,93,32,-20,111,14,True,3,,,False
131,1,94,4,-6,125,30,True,1,,,False
131,1,95,88,-1,130,129,True,0,,,False
131,1,96,23,-13,118,45,True,0,,,False
131,1,97,44,6,6,107,True,1,,,False
131,1,98,91,-8,123,106,True,1,,,False
131,1,99,21,12,12,57,True,1,,,False
131,1,100,48,2,2,36,True,1,,,False
131,1,101,66,-12,119,89,True,3,,,False
131,1,102,13,14,14,118,True,1,,,False
131,1,103,129,10,10,0,True,1,,,False
131,1,104,116,-13,118,117,True,0,,,False
131,1,105,30,13,13,17,True,0,,,False
131,1,106,126,-15,116,2,True,0,,,False
131,1,107,124,7,7,47,True,0,,,False
131,1,108,78,-15,116,125,True,0,,,False
131,1,109,90,3,3,26,True,0,,,False
131,1,110,121,-6,125,28,True,1,,,False
131,1,111,65,10,10,74,True,1,,,False
131,1,112,73,8,8,5,True,3,,,False
131,1,113,127,-7,124,122,True,0,,,False
131,1,114,8,-12,119,75,True,3,,,False
131,1,115,6,-12,119,57,True,3,,,False
131,1,116,123,-2,129,60,True,1,,,False
131,1,117,86,13,13,69,True,0,,,False
131,1,118,9,-18,113,15,True,1,,,False
131,1,119,87,-21,110,50,True,0,,,False
131,1,120,106,9,9,81,True,0,,,False
131,1,121,101,-16,115,36,True,1,,,False
131,1,122,70,5,5,85,True,0,,,False
131,1,123,17,15,15,115,True,0,,,False
131,1,124,29,-12,119,64,True,3,,,False
131,1,125,35,10,10,88,True,1,,,False
131,1,126,26,15,15,55,True,0,,,False
131,1,127,112,8,8,98,True,1,,,False
131,1,128,37,-7,124,123,True,0,,,False
131,1,129,43,-8,123,56,True,1,,,False
131,1,130,130,-4,127,63,True,3,,,False
131,2,0,25,0,0,121,False,3,,,False
131,2,1,18,14,14,69,True,1,,,False
131,2,2,118,-8,123,20,True,1,,,False
131,2,3,122,-8,123,95,True,1,,,False
131,2,4,74,-20,111,91,True,3,,,False
131,2,5,96,-12,119,43,True,1,,,False
131,2,6,89,3,3,24,True,0,,,False
131,2,7,76,-20,111,72,True,1,,,False
131,2,8,60,-11,120,126,True,0,,,False
131,2,9,31,0,0,54,False,1,,,False
131,2,10,82,0,0,79,False,1,,,False
131,2,11,77,5,5,95,True,0,,,False
131,2,12,51,-10,121,57,True,1,,,False
131,2,13,80,-21,110,127,True,0,,,False
131,2,14,22,12,12,83,True,1,,,False
131,2,15,115,-4,127,109,True,1,,,False
131,2,16,14,-12,119,20,True,1,,,False
131,2,17,99,-5,126,97,True,0,,,False
131,2,18,92,12,12,42,True,1,,,False
131,2,19,125,1,1,64,True,0,,,False
131,2,20,38,-7,124,121,True,0,,,False
131,2,21,59,16,16,29,True,3,,,False
131,2,23,95,16,16,27,True,1,,,False
131,2,24,102,1,1,117,True,0,,,False
131,2,25,100,-21,110,123,True,0,,,False
131,2,26,98,-6,125,88,True,1,,,False
131,2,27,103,-6,125,24,True,1,,,False
131,2,28,47,-2,129,108,True,1,,,False
131,2,29,45,17,17,92,True,0,,,False
131,2,30,15,4,4,73,True,3,,,False
131,2,31,93,-14,117,64,True,1,,,False
131,2,32,128,-6,125,94,True,1,,,False
131,2,33,111,18,18,5,True,1,,,False
131,2,34,28,0,0,12,False,3,,,False
131,2,35,36,-3,128,28,True,0,,,False
131,2,36,109,20,20,42,True,3,,,False
131,2,37,67,-6,125,64,True,1,,,False
131,2,38,72,16,16,96,True,1,,,False
131,2,39,52,4,4,2,True,3,,,False
131,2,40,7,3,3,82,True,0,,,False
131,2,41,41,-15,116,112,True,0,,,False
131,2,42,54,-6,125,82,True,1,,,False
131,2,43,42,-22,109,87,True,1,,,False
131,2,44,79,14,14,69,True,1,,,False
131,2,45,10,0,0,124,False,1,,,False
131,2,46,104,18,18,91,True,1,,,False
131,2,47,105,17,17,74,True,0,,,False
131,2,48,97,-4,127,97,True,1,,,False
131,2,49,1,-4,127,103,True,3,,,False
131,2,50,53,-12,119,49,True,3,,,False
131,2,51,110,-2,129,87,True,1,,,False
131,2,52,63,15,15,46,True,0,,,False
131,2,53,61,3,3,26,True,0,,,False
131,2,54,56,10,10,67,True,1,,,False
131,2,55,120,-18,113,12,True,1,,,False
131,2,56,64,15,15,109,True,0,,,False
131,2,57,34,-4,127,12,True,3,,,False
131,2,58,24,-4,127,42,True,1,,,False
131,2,59,3,-12,119,3,True,3,,,False
131,2,60,114,-1,130,15,True,0,,,False
131,2,61,84,9,9,27,True,0,,,False
131,2,62,58,-9,122,50,True,0,,,False
131,2,63,11,-7,124,3,True,0,,,False
131,2,64,57,-18,113,4,True,1,,,False
131,2,65,46,9,9,99,True,0,,,False
131,2,66,46,-9,122,99,True,0,,,False
131,2,67,57,18,18,4,True,1,,,False
131,2,68,11,7,7,3,True,0,,,False
131,2,69,58,9,9,50,True,0,,,False
131,2,70,84,-9,122,27,True,0,,,False
131,2,71,114,1,1,15,True,0,,,False
131,2,72,3,12,12,3,True,3,,,False
131,2,73,24,4,4,42,True,1,,,False
131,2,74,34,4,4,12,True,3,,,False
131,2,75,64,-15,116,109,True,0,,,False
131,2,76,120,18,18,12,True,1,,,False
131,2,77,56,-10,121,67,True,1,,,False
131,2,78,61,-3,128,26,True,0,,,False
131,2,79,63,-15,116,46,True,0,,,False
131,2,80,110,2,2,87,True,1,,,False
131,2,81,53,12,12,49,True,3,,,False
131,2,82,1,4,4,103,True,3,,,False
131,2,83,97,4,4,97,True,1,,,False
131,2,84,105,-17,114,74,True,0,,,False
131,2,85,104,-18,113,91,True,1,,,False
131,2,86,10,0,0,124,False,1,,,False
131,2,87,79,-14,117,69,True,1,,,False
131,2,88,42,22,22,87,True,1,,,False
131,2,89,54,6,6,82,True,1,,,False
131,2,90,41,15,15,112,True,0,,,False
131,2,91,7,-3,128,82,True,0,,,False
131,2,92,52,-4,127,2,True,3,,,False
131,2,93,72,-16,115,96,True,1,,,False
131,2,94,67,6,6,64,True,1,,,False
131,2,95,109,-20,111,42,True,3,,,False
131,2,96,36,3,3,28,True,0,,,False
131,2,97,28,0,0,12,False,3,,,False
131,2,98,111,-18,113,5,True,1,,,False
131,2,99,128,6,6,94,True,1,,,False
131,2,100,93,14,14,64,True,1,,,False
131,2,101,15,-4,127,73,True,3,,,False
131,2,102,45,-17,114,92,True,0,,,False
131,2,103,47,2,2,108,True,1,,,False
131,2,104,103,6,6,24,True,1,,,False
131,2,105,98,6,6,88,True,1,,,False
131,2,106,100,21,21,123,True,0,,,False
131,2,107,102,-1,130,117,True,0,,,False
131,2,108,95,-16,115,27,True,1,,,False
131,2,110,59,-16,115,29,True,3,,,False
131,2,111,38,7,7,121,True,0,,,False
131,2,112,125,-1,130,64,True,0,,,False
131,2,113,92,-12,119,42,True,1,,,False
131,2,114,99,5,5,97,True,0,,,False
131,2,115,14,12,12,20,True,1,,,False
131,2,116,115,4,4,109,True,1,,,False
131,2,117,22,-12,119,83,True,1,,,False
131,2,118,80,21,21,127,True,0,,,False
131,2,119,51,10,10,57,True,1,,,False
131,2,120,77,-5,126,95,True,0,,,False
131,2,121,82,0,0,79,False,1,,,False
131,2,122,31,0,0,54,False,1,,,False
131,2,123,60,11,11,126,True,0,,,False
131,2,124,76,20,20,72,True,1,,,False
131,2,125,89,-3,128,24,True,0,,,False
131,2,126,96,12,12,43,True,1,,,False
131,2,127,74,20,20,91,True,3,,,False
131,2,128,122,8,8,95,True,1,,,False
131,2,129,118,8,8,20,True,1,,,False
131,2,130,18,-14,117,69,True,1,,,False
137,0,1,0,0,0,78,False,1,,,False
137,0,3,0,0,0,67,False,1,,,False
137,1,0,84,-22,115,0,True,3,0,0,True
137,1,1,2,12,12,37,True,1,,,False
137,1,2,3,-6,131,108,True,3,,,False
137,1,3,18,-14,123,116,True,1,,,False
137,1,4,134,-7,130,109,True,0,,,False
137,1,5,81,18,18,118,True,1,,,False
137,1,6,52,9,9,127,True,0,,,False
137,1,7,126,-18,119,17,True,1,,,False
137,1,8,91,3,3,116,True,0,,,False
137,1,9,75,-17,120,8,True,0,,,False
137,1,10,82,18,18,136,True,3,,,False
137,1,11,85,-6,131,130,True,3,,,False
137,1,12,6,-17,120,121,True,0,,,False
137,1,13,49,2,2,0,True,1,,,False
137,1,14,22,0,0,130,False,1,,,False
137,1,15,63,12,12,125,True,1,,,False
137,1,16,30,-4,133,50,True,1,,,False
137,1,17,106,-19,118,38,True,0,,,False
137,1,18,116,-2,135,91,True,3,,,False
137,1,19,14,-2,135,76,True,1,,,False
137,1,20,40,9,9,67,True,0,,,False
137,1,21,95,1,1,2,True,0,,,False
137,1,22,78,0,0,74,False,1,,,False
137,1,23,114,13,13,70,True,0,,,False
137,1,24,136,0,0,56,False,1,,,False
137,1,25,12,-6,131,95,True,3,,,False
137,1,26,37,-8,129,66,True,1,,,True
137,1,27,72,-12,125,5,True,1,,,False
137,1,28,86,14,14,69,True,3,,,False
137,1,29,135,12,12,103,True,1,,,False
137,1,30,36,6,6,114,True,1,,,False
137,1,31,105,18,18,14,True,1,,,False
137,1,32,47,-10,127,74,True,3,,,False
137,1,33,130,-8,129,39,True,1,,,True
137,1,34,38,4,4,110,True,1,,,False
137,1,35,1,-2,135,72,True,1,,,False
137,1,36,10,-23,114,106,True,0,,,False
137,1,37,39,-12,125,12,True,1,,,False
137,1,38,4,14,14,61,True,1,,,False
137,1,39,64,-2,135,59,True,1,,,False
137,1,40,46,-5,132,104,True,0,,,False
137,1,41,45,6,6,110,True,3,,,False
137,1,42,92,9,9,0,True,0,,,False
137,1,43,80,-5,132,73,True,0,,,False
137,1,44,32,-2,135,49,True,1,,,False
137,1,45,21,15,15,91,True,0,,,False
137,1,46,48,-19,118,71,True,0,,,False
137,1,47,17,-10,127,27,True,1,,,False
137,1,48,24,-5,132,13,True,0,,,False
137,1,49,66,-15,122,47,True,0,,,False
137,1,50,102,-15,122,98,True,0,,,False
137,1,51,70,22,22,97,True,3,1,1,True
137,1,52,54,6,6,9,True,3,,,False
137,1,53,74,14,14,118,True,1,,,False
137,1,54,23,-3,134,43,True,0,,,False
137,1,55,119,16,16,31,True,1,,,False
137,1,56,61,18,18,6,True,1,,,False
137,1,57,115,18,18,98,True,1,,,False
137,1,58,62,3,3,119,True,0,,,False
137,1,59,83,-3,134,63,True,0,,,False
137,1,60,107,-8,129,11,True,1,,,True
137,1,61,67,6,6,104,True,3,,,False
137,1,62,9,-10,127,55,True,1,,,False
137,1,63,60,-10,127,17,True,1,,,False
137,1,64,35,21,21,30,True,0,,,False
137,1,65,129,20,20,103,True,1,,,False
137,1,66,87,-12,125,16,True,1,,,False
137,1,67,20,-5,132,84,True,0,,,False
137,1,68,44,-6,131,16,True,1,,,False
137,2,0,84,22,22,0,True,3,0,0,True
137,2,1,92,-9,128,0,True,0,,,False
137,2,2,74,-14,123,96,True,1,,,False
137,2,3,85,6,6,57,True,3,,,False
137,2,4,105,-18,119,114,True,1,,,False
137,2,5,35,-21,116,108,True,0,,,False
137,2,6,78,0,0,102,False,1,,,False
137,2,7,40,-9,128,115,True,0,,,False
137,2,8,9,10,10,76,True,1,,,False
137,2,9,130,8,8,113,True,1,,,True
137,2,10,75,17,17,26,True,0,,,False
137,2,11,70,-22,115,7,True,3,1,1,True
137,2,12,32,2,2,12,True,1,,,False
137,2,13,3,6,6,60,True,3,,,False
137,2,14,46,5,5,64,True,0,,,False
137,2,15,119,-16,121,2,True,1,,,False
137,2,16,49,-2,135,0,True,1,,,False
137,2,17,135,-12,125,95,True,1,,,False
137,2,18,87,12,12,85,True,1,,,False
137,2,19,136,0,0,92,False,1,,,False
137,2,20,116,2,2,56,True,3,,,False
137,2,21,107,8,8,70,True,1,,,True
137,2,22,1,2,2,40,True,1,,,False
137,2,23,126,18,18,21,True,1,,,False
137,2,24,66,15,15,50,True,0,,,False
137,2,25,48,19,19,9,True,0,,,False
137,2,26,134,7,7,91,True,0,,,False
137,2,27,4,-14,123,27,True,1,,,False
137,2,28,115,-18,119,24,True,1,,,False
137,2,29,63,-12,125,39,True,1,,,False
137,2,30,72,12,12,119,True,1,,,False
137,2,31,44,6,6,85,True,1,,,False
137,2,32,37,8,8,128,True,1,,,True
137,2,33,30,4,4,94,True,1,,,False
137,2,34,62,-3,134,10,True,0,,,False
137,2,35,39,12,12,98,True,1,,,False
137,2,36,81,-18,119,41,True,1,,,False
137,2,37,17,10,10,122,True,1,,,False
137,2,38,24,5,5,129,True,0,,,False
137,2,39,52,-9,128,101,True,0,,,False
137,2,40,10,23,23,2,True,0,,,False
137,2,41,83,3,3,35,True,0,,,False
137,2,42,106,19,19,82,True,0,,,False
137,2,43,12,6,6,69,True,3,,,False
137,2,44,20,5,5,136,True,0,,,False
137,2,45,86,-14,123,84,True,3,,,False
137,2,46,22,0,0,80,False,1,,,False
137,2,47,61,-18,119,88,True,1,,,False
137,2,48,64,2,2,48,True,1,,,False
137,2,49,18,14,14,103,True,1,,,False
137,2,50,21,-15,122,56,True,0,,,False
137,2,51,102,15,15,24,True,0,,,False
137,2,52,91,-3,134,34,True,0,,,False
137,2,53,38,-4,133,15,True,1,,,False
137,2,54,67,-6,131,73,True,3,,,False
137,2,55,14,2,2,27,True,1,,,False
137,2,56,114,-13,124,22,True,0,,,False
137,2,57,129,-20,117,95,True,1,,,False
137,2,58,36,-6,131,109,True,1,,,False
137,2,59,6,17,17,85,True,0,,,False
137,2,60,23,3,3,37,True,0,,,False
137,2,61,45,-6,131,122,True,3,,,False
137,2,62,2,-12,125,86,True,1,,,False
137,2,63,80,5,5,66,True,0,,,False
137,2,64,54,-6,131,5,True,3,,,False
137,2,65,82,-18,119,106,True,3,,,False
137,2,66,47,10,10,35,True,3,,,False
137,2,67,60,10,10,116,True,1,,,False
137,2,68,95,-1,136,62,True,0,,,False
137,3,0,84,-8,129,0,True,1,0,0,True
137,3,1,122,9,9,58,True,0,,,False
137,3,2,42,-22,115,99,True,1,2,2,True
137,3,3,68,-18,119,131,True,3,,,False
137,3,4,99,-14,123,72,True,3,,,False
137,3,5,73,6,6,41,True,3,,,False
137,3,6,118,-2,135,58,True,3,,,False
137,3,7,133,13,13,104,True,0,,,False
137,3,8,13,14,14,132,True,1,,,False
137,3,9,120,11,11,88,True,0,,,False
137,3,10,77,-11,126,125,True,0,,,False
137,3,11,109,-9,128,127,True,0,,,False
137,3,12,43,-12,125,85,True,1,,,False
137,3,13,55,-12,125,35,True,1,,,False
137,3,14,51,-6,131,59,True,1,,,False
137,3,15,93,7,7,98,True,0,,,False
137,3,16,113,6,6,2,True,1,,,False
137,3,17,97,-8,129,19,True,1,,,True
137,3,18,128,10,10,63,True,3,,,False
137,3,19,88,2,2,26,True,3,,,False
137,3,20,89,-6,131,71,True,1,,,False
137,3,21,26,-12,125,14,True,1,,,False
137,3,22,104,-16,121,86,True,1,,,False
137,3,23,5,22,22,3,True,1,2,2,True
137,3,24,79,12,12,8,True,1,,,False
137,3,25,131,-18,119,2,True,1,,,False
137,3,26,15,17,17,6,True,0,,,False
137,3,27,7,-1,136,122,True,0,,,False
137,3,28,111,8,8,24,True,1,,,True
137,3,29,98,3,3,90,True,0,,,False
137,3,30,101,15,15,53,True,0,,,False
137,3,31,56,-3,134,123,True,0,,,False
137,3,32,124,-12,125,107,True,1,,,False
137,3,33,25,-13,124,80,True,0,,,False
137,3,34,108,-4,133,31,True,1,,,False
137,3,35,53,12,12,121,True,1,,,False
137,3,36,50,-10,127,82,True,3,,,False
137,3,37,112,3,3,57,True,0,,,False
137,3,38,57,-12,125,66,True,1,,,False
137,3,39,110,20,20,117,True,1,,,False
137,3,40,19,-2,135,3,True,3,,,False
137,3,41,65,-3,134,4,True,0,,,False
137,3,42,69,-5,132,78,True,0,,,False
137,3,43,96,16,16,133,True,1,,,False
137,3,44,90,-6,131,45,True,1,,,False
137,3,45,103,21,21,134,True,0,,,False
137,3,46,41,8,8,36,True,1,,,True
137,3,47,16,10,10,36,True,3,,,False
137,3,48,121,17,17,49,True,0,,,False
137,3,49,127,18,18,55,True,1,,,False
137,3,50,117,12,12,45,True,1,,,False
137,3,51,31,4,4,126,True,1,,,False
137,3,52,58,-2,135,127,True,1,,,False
137,3,53,29,-6,131,58,True,1,,,False
137,3,54,11,-21,116,97,True,0,,,False
137,3,55,132,-16,121,54,True,1,,,False
137,3,56,94,-6,131,29,True,1,,,False
137,3,57,100,-9,128,111,True,0,,,False
137,3,58,59,-3,134,100,True,0,,,False
137,3,59,33,2,2,111,True,1,,,False
137,3,60,8,-1,136,6,True,0,,,False
137,3,61,34,18,18,136,True,3,,,False
137,3,62,28,-9,128,81,True,0,,,False
137,3,64,76,7,7,81,True,0,,,False
137,3,65,27,-10,127,110,True,1,,,False
137,3,66,123,18,18,37,True,3,,,False
137,3,67,125,2,2,116,True,1,,,False
137,3,68,71,-18,119,9,True,1,,,False
137,5,0,84,8,8,0,True,1,0,0,True
137,5,1,55,12,12,30,True,1,,,False
137,5,2,15,-17,120,103,True,0,,,False
137,5,3,110,-20,117,22,True,1,,,False
137,5,4,58,2,2,11,True,1,,,False
137,5,5,27,10,10,16,True,1,,,False
137,5,6,33,-2,135,81,True,1,,,False
137,5,7,41,-8,129,67,True,1,,,True
137,5,8,25,13,13,88,True,0,,,False
137,5,9,89,6,6,37,True,1,,,False
137,5,10,133,-13,124,87,True,0,,,False
137,5,11,118,2,2,128,True,3,,,False
137,5,12,88,-2,135,81,True,3,,,False
137,5,13,124,12,12,33,True,1,,,False
137,5,14,103,-21,116,17,True,0,,,False
137,5,15,59,3,3,27,True,0,,,False
137,5,16,123,-18,119,27,True,3,,,False
137,5,17,29,6,6,9,True,1,,,False
137,5,18,19,2,2,17,True,3,,,False
137,5,19,7,1,1,52,True,0,,,False
137,5,20,51,6,6,106,True,1,,,False
137,5,21,122,-9,128,9,True,0,,,False
137,5,22,43,12,12,112,True,1,,,False
137,5,23,131,18,18,80,True,1,,,False
137,5,24,57,12,12,37,True,1,,,False
137,5,25,31,-4,133,108,True,1,,,False
137,5,26,76,-7,130,89,True,0,,,False
137,5,27,8,1,1,34,True,0,,,False
137,5,28,16,-10,127,67,True,3,,,False
137,5,29,108,4,4,130,True,1,,,False
137,5,30,26,12,12,125,True,1,,,False
137,5,31,13,-14,123,63,True,1,,,False
137,5,32,73,-6,131,133,True,3,,,False
137,5,33,128,-10,127,54,True,3,,,False
137,5,34,56,3,3,125,True,0,,,False
137,5,35,90,6,6,19,True,1,,,False
137,5,36,100,9,9,56,True,0,,,False
137,5,37,125,-2,135,18,True,1,,,False
137,5,38,11,21,21,93,True,0,,,False
137,5,39,65,3,3,114,True,0,,,False
137,5,40,111,-8,129,136,True,1,,,True
137,5,41,93,-7,130,53,True,0,,,False
137,5,42,42,22,22,13,True,1,2,2,True
137,5,43,109,9,9,11,True,0,,,False
137,5,44,79,-12,125,46,True,1,,,False
137,5,45,112,-3,134,88,True,0,,,False
137,5,46,117,-12,125,19,True,1,,,False
137,5,48,34,-18,119,40,True,3,,,False
137,5,49,121,-17,120,95,True,0,,,False
137,5,50,53,-12,125,92,True,1,,,False
137,5,51,104,16,16,122,True,1,,,False
137,5,52,120,-11,126,42,True,0,,,False
137,5,53,99,14,14,3,True,3,,,False
137,5,54,97,8,8,75,True,1,,,True
137,5,55,101,-15,122,65,True,0,,,False
137,5,56,96,-16,121,114,True,1,,,False
137,5,57,94,6,6,64,True,1,,,False
137,5,58,71,18,18,51,True,1,,,False
137,5,59,132,16,16,32,True,1,,,False
137,5,60,69,5,5,31,True,0,,,False
137,5,61,98,-3,134,99,True,0,,,False
137,5,62,113,-6,131,57,True,1,,,False
137,5,63,68,18,18,103,True,3,,,False
137,5,64,77,11,11,68,True,0,,,False
137,5,65,5,-22,115,120,True,1,2,2,True
137,5,66,50,10,10,129,True,3,,,False
137,5,67,127,-18,119,8,True,1,,,False
137,5,68,28,9,9,89,True,0,,,False
139,0,1,0,-16,123,0,True,3,0,0,True
139,0,2,0,-23,116,0,True,0,0,0,True
139,0,3,0,7,7,0,True,0,0,0,True
139,0,4,0,-7,132,0,True,0,0,0,True
139,0,8,0,16,16,0,True,3,0,0,True
139,0,9,0,23,23,0,True,0,0,0,True
139,1,0,60,0,0,6,False,1,,,False
139,1,1,75,14,14,73,True,1,,,False
139,1,2,22,-8,131,104,True,1,,,False
139,1,3,64,9,9,128,True,0,,,False
139,1,4,137,-8,131,3,True,3,,,False
139,1,5,124,20,20,81,True,3,,,False
139,1,6,80,-3,136,113,True,0,,,False
139,1,7,69,11,11,102,True,0,,,False
139,1,8,108,8,8,107,True,1,,,False
139,1,9,18,-2,137,49,True,1,,,False
139,1,10,70,-16,123,19,True,1,,,True
139,1,11,7,-5,134,107,True,0,,,False
139,1,13,127,19,19,37,True,0,,,False
139,1,14,37,-4,135,11,True,3,,,False
139,1,15,125,-9,130,110,True,0,,,False
139,1,16,42,-13,126,101,True,0,,,False
139,1,17,89,19,19,123,True,0,,,False
139,1,18,91,12,12,40,True,3,,,False
139,1,19,71,11,11,85,True,0,,,False
139,1,20,1,-3,136,92,True,0,,,False
139,1,21,72,-2,137,121,True,1,,,False
139,1,22,40,14,14,23,True,1,,,False
139,1,23,131,-9,130,109,True,0,,,False
139,1,24,119,-20,119,133,True,1,,,False
139,1,25,4,-5,134,102,True,0,,,False
139,1,26,82,14,14,80,True,1,,,False
139,1,27,28,7,7,27,True,0,,,True
139,1,28,56,-2,137,82,True,1,,,False
139,1,29,128,-10,129,88,True,1,,,False
139,1,30,68,16,16,115,True,1,1,1,True
139,1,31,34,12,12,126,True,3,,,False
139,1,32,66,-7,132,120,True,0,,,True
139,1,33,110,-4,135,24,True,1,,,False
139,1,34,3,-16,123,105,True,1,,,True
139,1,35,59,-18,121,131,True,1,,,False
139,1,36,62,12,12,127,True,1,,,False
139,1,37,65,0,0,82,False,3,,,False
139,1,38,96,5,5,54,True,0,,,False
139,1,39,130,2,2,25,True,1,,,False
139,1,40,46,-17,122,90,True,0,,,False
139,1,41,32,10,10,131,True,1,,,False
139,1,42,41,-20,119,50,True,3,,,False
139,1,43,52,-4,135,61,True,3,,,False
139,1,44,20,13,13,128,True,0,,,False
139,1,45,26,16,16,62,True,1,,,True
139,1,46,74,-18,121,104,True,1,,,False
139,1,47,15,8,8,110,True,1,,,False
139,1,48,135,8,8,21,True,1,,,False
139,1,49,92,-22,117,8,True,1,,,False
139,1,50,23,-6,133,116,True,1,,,False
139,1,51,53,16,16,1,True,1,,,True
139,1,52,14,6,6,71,True,1,,,False
139,1,53,57,-5,134,92,True,0,,,False
139,1,54,107,20,20,22,True,3,,,False
139,1,55,103,-12,127,75,True,1,,,False
139,1,56,93,14,14,31,True,1,,,False
139,1,57,106,12,12,57,True,3,,,False
139,1,58,132,14,14,70,True,1,,,False
139,1,59,117,-19,120,85,True,0,,,False
139,1,60,67,13,13,14,True,0,,,False
139,1,61,87,6,6,131,True,1,,,False
139,1,62,45,3,3,57,True,0,,,False
139,1,63,19,-2,137,110,True,1,,,False
139,1,64,134,10,10,88,True,1,,,False
139,1,65,133,-12,127,20,True,1,,,False
139,1,66,112,13,13,71,True,0,,,False
139,1,67,38,-4,135,37,True,3,,,False
139,1,68,8,0,0,5,False,1,,,False
139,1,69,129,5,5,45,True,0,,,False
139,1,70,129,-5,134,45,True,0,,,False
139,1,71,8,0,0,5,False,1,,,False
139,1,72,38,4,4,37,True,3,,,False
139,1,73,112,-13,126,71,True,0,,,False
139,1,74,133,12,12,20,True,1,,,False
139,1,75,134,-10,129,88,True,1,,,False
139,1,76,19,2,2,110,True,1,,,False
139,1,77,45,-3,136,57,True,0,,,False
139,1,78,87,-6,133,131,True,1,,,False
139,1,79,67,-13,126,14,True,0,,,False
139,1,80,117,19,19,85,True,0,,,False
139,1,81,132,-14,125,70,True,1,,,False
139,1,82,106,-12,127,57,True,3,,,False
139,1,83,93,-14,125,31,True,1,,,False
139,1,84,103,12,12,75,True,1,,,False
139,1,85,107,-20,119,22,True,3,,,False
139,1,86,57,5,5,92,True,0,,,False
139,1,87,14,-6,133,71,True,1,,,False
139,1,88,53,-16,123,1,True,1,,,True
139,1,89,23,6,6,116,True,1,,,False
139,1,90,92,22,22,8,True,1,,,False
139,1,91,135,-8,131,21,True,1,,,False
139,1,92,15,-8,131,110,True,1,,,False
139,1,93,74,18,18,104,True,1,,,False
139,1,94,26,-16,123,62,True,1,,,True
139,1,95,20,-13,126,128,True,0,,,False
139,1,96,52,4,4,61,True,3,,,False
139,1,97,41,20,20,50,True,3,,,False
139,1,98,32,-10,129,131,True,1,,,False
139,1,99,46,17,17,90,True,0,,,False
139,1,100,130,-2,137,25,True,1,,,False
139,1,101,96,-5,134,54,True,0,,,False
139,1,102,65,0,0,82,False,3,,,False
139,1,103,62,-12,127,127,True,1,,,False
139,1,104,59,18,18,131,True,1,,,False
139,1,105,3,16,16,105,True,1,,,True
139,1,106,110,4,4,24,True,1,,,False
139,1,107,66,7,7,120,True,0,,,True
139,1,108,34,-12,127,126,True,3,,,False
139,1,109,68,-16,123,115,True,1,1,1,True
139,1,110,128,10,10,88,True,1,,,False
139,1,111,56,2,2,82,True,1,,,False
139,1,112,28,-7,132,27,True,0,,,True
139,1,113,82,-14,125,80,True,1,,,False
139,1,114,4,5,5,102,True,0,,,False
139,1,115,119,20,20,133,True,1,,,False
139,1,116,131,9,9,109,True,0,,,False
139,1,117,40,-14,125,23,True,1,,,False
139,1,118,72,2,2,121,True,1,,,False
139,1,119,1,3,3,92,True,0,,,False
139,1,120,71,-11,128,85,True,0,,,False
139,1,121,91,-12,127,40,True,3,,,False
139,1,122,89,-19,120,123,True,0,,,False
139,1,123,42,13,13,101,True,0,,,False
139,1,124,125,9,9,110,True,0,,,False
139,1,125,37,4,4,11,True,3,,,False
139,1,126,127,-19,120,37,True,0,,,False
139,1,128,7,5,5,107,True,0,,,False
139,1,129,70,16,16,19,True,1,,,True
139,1,130,18,2,2,49,True,1,,,False
139,1,131,108,-8,131,107,True,1,,,False
139,1,132,69,-11,128,102,True,0,,,False
139,1,133,80,3,3,113,True,0,,,False
139,1,134,124,-20,119,81,True,3,,,False
139,1,135,137,8,8,3,True,3,,,False
139,1,136,64,-9,130,128,True,0,,,False
139,1,137,22,8,8,104,True,1,,,False
139,1,138,75,-14,125,73,True,1,,,False
139,2,0,60,0,0,22,False,3,,,False
139,2,1,115,8,8,23,True,3,,,False
139,2,2,113,10,10,129,True,1,,,False
139,2,3,55,12,12,0,True,1,,,False
139,2,4,100,0,0,5,False,1,,,False
139,2,5,21,-19,120,41,True,0,,,False
139,2,6,44,0,0,71,False,1,,,False
139,2,7,104,7,7,51,True,0,,,True
139,2,8,39,12,12,32,True,3,,,False
139,2,9,33,-15,124,69,True,0,,,False
139,2,10,99,-14,125,31,True,1,,,False
139,2,11,27,-12,127,54,True,3,,,False
139,2,12,9,-14,125,110,True,1,,,False
139,2,13,101,5,5,99,True,0,,,False
139,2,14,6,-12,127,55,True,1,,,False
139,2,15,111,11,11,103,True,0,,,False
139,2,16,97,13,13,97,True,0,,,False
139,2,17,54,-14,125,53,True,1,,,False
139,2,18,17,23,23,69,True,0,,,True
139,2,19,25,2,2,16,True,1,,,False
139,2,20,86,2,2,135,True,1,,,False
139,2,21,11,10,10,5,True,1,,,False
139,2,22,81,-2,137,6,True,1,,,False
139,2,23,13,4,4,132,True,1,,,False
139,2,24,120,-8,131,91,True,1,,,False
139,2,25,85,4,4,128,True,3,,,False
139,2,26,109,-1,138,58,True,0,,,False
139,2,27,122,-14,125,43,True,1,,,False
139,2,28,73,4,4,89,True,3,,,False
139,2,29,98,-11,128,121,True,0,,,False
139,2,30,36,0,0,129,False,1,,,False
139,2,31,121,16,16,71,True,1,,,True
139,2,32,123,-16,123,107,True,3,,,True
139,2,33,5,-4,135,28,True,1,,,False
139,2,34,95,-21,118,113,True,0,,,False
139,2,35,49,-10,129,126,True,1,,,False
139,2,36,76,-21,118,85,True,0,,,False
139,2,37,12,-4,135,127,True,3,,,False
139,2,38,47,4,4,123,True,1,,,False
139,2,39,50,1,1,18,True,0,,,False
139,2,40,84,15,15,133,True,0,,,False
139,2,41,58,-17,122,42,True,0,,,False
139,2,42,116,6,6,74,True,1,,,False
139,2,43,51,4,4,137,True,1,,,False
139,2,44,48,-4,135,2,True,3,,,False
139,2,45,24,-10,129,61,True,1,,,False
139,2,46,35,-14,125,4,True,1,,,False
139,2,47,31,20,20,22,True,1,,,False
139,2,48,79,4,4,91,True,1,,,False
139,2,49,88,5,5,32,True,0,,,False
139,2,50,77,22,22,33,True,1,,,False
139,2,51,30,16,16,138,True,1,,,True
139,2,52,83,-20,119,104,True,1,,,False
139,2,53,16,-20,119,89,True,1,,,False
139,2,54,114,16,16,59,True,3,,,True
139,2,55,90,-20,119,76,True,3,,,False
139,2,56,10,5,5,107,True,0,,,False
139,2,57,78,-8,131,23,True,1,,,False
139,2,58,61,-1,138,36,True,0,,,False
139,2,59,136,4,4,45,True,1,,,False
139,2,60,29,22,22,107,True,1,,,False
139,2,61,126,5,5,89,True,0,,,False
139,2,62,2,-1,138,82,True,0,,,False
139,2,63,138,-9,130,129,True,0,,,False
139,2,64,43,7,7,39,True,0,,,True
139,2,65,118,10,10,89,True,1,,,False
139,2,66,94,-15,124,78,True,0,,,False
139,2,67,102,4,4,25,True,3,,,False
139,2,68,105,-9,130,53,True,0,,,False
139,2,69,63,-4,135,12,True,1,,,False
139,2,70,63,4,4,12,True,1,,,False
139,2,71,105,9,9,53,True,0,,,False
139,2,72,102,-4,135,25,True,3,,,False
139,2,73,94,15,15,78,True,0,,,False
139,2,74,118,-10,129,89,True,1,,,False
139,2,75,43,-7,132,39,True,0,,,True
139,2,76,138,9,9,129,True,0,,,False
139,2,77,2,1,1,82,True,0,,,False
139,2,78,126,-5,134,89,True,0,,,False
139,2,79,29,-22,117,107,True,1,,,False
139,2,80,136,-4,135,45,True,1,,,False
139,2,81,61,1,1,36,True,0,,,False
139,2,82,78,8,8,23,True,1,,,False
139,2,83,10,-5,134,107,True,0,,,False
139,2,84,90,20,20,76,True,3,,,False
139,2,85,114,-16,123,59,True,3,,,True
139,2,86,16,20,20,89,True,1,,,False
139,2,87,83,20,20,104,True,1,,,False
139,2,88,30,-16,123,138,True,1,,,True
139,2,89,77,-22,117,33,True,1,,,False
139,2,90,88,-5,134,32,True,0,,,False
139,2,91,79,-4,135,91,True,1,,,False
139,2,92,31,-20,119,22,True,1,,,False
139,2,93,35,14,14,4,True,1,,,False
139,2,94,24,10,10,61,True,1,,,False
139,2,95,48,4,4,2,True,3,,,False
139,2,96,51,-4,135,137,True,1,,,False
139,2,97,116,-6,133,74,True,1,,,False
139,2,98,58,17,17,42,True,0,,,False
139,2,99,84,-15,124,133,True,0,,,False
139,2,100,50,-1,138,18,True,0,,,False
139,2,101,47,-4,135,123,True,1,,,False
139,2,102,12,4,4,127,True,3,,,False
139,2,103,76,21,21,85,True,0,,,False
139,2,104,49,10,10,126,True,1,,,False
139,2,105,95,21,21,113,True,0,,,False
139,2,106,5,4,4,28,True,1,,,False
139,2,107,123,16,16,107,True,3,,,True
139,2,108,121,-16,123,71,True,1,,,True
139,2,109,36,0,0,129,False,1,,,False
139,2,110,98,11,11,121,True,0,,,False
139,2,111,73,-4,135,89,True,3,,,False
139,2,112,122,14,14,43,True,1,,,False
139,2,113,109,1,1,58,True,0,,,False
139,2,114,85,-4,135,128,True,3,,,False
139,2,115,120,8,8,91,True,1,,,False
139,2,116,13,-4,135,132,True,1,,,False
139,2,117,81,2,2,6,True,1,,,False
139,2,118,11,-10,129,5,True,1,,,False
139,2,119,86,-2,137,135,True,1,,,False
139,2,120,25,-2,137,16,True,1,,,False
139,2,121,17,-23,116,69,True,0,,,True
139,2,122,54,14,14,53,True,1,,,False
139,2,123,97,-13,126,97,True,0,,,False
139,2,124,111,-11,128,103,True,0,,,False
139,2,125,6,12,12,55,True,1,,,False
139,2,126,101,-5,134,99,True,0,,,False
139,2,127,9,14,14,110,True,1,,,False
139,2,128,27,12,12,54,True,3,,,False
139,2,129,99,14,14,31,True,1,,,False
139,2,130,33,15,15,69,True,0,,,False
139,2,131,39,-12,127,32,True,3,,,False
139,2,132,104,-7,132,51,True,0,,,True
139,2,133,44,0,0,71,False,1,,,False
139,2,134,21,19,19,41,True,0,,,False
139,2,135,100,0,0,5,False,1,,,False
139,2,136,55,-12,127,0,True,1,,,False
139,2,137,113,-10,129,129,True,1,,,False
139,2,138,115,-8,131,23,True,3,,,False
149,0,1,0,0,0,35,False,1,,,False
149,0,2,0,0,0,83,False,1,,,False
149,1,0,89,-14,135,0,True,3,0,0,True
149,1,1,98,14,14,20,True,3,,,True
149,1,2,83,6,6,135,True,3,,,False
149,1,3,31,-24,125,63,True,1,,,False
149,1,4,76,-10,139,102,True,1,,,False
149,1,5,112,6,6,50,True,1,,,False
149,1,6,117,-21,128,64,True,0,,,False
149,1,7,81,6,6,107,True,1,,,False
149,1,8,132,-12,137,71,True,1,,,False
149,1,9,19,-16,133,13,True,1,,,False
149,1,10,111,18,18,33,True,3,,,False
149,1,11,13,5,5,38,True,0,,,False
149,1,12,86,4,4,14,True,1,,,False
149,1,13,39,6,6,103,True,1,,,False
149,1,14,135,9,9,93,True,0,,,False
149,1,15,8,-1,148,38,True,0,,,False
149,1,16,49,10,10,114,True,1,,,False
149,1,17,102,4,4,87,True,1,,,False
149,1,18,52,22,22,114,True,3,,,False
149,1,19,37,-14,135,51,True,1,,,True
149,1,20,138,10,10,132,True,3,,,False
149,1,21,126,-3,146,59,True,0,,,False
149,1,22,6,18,18,88,True,1,,,False
149,1,23,93,11,11,75,True,0,,,False
149,1,24,145,-20,129,141,True,1,,,True
149,1,25,122,-10,139,129,True,3,,,False
149,1,26,123,-6,143,4,True,1,,,False
149,1,27,105,-11,138,70,True,0,,,False
149,1,28,68,0,0,117,False,1,,,False
149,1,29,131,-23,126,68,True,0,,,False
149,1,30,56,-6,143,104,True,3,,,False
149,1,31,50,1,1,147,True,0,,,False
149,1,32,100,12,12,106,True,1,,,False
149,1,33,128,18,18,1,True,3,,,False
149,1,34,116,-12,137,78,True,1,,,False
149,1,35,58,-15,134,102,True,0,,,False
149,1,36,44,-5,144,141,True,0,,,False
149,1,37,133,-18,131,62,True,1,,,False
149,1,38,70,-1,148,73,True,0,,,False
149,1,39,72,-10,139,70,True,3,,,False
149,1,40,40,15,15,34,True,0,,,False
149,1,41,21,9,9,114,True,0,,,False
149,1,42,5,-2,147,99,True,1,,,False
149,1,43,129,-18,131,139,True,1,,,False
149,1,44,140,-14,135,131,True,1,,,True
149,1,45,60,9,9,78,True,0,,,False
149,1,46,3,-13,136,10,True,0,,,False
149,1,47,90,-9,140,81,True,0,,,False
149,1,48,46,-12,137,94,True,1,,,False
149,1,49,134,-15,134,90,True,0,,,False
149,1,50,136,19,19,65,True,0,,,False
149,1,51,110,-6,143,35,True,1,,,False
149,1,52,29,-6,143,20,True,1,,,False
149,1,53,109,5,5,63,True,0,,,False
149,1,54,108,15,15,82,True,0,,,False
149,1,55,107,-16,133,88,True,1,,,False
149,1,56,130,-12,137,66,True,1,,,False
149,1,57,121,8,8,41,True,1,,,False
149,1,58,148,18,18,114,True,1,,,False
149,1,59,115,11,11,21,True,0,,,False
149,1,60,17,18,18,121,True,1,,,False
149,1,61,94,2,2,139,True,3,,,False
149,1,62,65,9,9,110,True,0,,,False
149,1,63,43,-15,134,118,True,0,,,False
149,1,64,127,8,8,36,True,1,,,False
149,1,65,45,4,4,143,True,1,,,False
149,1,66,104,4,4,114,True,1,,,False
149,1,67,103,0,0,84,False,1,,,False
149,1,68,24,-2,147,7,True,1,,,False
149,1,69,106,11,11,4,True,0,,,False
149,1,70,30,0,0,145,False,1,,,False
149,1,71,33,4,4,13,True,1,,,False
149,1,72,84,-6,143,10,True,3,,,False
149,1,73,59,22,22,49,True,3,,,False
149,1,74,144,20,20,47,True,1,,,True
149,2,0,89,20,20,0,True,1,0,0,True
149,2,1,71,-4,145,15,True,1,,,False
149,2,2,114,6,6,103,True,3,,,False
149,2,3,77,-18,131,128,True,1,,,False
149,2,4,1,17,17,59,True,0,,,False
149,2,5,27,-4,145,5,True,1,,,False
149,2,6,118,-6,143,26,True,3,,,False
149,2,7,97,-6,143,146,True,1,,,False
149,2,8,26,11,11,10,True,0,,,False
149,2,9,120,3,3,111,True,0,,,False
149,2,10,51,-20,129,109,True,1,,,True
149,2,11,15,-12,137,112,True,1,,,False
149,2,12,36,6,6,52,True,3,,,False
149,2,13,80,5,5,142,True,0,,,False
149,2,14,48,16,16,94,True,1,,,False
149,2,15,66,20,20,142,True,1,,,True
149,2,16,78,-12,137,125,True,1,,,False
149,2,17,55,-2,147,94,True,1,,,False
149,2,18,12,0,0,40,False,1,,,False
149,2,19,62,0,0,41,False,1,,,False
149,2,20,142,9,9,80,True,0,,,False
149,2,21,95,-3,146,74,True,0,,,False
149,2,22,11,6,6,114,True,1,,,False
149,2,23,137,-14,135,102,True,1,,,True
149,2,24,73,-15,134,87,True,0,,,False
149,2,25,79,14,14,127,True,1,,,True
149,2,26,10,12,12,53,True,1,,,False
149,2,27,124,-14,135,29,True,3,,,True
149,2,28,82,-17,132,17,True,0,,,False
149,2,29,141,6,6,34,True,1,,,False
149,2,30,7,-6,143,125,True,3,,,False
149,2,31,20,-21,128,77,True,0,,,False
149,2,32,74,0,0,48,False,1,,,False
149,2,33,42,2,2,147,True,3,,,False
149,2,34,113,-5,144,148,True,0,,,False
149,2,35,16,1,1,95,True,0,,,False
149,2,36,35,-6,143,51,True,3,,,False
149,2,37,139,-22,127,70,True,1,,,False
149,2,38,57,8,8,129,True,1,,,False
149,2,39,47,7,7,142,True,0,,,False
149,2,40,143,7,7,142,True,0,,,False
149,2,41,28,17,17,127,True,0,,,False
149,2,42,96,-3,146,9,True,0,,,False
149,2,43,101,-6,143,133,True,1,,,False
149,2,44,63,10,10,114,True,3,,,False
149,2,45,69,19,19,106,True,0,,,False
149,2,46,14,16,16,138,True,1,,,False
149,2,47,34,10,10,67,True,1,,,False
149,2,48,67,-3,146,96,True,0,,,False
149,2,49,146,-6,143,7,True,1,,,False
149,2,50,9,7,7,1,True,0,,,False
149,2,51,125,-15,134,3,True,0,,,False
149,2,52,85,-18,131,11,True,3,,,False
149,2,53,75,-14,135,68,True,1,1,1,True
149,2,54,18,22,22,16,True,1,,,False
149,2,55,87,-10,139,103,True,1,,,False
149,2,56,23,10,10,7,True,1,,,False
149,2,57,22,18,18,58,True,3,,,False
149,2,58,64,-10,139,73,True,3,,,False
149,2,60,41,4,4,123,True,1,,,False
149,2,61,88,-15,134,48,True,0,,,False
149,2,62,4,3,3,145,True,0,,,False
149,2,63,119,-21,128,103,True,0,,,False
149,2,64,147,-2,147,6,True,1,,,False
149,2,65,38,10,10,133,True,1,,,False
149,2,66,2,-24,125,3,True,1,,,False
149,2,67,99,18,18,73,True,1,,,False
149,2,68,92,18,18,32,True,1,,,False
149,2,69,91,-6,143,122,True,1,,,False
149,2,70,53,10,10,134,True,3,,,False
149,2,71,25,13,13,48,True,0,,,False
149,2,72,32,8,8,83,True,1,,,False
149,2,73,54,3,3,100,True,0,,,False
149,2,74,61,-21,128,132,True,0,,,False
149,3,0,89,-20,129,0,True,1,0,0,True
149,3,1,101,6,6,58,True,1,,,False
149,3,2,119,21,21,94,True,0,,,False
149,3,3,142,-9,140,141,True,0,,,False
149,3,4,137,14,14,40,True,1,,,True
149,3,5,2,24,24,45,True,1,,,False
149,3,6,143,-7,142,105,True,0,,,False
149,3,7,77,18,18,132,True,1,,,False
149,3,8,14,-16,133,133,True,1,,,False
149,3,9,41,-4,145,92,True,1,,,False
149,3,10,55,2,2,80,True,1,,,False
149,3,11,10,-12,137,50,True,1,,,False
149,3,12,91,6,6,42,True,1,,,False
149,3,13,139,22,22,142,True,1,,,False
149,3,14,118,6,6,92,True,3,,,False
149,3,15,146,6,6,105,True,1,,,False
149,3,16,22,-18,131,24,True,3,,,False
149,3,17,48,-16,133,80,True,1,,,False
149,3,18,141,-6,143,63,True,1,,,False
149,3,19,32,-8,141,53,True,1,,,False
149,3,20,113,5,5,15,True,0,,,False
149,3,21,120,-3,146,26,True,0,,,False
149,3,22,85,18,18,16,True,3,,,False
149,3,23,18,-22,127,58,True,1,,,False
149,3,24,15,12,12,108,True,1,,,False
149,3,25,74,0,0,124,False,1,,,False
149,3,26,61,21,21,106,True,0,,,False
149,3,27,20,21,21,37,True,0,,,False
149,3,28,36,-6,143,35,True,3,,,False
149,3,29,87,10,10,55,True,1,,,False
149,3,30,125,15,15,104,True,0,,,False
149,3,31,26,-11,138,148,True,0,,,False
149,3,32,16,-1,148,84,True,0,,,False
149,3,33,25,-13,136,25,True,0,,,False
149,3,34,82,17,17,43,True,0,,,False
149,3,35,66,-20,129,44,True,1,,,True
149,3,36,64,10,10,52,True,3,,,False
149,3,37,67,3,3,50,True,0,,,False
149,3,38,27,4,4,74,True,1,,,False
149,3,39,57,-8,141,147,True,1,,,False
149,3,40,92,-18,131,116,True,1,,,False
149,3,41,79,-14,135,32,True,1,,,True
149,3,42,12,0,0,4,False,1,,,False
149,3,43,88,15,15,124,True,0,,,False
149,3,44,69,-19,130,49,True,0,,,False
149,3,45,114,-6,143,94,True,3,,,False
149,3,46,28,-17,132,117,True,0,,,False
149,3,47,38,-10,139,91,True,1,,,False
149,3,48,11,-6,143,78,True,1,,,False
149,3,49,95,3,3,67,True,0,,,False
149,3,50,147,2,2,90,True,1,,,False
149,3,51,96,3,3,14,True,0,,,False
149,3,52,71,4,4,76,True,1,,,False
149,3,53,63,-10,139,71,True,3,,,False
149,3,54,4,-3,146,60,True,0,,,False
149,3,55,62,0,0,130,False,1,,,False
149,3,56,73,15,15,113,True,0,,,False
149,3,57,99,-18,131,52,True,1,,,False
149,3,58,47,-7,142,105,True,0,,,False
149,3,59,1,-17,132,140,True,0,,,False
149,3,60,34,-10,139,111,True,1,,,False
149,3,62,78,12,12,62,True,1,,,False
149,3,63,124,14,14,137,True,3,,,True
149,3,64,53,-10,139,73,True,3,,,False
149,3,65,35,6,6,129,True,3,,,False
149,3,66,97,6,6,104,True,1,,,False
149,3,67,9,-7,142,15,True,0,,,False
149,3,68,23,-10,139,44,True,1,,,False
149,3,69,80,-5,144,105,True,0,,,False
149,3,70,7,6,6,87,True,3,,,False
149,3,71,54,-3,146,10,True,0,,,False
149,3,72,42,-2,147,30,True,3,,,False
149,3,73,51,20,20,145,True,1,,,True
149,3,74,75,14,14,126,True,1,1,1,True
149,4,0,89,14,14,0,True,3,0,0,True
149,4,1,130,12,12,17,True,1,,,False
149,4,2,133,18,18,124,True,1,,,False
149,4,3,37,14,14,47,True,1,,,True
149,4,4,144,-20,129,94,True,1,,,True
149,4,5,52,-22,127,79,True,3,,,False
149,4,6,70,1,1,3,True,0,,,False
149,4,7,107,16,16,27,True,1,,,False
149,4,8,98,-14,135,109,True,3,,,True
149,4,9,121,-8,141,67,True,1,,,False
149,4,10,44,5,5,133,True,0,,,False
149,4,11,138,-10,139,34,True,3,,,False
149,4,12,59,-22,127,98,True,3,,,False
149,4,13,102,-4,145,25,True,1,,,False
149,4,14,72,10,10,9,True,3,,,False
149,4,15,108,-15,134,15,True,0,,,False
149,4,16,83,-6,143,28,True,3,,,False
149,4,17,148,-18,131,70,True,1,,,False
149,4,18,58,15,15,55,True,0,,,False
149,4,19,126,3,3,31,True,0,,,False
149,4,20,84,6,6,20,True,3,,,False
149,4,21,49,-10,139,79,True,1,,,False
149,4,22,40,-15,134,81,True,0,,,False
149,4,23,109,-5,144,126,True,0,,,False
149,4,24,31,24,24,23,True,1,,,False
149,4,25,115,-11,138,107,True,0,,,False
149,4,26,116,12,12,7,True,1,,,False
149,4,27,6,-18,131,122,True,1,,,False
149,4,28,33,-4,145,26,True,1,,,False
149,4,29,8,1,1,76,True,0,,,False
149,4,30,21,-9,140,70,True,0,,,False
149,4,31,29,6,6,40,True,1,,,False
149,4,32,76,10,10,94,True,1,,,False
149,4,33,17,-18,131,56,True,1,,,False
149,4,34,128,-18,131,2,True,3,,,False
149,4,35,93,-11,138,148,True,0,,,False
149,4,36,30,0,0,141,False,1,,,False
149,4,37,135,-9,140,37,True,0,,,False
149,4,38,5,2,2,100,True,1,,,False
149,4,39,110,6,6,70,True,1,,,False
149,4,40,112,-6,143,49,True,1,,,False
149,4,41,94,-2,147,20,True,3,,,False
149,4,42,100,-12,137,63,True,1,,,False
149,4,43,145,20,20,16,True,1,,,True
149,4,44,106,-11,138,8,True,0,,,False
149,4,45,39,-6,143,57,True,1,,,False
149,4,46,129,18,18,20,True,1,,,False
149,4,47,136,-19,130,130,True,0,,,False
149,4,48,117,21,21,21,True,0,,,False
149,4,49,65,-9,140,78,True,0,,,False
149,4,50,50,-1,148,145,True,0,,,False
149,4,51,122,10,10,40,True,3,,,False
149,4,52,24,2,2,14,True,1,,,False
149,4,53,86,-4,145,28,True,1,,,False
149,4,54,140,14,14,36,True,1,,,True
149,4,55,134,15,15,31,True,0,,,False
149,4,56,81,-6,143,84,True,1,,,False
149,4,57,43,15,15,62,True,0,,,False
149,4,58,56,6,6,59,True,3,,,False
149,4,59,123,6,6,141,True,1,,,False
149,4,60,103,0,0,19,False,1,,,False
149,4,61,13,-5,144,76,True,0,,,False
149,4,62,60,-9,140,142,True,0,,,False
149,4,63,46,12,12,39,True,1,,,False
149,4,64,132,12,12,7,True,1,,,False
149,4,65,127,-8,141,77,True,1,,,False
149,4,66,131,23,23,136,True,0,,,False
149,4,67,105,11,11,9,True,0,,,False
149,4,68,104,-4,145,79,True,1,,,False
149,4,69,111,-18,131,66,True,3,,,False
149,4,70,3,13,13,129,True,0,,,False
149,4,71,90,9,9,13,True,0,,,False
149,4,72,19,16,16,123,True,1,,,False
149,4,73,45,-4,145,12,True,1,,,False
149,4,74,68,0,0,85,False,1,,,False
151,0,1,0,-4,147,0,True,3,0,0,True
151,0,2,0,-19,132,0,True,0,0,0,True
151,0,3,0,4,4,0,True,3,0,0,True
151,0,4,0,23,23,0,True,0,0,0,True
151,0,6,0,19,19,0,True,0,0,0,True
151,0,12,0,-23,128,0,True,0,0,0,True
151,1,0,67,0,0,31,False,1,,,False
151,1,1,33,-2,149,85,True,1,,,False
151,1,2,148,0,0,145,False,3,,,False
151,1,3,72,-15,136,77,True,0,,,False
151,1,4,2,-11,140,15,True,0,,,False
151,1,5,68,-3,148,144,True,0,,,False
151,1,6,116,-5,146,41,True,0,,,False
151,1,7,86,3,3,5,True,0,,,False
151,1,8,125,1,1,120,True,0,,,False
151,1,9,78,19,19,24,True,0,,,True
151,1,10,24,-6,145,8,True,1,,,False
151,1,11,51,-4,147,22,True,1,,,True
151,1,12,1,3,3,112,True,0,,,False
151,1,13,146,14,14,55,True,1,,,False
151,1,14,93,4,4,3,True,1,1,1,True
151,1,15,3,-12,139,111,True,1,,,False
151,1,16,132,6,6,62,True,1,,,False
151,1,17,88,8,8,90,True,3,,,False
151,1,18,56,-22,129,13,True,1,,,False
151,1,19,43,-7,144,22,True,0,,,False
151,1,20,76,-19,132,59,True,0,,,True
151,1,21,69,-8,143,103,True,3,,,False
151,1,22,119,-2,149,9,True,1,,,False
151,1,23,11,5,5,73,True,0,,,False
151,1,24,39,17,17,146,True,0,,,False
151,1,25,120,10,10,50,True,1,,,False
151,1,26,113,-2,149,115,True,1,,,False
151,1,27,10,-8,143,44,True,3,,,False
151,1,28,65,24,24,79,True,1,,,False
151,1,29,44,17,17,100,True,0,,,False
151,1,30,48,2,2,20,True,1,,,False
151,1,31,16,5,5,56,True,0,,,False
151,1,32,30,-16,135,124,True,1,,,False
151,1,33,136,20,20,3,True,3,,,False
151,1,34,115,16,16,95,True,1,,,False
151,1,35,57,18,18,96,True,1,,,False
151,1,36,110,15,15,101,True,0,,,False
151,1,37,12,-2,149,57,True,1,,,False
151,1,38,150,0,0,95,False,1,,,False
151,1,39,34,20,20,22,True,3,,,False
151,1,40,82,20,20,60,True,1,,,False
151,1,41,66,-20,131,84,True,1,,,False
151,1,42,4,-5,146,62,True,0,,,False
151,1,43,23,4,4,79,True,1,,,True
151,1,44,19,8,8,53,True,3,,,False
151,1,45,149,-10,141,113,True,1,,,False
151,1,46,140,8,8,77,True,1,,,False
151,1,47,134,-10,141,85,True,1,,,False
151,1,49,40,1,1,121,True,0,,,False
151,1,50,103,17,17,138,True,0,,,False
151,1,51,130,-4,147,73,True,1,,,True
151,1,52,55,-5,146,62,True,0,,,False
151,1,53,63,-2,149,129,True,1,,,False
151,1,54,32,16,16,141,True,3,,,False
151,1,55,28,-12,139,63,True,1,,,False
151,1,56,70,-10,141,121,True,1,,,False
151,1,57,84,-9,142,129,True,0,,,False
151,1,58,35,2,2,43,True,1,,,False
151,1,59,133,-20,131,92,True,1,,,False
151,1,60,99,1,1,88,True,0,,,False
151,1,61,145,5,5,95,True,0,,,False
151,1,62,79,18,18,112,True,1,,,False
151,1,63,64,15,15,134,True,0,,,False
151,1,64,108,-22,129,101,True,1,,,False
151,1,65,73,-6,145,78,True,1,,,False
151,1,66,142,-8,143,91,True,1,,,False
151,1,67,27,12,12,12,True,1,,,False
151,1,68,98,24,24,129,True,3,,,False
151,1,69,102,10,10,137,True,1,,,False
151,1,70,139,-19,132,44,True,0,,,True
151,1,71,85,8,8,93,True,3,,,False
151,1,72,37,-8,143,101,True,3,,,False
151,1,73,21,-16,135,85,True,3,,,False
151,1,74,105,17,17,129,True,0,,,False
151,1,75,46,14,14,115,True,1,,,False
151,1,76,46,-14,137,115,True,1,,,False
151,1,77,105,-17,134,129,True,0,,,False
151,1,78,21,16,16,85,True,3,,,False
151,1,79,37,8,8,101,True,3,,,False
151,1,80,85,-8,143,93,True,3,,,False
151,1,81,139,19,19,44,True,0,,,True
151,1,82,102,-10,141,137,True,1,,,False
151,1,83,98,-24,127,129,True,3,,,False
151,1,84,27,-12,139,12,True,1,,,False
151,1,85,142,8,8,91,True,1,,,False
151,1,86,73,6,6,78,True,1,,,False
151,1,87,108,22,22,101,True,1,,,False
151,1,88,64,-15,136,134,True,0,,,False
151,1,89,79,-18,133,112,True,1,,,False
151,1,90,145,-5,146,95,True,0,,,False
151,1,91,99,-1,150,88,True,0,,,False
151,1,92,133,20,20,92,True,1,,,False
151,1,93,35,-2,149,43,True,1,,,False
151,1,94,84,9,9,129,True,0,,,False
151,1,95,70,10,10,121,True,1,,,False
151,1,96,28,12,12,63,True,1,,,False
151,1,97,32,-16,135,141,True,3,,,False
151,1,98,63,2,2,129,True,1,,,False
151,1,99,55,5,5,62,True,0,,,False
151,1,100,130,4,4,73,True,1,,,True
151,1,101,103,-17,134,138,True,0,,,False
151,1,102,40,-1,150,121,True,0,,,False
151,1,104,134,10,10,85,True,1,,,False
151,1,105,140,-8,143,77,True,1,,,False
151,1,106,149,10,10,113,True,1,,,False
151,1,107,19,-8,143,53,True,3,,,False
151,1,108,23,-4,147,79,True,1,,,True
151,1,109,4,5,5,62,True,0,,,False
151,1,110,66,20,20,84,True,1,,,False
151,1,111,82,-20,131,60,True,1,,,False
151,1,112,34,-20,131,22,True,3,,,False
151,1,113,150,0,0,95,False,1,,,False
151,1,114,12,2,2,57,True,1,,,False
151,1,115,110,-15,136,101,True,0,,,False
151,1,116,57,-18,133,96,True,1,,,False
151,1,117,115,-16,135,95,True,1,,,False
151,1,118,136,-20,131,3,True,3,,,False
151,1,119,30,16,16,124,True,1,,,False
151,1,120,16,-5,146,56,True,0,,,False
151,1,121,48,-2,149,20,True,1,,,False
151,1,122,44,-17,134,100,True,0,,,False
151,1,123,65,-24,127,79,True,1,,,False
151,1,124,10,8,8,44,True,3,,,False
151,1,125,113,2,2,115,True,1,,,False
151,1,126,120,-10,141,50,True,1,,,False
151,1,127,39,-17,134,146,True,0,,,False
151,1,128,11,-5,146,73,True,0,,,False
151,1,129,119,2,2,9,True,1,,,False
151,1,130,69,8,8,103,True,3,,,False
151,1,131,76,19,19,59,True,0,,,True
151,1,132,43,7,7,22,True,0,,,False
151,1,133,56,22,22,13,True,1,,,False
151,1,134,88,-8,143,90,True,3,,,False
151,1,135,132,-6,145,62,True,1,,,False
151,1,136,3,12,12,111,True,1,,,False
151,1,137,93,-4,147,3,True,1,1,1,True
151,1,138,146,-14,137,55,True,1,,,False
151,1,139,1,-3,148,112,True,0,,,False
151,1,140,51,4,4,22,True,1,,,True
151,1,141,24,6,6,8,True,1,,,False
151,1,142,78,-19,132,24,True,0,,,True
151,1,143,125,-1,150,120,True,0,,,False
151,1,144,86,-3,148,5,True,0,,,False
151,1,145,116,5,5,41,True,0,,,False
151,1,146,68,3,3,144,True,0,,,False
151,1,147,2,11,11,15,True,0,,,False
151,1,148,72,15,15,77,True,0,,,False
151,1,149,148,0,0,145,False,3,,,False
151,1,150,33,2,2,85,True,1,,,False
151,3,0,67,0,0,99,False,3,,,False
151,3,1,114,-16,135,86,True,3,,,False
151,3,2,109,-11,140,114,True,0,,,False
151,3,3,9,12,12,88,True,1,,,False
151,3,4,104,-4,147,79,True,3,,,True
151,3,5,129,-16,135,132,True,3,,,False
151,3,6,52,-7,144,135,True,0,,,False
151,3,7,25,-10,141,124,True,1,,,False
151,3,8,75,1,1,64,True,0,,,False
151,3,9,60,9,9,99,True,0,,,False
151,3,10,20,12,12,80,True,1,,,False
151,3,11,71,16,16,117,True,3,,,False
151,3,12,112,11,11,68,True,0,,,False
151,3,13,122,8,8,130,True,3,,,False
151,3,14,101,0,0,116,False,3,,,False
151,3,15,77,-23,128,78,True,0,,,True
151,3,16,8,-10,141,23,True,1,,,False
151,3,17,138,20,20,9,True,1,,,False
151,3,18,80,-8,143,74,True,1,,,False
151,3,19,45,14,14,109,True,1,,,False
151,3,20,50,-12,139,100,True,1,,,False
151,3,21,42,-16,135,89,True,1,,,False
151,3,22,81,-18,133,94,True,1,,,False
151,3,23,26,-9,142,8,True,0,,,False
151,3,24,14,5,5,95,True,0,,,False
151,3,25,53,-3,148,129,True,0,,,False
151,3,26,83,-9,142,1,True,0,,,False
151,3,27,29,0,0,127,False,1,,,False
151,3,28,31,22,22,69,True,1,,,False
151,3,29,107,-12,139,129,True,3,,,False
151,3,30,17,-16,135,14,True,1,,,False
151,3,31,89,-13,138,64,True,0,,,False
151,3,32,22,-10,141,118,True,1,,,False
151,3,33,41,-21,130,34,True,0,,,False
151,3,34,7,17,17,65,True,0,,,False
151,3,35,135,-5,146,22,True,0,,,False
151,3,36,62,-2,149,23,True,1,,,False
151,3,37,127,10,10,45,True,1,,,False
151,3,38,59,-8,143,121,True,1,,,False
151,3,39,38,-8,143,79,True,1,,,False
151,3,40,141,-7,144,110,True,0,,,False
151,3,41,137,8,8,12,True,1,,,False
151,3,42,90,-22,129,24,True,1,,,False
151,3,43,36,-2,149,30,True,1,,,False
151,3,44,54,13,13,104,True,0,,,False
151,3,45,91,-18,133,130,True,1,,,False
151,3,46,95,4,4,29,True,1,,,True
151,3,47,111,7,7,18,True,0,,,False
151,3,48,87,-12,139,122,True,3,,,False
151,3,49,58,-10,141,86,True,1,,,False
151,3,50,106,-13,138,106,True,0,,,False
151,3,51,15,11,11,72,True,0,,,False
151,3,52,94,10,10,97,True,1,,,False
151,3,53,6,16,16,126,True,3,,,False
151,3,54,100,4,4,46,True,1,,,True
151,3,55,13,4,4,48,True,3,,,True
151,3,56,118,16,16,38,True,1,,,False
151,3,57,18,2,2,32,True,1,,,False
151,3,58,124,0,0,81,False,1,,,False
151,3,59,123,6,6,43,True,1,,,False
151,3,60,47,14,14,30,True,1,,,False
151,3,61,49,-8,143,122,True,1,,,False
151,3,62,74,10,10,132,True,1,,,False
151,3,63,131,-17,134,93,True,0,,,False
151,3,64,97,8,8,110,True,1,,,False
151,3,65,117,13,13,121,True,0,,,False
151,3,66,121,20,20,147,True,1,,,False
151,3,67,5,20,20,128,True,1,,,False
151,3,68,126,-8,143,75,True,3,,,False
151,3,69,147,-19,132,66,True,0,,,True
151,3,70,96,-1,150,74,True,0,,,False
151,3,71,92,9,9,45,True,0,,,False
151,3,72,128,-4,147,119,True,1,,,True
151,3,73,144,-16,135,126,True,1,,,False
151,3,74,61,23,23,75,True,0,,,True
151,3,75,143,0,0,98,False,3,,,False
151,3,76,143,0,0,98,False,3,,,False
151,3,77,61,-23,128,75,True,0,,,True
151,3,78,144,16,16,126,True,1,,,False
151,3,79,128,4,4,119,True,1,,,True
151,3,80,92,-9,142,45,True,0,,,False
151,3,81,96,1,1,74,True,0,,,False
151,3,82,147,19,19,66,True,0,,,True
151,3,83,126,8,8,75,True,3,,,False
151,3,84,5,-20,131,128,True,1,,,False
151,3,85,121,-20,131,147,True,1,,,False
151,3,86,117,-13,138,121,True,0,,,False
151,3,87,97,-8,143,110,True,1,,,False
151,3,88,131,17,17,93,True,0,,,False
151,3,89,74,-10,141,132,True,1,,,False
151,3,90,49,8,8,122,True,1,,,False
151,3,91,47,-14,137,30,True,1,,,False
151,3,92,123,-6,145,43,True,1,,,False
151,3,93,124,0,0,81,False,1,,,False
151,3,94,18,-2,149,32,True,1,,,False
151,3,95,118,-16,135,38,True,1,,,False
151,3,96,13,-4,147,48,True,3,,,True
151,3,97,100,-4,147,46,True,1,,,True
151,3,98,6,-16,135,126,True,3,,,False
151,3,99,94,-10,141,97,True,1,,,False
151,3,100,15,-11,140,72,True,0,,,False
151,3,101,106,13,13,106,True,0,,,False
151,3,102,58,10,10,86,True,1,,,False
151,3,103,87,12,12,122,True,3,,,False
151,3,104,111,-7,144,18,True,0,,,False
151,3,105,95,-4,147,29,True,1,,,True
151,3,106,91,18,18,130,True,1,,,False
151,3,107,54,-13,138,104,True,0,,,False
151,3,108,36,2,2,30,True,1,,,False
151,3,109,90,22,22,24,True,1,,,False
151,3,110,137,-8,143,12,True,1,,,False
151,3,111,141,7,7,110,True,0,,,False
151,3,112,38,8,8,79,True,1,,,False
151,3,113,59,8,8,121,True,1,,,False
151,3,114,127,-10,141,45,True,1,,,False
151,3,115,62,2,2,23,True,1,,,False
151,3,116,135,5,5,22,True,0,,,False
151,3,117,7,-17,134,65,True,0,,,False
151,3,118,41,21,21,34,True,0,,,False
151,3,119,22,10,10,118,True,1,,,False
151,3,120,89,13,13,64,True,0,,,False
151,3,121,17,16,16,14,True,1,,,False
151,3,122,107,12,12,129,True,3,,,False
151,3,123,31,-22,129,69,True,1,,,False
151,3,124,29,0,0,127,False,1,,,False
151,3,125,83,9,9,1,True,0,,,False
151,3,126,53,3,3,129,True,0,,,False
151,3,127,14,-5,146,95,True,0,,,False
151,3,128,26,9,9,8,True,0,,,False
151,3,129,81,18,18,94,True,1,,,False
151,3,130,42,16,16,89,True,1,,,False
151,3,131,50,12,12,100,True,1,,,False
151,3,132,45,-14,137,109,True,1,,,False
151,3,133,80,8,8,74,True,1,,,False
151,3,134,138,-20,131,9,True,1,,,False
151,3,135,8,10,10,23,True,1,,,False
151,3,136,77,23,23,78,True,0,,,True
151,3,137,101,0,0,116,False,3,,,False
151,3,138,122,-8,143,130,True,3,,,False
151,3,139,112,-11,140,68,True,0,,,False
151,3,140,71,-16,135,117,True,3,,,False
151,3,141,20,-12,139,80,True,1,,,False
151,3,142,60,-9,142,99,True,0,,,False
151,3,143,75,-1,150,64,True,0,,,False
151,3,144,25,10,10,124,True,1,,,False
151,3,145,52,7,7,135,True,0,,,False
151,3,146,129,16,16,132,True,3,,,False
151,3,147,104,4,4,79,True,3,,,True
151,3,148,9,-12,139,88,True,1,,,False
151,3,149,109,11,11,114,True,0,,,False
151,3,150,114,16,16,86,True,3,,,False
157,0,1,0,14,14,0,True,3,0,0,True
157,0,2,0,-14,143,0,True,3,0,0,True
157,0,3,0,-25,132,0,True,0,0,0,True
157,0,5,0,25,25,0,True,0,0,0,True
157,0,9,0,11,11,0,True,0,0,0,True
157,0,15,0,-11,146,0,True,0,0,0,True
157,1,0,1,-22,135,0,True,3,0,0,True
157,1,1,147,-13,144,153,True,0,,,False
157,1,2,129,18,18,7,True,1,,,False
157,1,3,14,3,3,87,True,0,,,False
157,1,4,121,7,7,64,True,0,,,False
157,1,5,154,7,7,83,True,0,,,False
157,1,6,74,22,22,37,True,1,,,True
157,1,7,146,-23,134,92,True,0,,,False
157,1,8,95,10,10,36,True,1,,,False
157,1,9,134,0,0,136,False,1,,,False
157,1,10,36,2,2,132,True,3,,,False
157,1,11,24,10,10,50,True,1,,,False
157,1,12,76,-14,143,106,True,3,,,True
157,1,13,90,6,6,102,True,3,,,False
157,1,14,127,-11,146,126,True,0,,,True
157,1,15,57,17,17,91,True,0,,,False
157,1,16,79,0,0,39,False,1,,,False
157,1,17,135,-20,137,28,True,1,,,False
157,1,18,47,2,2,11,True,3,,,False
157,1,19,148,-10,147,70,True,3,,,False
157,1,20,54,6,6,47,True,1,,,False
157,1,21,97,-4,153,147,True,1,,,False
157,1,22,92,-18,139,5,True,1,,,False
157,1,24,109,7,7,64,True,0,,,False
157,1,25,55,-2,155,95,True,1,,,False
157,1,26,100,-14,143,98,True,3,,,True
157,1,27,152,-22,135,130,True,1,,,True
157,1,28,150,0,0,107,False,1,,,False
157,1,29,29,-22,135,120,True,1,1,1,True
157,1,30,10,-10,147,79,True,3,,,False
157,1,31,82,-3,154,59,True,0,,,False
157,1,32,63,8,8,48,True,1,,,False
157,1,33,144,-5,152,111,True,0,,,False
157,1,34,58,21,21,155,True,0,,,False
157,1,35,13,-7,150,144,True,0,,,False
157,1,36,73,2,2,27,True,1,,,False
157,1,37,96,-22,135,66,True,1,,,True
157,1,38,101,-9,148,140,True,0,,,False
157,1,39,137,-8,149,74,True,1,,,False
157,1,40,103,12,12,62,True,1,,,True
157,1,41,70,10,10,59,True,1,,,False
157,1,42,85,20,20,31,True,1,,,False
157,1,43,4,13,13,29,True,0,,,False
157,1,44,62,16,16,36,True,1,,,False
157,1,45,22,-4,153,11,True,1,,,False
157,1,46,52,-17,140,97,True,0,,,False
157,1,47,48,22,22,91,True,3,,,True
157,1,48,110,13,13,139,True,0,,,False
157,1,49,31,-10,147,133,True,3,,,False
157,1,50,104,4,4,132,True,1,,,False
157,1,51,145,13,13,105,True,0,,,False
157,1,52,23,-12,145,80,True,1,,,True
157,1,53,118,5,5,146,True,0,,,False
157,1,54,8,6,6,121,True,1,,,False
157,1,55,141,9,9,131,True,0,,,False
157,1,56,6,-8,149,19,True,1,,,False
157,1,57,122,1,1,45,True,0,,,False
157,1,58,11,-17,140,2,True,0,,,False
157,1,59,12,-17,140,133,True,0,,,False
157,1,60,60,8,8,1,True,1,,,False
157,1,61,17,-5,152,20,True,0,,,False
157,1,62,84,8,8,110,True,1,,,False
157,1,63,49,-18,139,115,True,3,,,False
157,1,64,37,-14,143,126,True,3,,,True
157,1,65,136,14,14,3,True,1,,,True
157,1,66,7,-4,153,32,True,1,,,False
157,1,67,106,7,7,96,True,0,,,False
157,1,68,68,2,2,153,True,3,,,False
157,1,69,98,4,4,63,True,1,,,False
157,1,70,40,7,7,85,True,0,,,False
157,1,71,78,24,24,87,True,1,,,False
157,1,72,61,14,14,81,True,1,,,True
157,1,73,111,21,21,102,True,0,,,False
157,1,74,66,-2,155,22,True,1,,,False
157,1,75,21,2,2,143,True,1,,,False
157,1,76,80,-10,147,131,True,1,,,False
157,1,77,151,-20,137,59,True,1,,,False
157,1,78,88,2,2,15,True,1,,,False
157,2,0,1,-12,145,0,True,1,0,0,True
157,2,1,99,12,12,18,True,1,,,True
157,2,2,72,-14,143,73,True,3,,,True
157,2,3,128,18,18,112,True,3,,,False
157,2,4,130,6,6,26,True,1,,,False
157,2,5,64,18,18,142,True,1,,,False
157,2,6,117,-4,153,2,True,1,,,False
157,2,7,59,-3,154,27,True,0,,,False
157,2,8,20,-5,152,107,True,0,,,False
157,2,9,9,-4,153,65,True,1,,,False
157,2,10,3,14,14,5,True,1,,,True
157,2,11,16,-14,143,20,True,1,2,2,True
157,2,12,25,-10,147,62,True,1,,,False
157,2,13,83,-17,140,49,True,0,,,False
157,2,14,65,-13,144,142,True,0,,,False
157,2,15,155,3,3,97,True,0,,,False
157,2,16,123,2,2,120,True,3,,,False
157,2,17,113,14,14,8,True,1,,,True
157,2,18,102,19,19,103,True,0,,,False
157,2,19,67,12,12,9,True,1,,,True
157,2,20,125,3,3,21,True,0,,,False
157,2,21,27,-18,139,136,True,1,,,False
157,2,22,71,16,16,36,True,1,,,False
157,2,23,46,12,12,134,True,1,,,True
157,2,24,108,4,4,39,True,1,,,False
157,2,25,41,6,6,120,True,3,,,False
157,2,26,140,10,10,112,True,1,,,False
157,2,27,112,15,15,23,True,0,,,False
157,2,28,132,2,2,61,True,1,,,False
157,2,29,35,-16,141,117,True,1,,,False
157,2,30,94,-11,146,21,True,0,,,True
157,2,31,115,4,4,29,True,1,,,False
157,2,32,53,-1,156,153,True,0,,,False
157,2,33,50,-22,135,111,True,3,,,True
157,2,34,32,9,9,50,True,0,,,False
157,2,35,124,-10,147,133,True,1,,,False
157,2,36,87,-17,140,69,True,0,,,False
157,2,37,38,-7,150,59,True,0,,,False
157,2,38,120,20,20,66,True,1,,,False
157,2,39,26,7,7,0,True,0,,,False
157,2,40,119,10,10,113,True,3,,,False
157,2,41,28,-15,142,41,True,0,,,False
157,2,42,18,-23,134,118,True,0,,,False
157,2,43,39,-4,153,98,True,1,,,False
157,2,44,56,-6,151,85,True,1,,,False
157,2,45,69,2,2,29,True,3,,,False
157,2,46,2,-18,139,39,True,3,,,False
157,2,47,44,4,4,61,True,1,,,False
157,2,48,139,11,11,63,True,0,,,True
157,2,49,89,-14,143,87,True,1,,,True
157,2,50,30,-8,149,93,True,1,,,False
157,2,51,126,22,22,142,True,1,,,True
157,2,52,131,5,5,108,True,0,,,False
157,2,53,15,-1,156,104,True,0,,,False
157,2,54,81,16,16,106,True,1,,,False
157,2,55,45,-23,134,13,True,0,,,False
157,2,56,107,2,2,0,True,3,,,False
157,2,57,153,14,14,93,True,1,2,2,True
157,2,58,138,2,2,21,True,1,,,False
157,2,59,51,-8,149,42,True,1,,,False
157,2,60,116,-18,139,149,True,3,,,False
157,2,61,43,-11,146,77,True,0,,,True
157,2,62,19,14,14,13,True,1,,,True
157,2,63,34,13,13,130,True,0,,,False
157,2,64,105,4,4,155,True,1,,,False
157,2,65,156,-12,145,109,True,1,,,True
157,2,66,133,-1,156,13,True,0,,,False
157,2,67,77,19,19,120,True,0,,,False
157,2,68,143,-18,139,5,True,1,,,False
157,2,69,149,14,14,106,True,3,1,1,True
157,2,70,114,-13,144,151,True,0,,,False
157,2,71,33,10,10,120,True,1,,,False
157,2,72,142,-2,155,54,True,3,,,False
157,2,73,75,-24,133,128,True,1,,,False
157,2,74,91,13,13,108,True,0,,,False
157,2,75,86,2,2,80,True,1,,,False
157,2,76,42,-8,149,142,True,1,,,False
157,2,77,5,-2,155,122,True,3,,,False
157,2,78,93,18,18,111,True,1,,,False
157,3,0,1,22,22,0,True,3,0,0,True
157,3,1,95,-10,147,77,True,1,,,False
157,3,2,79,0,0,18,False,1,,,False
157,3,3,109,-7,150,102,True,0,,,False
157,3,4,63,-8,149,155,True,1,,,False
157,3,5,103,-12,145,89,True,1,,,True
157,3,6,110,-13,144,40,True,0,,,False
157,3,7,6,8,8,45,True,1,,,False
157,3,8,37,14,14,34,True,3,,,True
157,3,9,61,-14,143,134,True,1,,,True
157,3,10,151,20,20,9,True,1,,,False
157,3,11,98,-4,153,140,True,1,,,False
157,3,12,17,5,5,27,True,0,,,False
157,3,13,118,-5,152,150,True,0,,,False
157,3,14,22,4,4,7,True,1,,,False
157,3,15,96,22,22,42,True,1,,,True
157,3,16,29,22,22,5,True,1,1,1,True
157,3,17,97,4,4,65,True,1,,,False
157,3,18,90,-6,151,122,True,3,,,False
157,3,19,154,-7,150,10,True,0,,,False
157,3,20,14,-3,154,16,True,0,,,False
157,3,21,24,-10,147,11,True,1,,,False
157,3,22,148,10,10,141,True,3,,,False
157,3,23,152,22,22,60,True,1,,,True
157,3,24,13,7,7,151,True,0,,,False
157,3,25,4,-13,144,110,True,0,,,False
157,3,26,145,-13,144,133,True,0,,,False
157,3,27,12,17,17,1,True,0,,,False
157,3,28,106,-7,150,153,True,0,,,False
157,3,29,21,-2,155,66,True,1,,,False
157,3,30,66,2,2,14,True,1,,,False
157,3,31,7,4,4,106,True,1,,,False
157,3,32,11,17,17,144,True,0,,,False
157,3,33,104,-4,153,84,True,1,,,False
157,3,34,85,-20,137,34,True,1,,,False
157,3,35,58,-21,136,13,True,0,,,False
157,3,36,100,14,14,148,True,3,,,True
157,3,37,47,-2,155,7,True,3,,,False
157,3,38,36,-2,155,84,True,3,,,False
157,3,39,129,-18,139,33,True,1,,,False
157,3,40,74,-22,135,5,True,1,,,True
157,3,41,127,11,11,34,True,0,,,True
157,3,42,92,18,18,111,True,1,,,False
157,3,43,10,10,10,121,True,3,,,False
157,3,44,101,9,9,125,True,0,,,False
157,3,45,52,17,17,81,True,0,,,False
157,3,46,8,-6,151,80,True,1,,,False
157,3,47,84,-8,149,87,True,1,,,False
157,3,48,40,-7,150,3,True,0,,,False
157,3,49,88,-2,155,19,True,1,,,False
157,3,50,78,-24,133,141,True,1,,,False
157,3,51,49,18,18,116,True,3,,,False
157,3,52,141,-9,148,12,True,0,,,False
157,3,53,48,-22,135,115,True,3,,,True
157,3,54,137,8,8,147,True,1,,,False
157,3,55,82,3,3,9,True,0,,,False
157,3,57,57,-17,140,115,True,0,,,False
157,3,58,146,23,23,30,True,0,,,False
157,3,59,147,13,13,131,True,0,,,False
157,3,60,134,0,0,99,False,1,,,False
157,3,61,135,20,20,25,True,1,,,False
157,3,62,55,2,2,68,True,1,,,False
157,3,63,144,5,5,15,True,0,,,False
157,3,64,70,-10,147,148,True,1,,,False
157,3,65,31,10,10,1,True,3,,,False
157,3,66,122,-1,156,57,True,0,,,False
157,3,67,136,-14,143,98,True,1,,,True
157,3,68,111,-21,136,35,True,0,,,False
157,3,69,80,10,10,12,True,1,,,False
157,3,70,68,-2,155,26,True,3,,,False
157,3,71,60,-8,149,72,True,1,,,False
157,3,72,23,12,12,108,True,1,,,True
157,3,73,62,-16,141,80,True,1,,,False
157,3,74,73,-2,155,60,True,1,,,False
157,3,75,150,0,0,11,False,1,,,False
157,3,76,54,-6,151,87,True,1,,,False
157,3,77,76,14,14,96,True,3,,,True
157,3,78,121,-7,150,55,True,0,,,False
157,6,0,1,12,12,0,True,1,0,0,True
157,6,1,20,5,5,146,True,0,,,False
157,6,2,123,-2,155,152,True,3,,,False
157,6,3,108,-4,153,18,True,1,,,False
157,6,4,53,1,1,131,True,0,,,False
157,6,5,119,-10,147,28,True,3,,,False
157,6,6,139,-11,146,17,True,0,,,True
157,6,7,107,-2,155,0,True,3,,,False
157,6,8,105,-4,153,144,True,1,,,False
157,6,9,142,2,2,37,True,3,,,False
157,6,10,5,2,2,149,True,3,,,False
157,6,11,149,-14,143,96,True,3,1,1,True
157,6,12,43,11,11,49,True,0,,,True
157,6,13,15,1,1,109,True,0,,,False
157,6,14,69,-2,155,47,True,3,,,False
157,6,15,38,7,7,9,True,0,,,False
157,6,16,35,16,16,103,True,1,,,False
157,6,17,27,18,18,58,True,1,,,False
157,6,18,83,17,17,74,True,0,,,False
157,6,19,64,-18,139,19,True,1,,,False
157,6,20,128,-18,139,100,True,3,,,False
157,6,21,16,14,14,130,True,1,2,2,True
157,6,22,67,-12,145,137,True,1,,,True
157,6,23,112,-15,142,71,True,0,,,False
157,6,24,124,10,10,1,True,1,,,False
157,6,25,39,4,4,9,True,1,,,False
157,6,26,126,-22,135,138,True,1,,,True
157,6,27,51,8,8,116,True,1,,,False
157,6,28,77,-19,138,152,True,0,,,False
157,6,29,86,-2,155,49,True,1,,,False
157,6,30,91,-13,144,83,True,0,,,False
157,6,31,133,1,1,151,True,0,,,False
157,6,32,138,-2,155,99,True,1,,,False
157,6,33,30,8,8,102,True,1,,,False
157,6,34,18,23,23,18,True,0,,,False
157,6,35,32,-9,148,146,True,0,,,False
157,6,36,140,-10,147,57,True,1,,,False
157,6,37,102,-19,138,37,True,0,,,False
157,6,38,3,-14,143,46,True,1,,,True
157,6,39,72,14,14,75,True,3,,,True
157,6,40,117,4,4,13,True,1,,,False
157,6,41,65,13,13,138,True,0,,,False
157,6,42,71,-16,141,77,True,1,,,False
157,6,43,94,11,11,58,True,0,,,True
157,6,44,120,-20,137,115,True,1,,,False
157,6,45,2,18,18,18,True,3,,,False
157,6,46,81,-16,141,61,True,1,,,False
157,6,47,19,-14,143,6,True,1,,,True
157,6,48,114,13,13,118,True,0,,,False
157,6,49,93,-18,139,15,True,1,,,False
157,6,50,33,-10,147,5,True,1,,,False
157,6,51,34,-13,144,97,True,0,,,False
157,6,52,45,23,23,151,True,0,,,False
157,6,53,44,-4,153,153,True,1,,,False
157,6,54,26,-7,150,0,True,0,,,False
157,6,55,115,-4,153,47,True,1,,,False
157,6,56,46,-12,145,71,True,1,,,True
157,6,57,155,-3,154,76,True,0,,,False
157,6,58,59,3,3,60,True,0,,,False
157,6,59,99,-12,145,117,True,1,,,True
157,6,60,9,4,4,30,True,1,,,False
157,6,61,113,-14,143,52,True,1,,,True
157,6,62,41,-6,151,152,True,3,,,False
157,6,63,50,22,22,15,True,3,,,True
157,6,64,28,15,15,31,True,0,,,False
157,6,65,89,14,14,16,True,1,,,True
157,6,66,153,-14,143,55,True,1,2,2,True
157,6,67,156,12,12,2,True,1,,,True
157,6,68,75,24,24,47,True,1,,,False
157,6,69,42,8,8,19,True,1,,,False
157,6,70,143,18,18,46,True,1,,,False
157,6,71,116,18,18,52,True,3,,,False
157,6,72,131,-5,152,83,True,0,,,False
157,6,73,56,6,6,154,True,1,,,False
157,6,74,87,17,17,101,True,0,,,False
157,6,75,132,-2,155,153,True,1,,,False
157,6,76,125,-3,154,99,True,0,,,False
157,6,77,25,10,10,68,True,1,,,False
157,6,78,130,-6,151,145,True,1,,,False
163,0,1,0,8,8,0,True,3,0,0,True
163,0,2,0,25,25,0,True,0,0,0,True
163,0,3,0,-17,146,0,True,0,0,0,True
163,0,4,0,17,17,0,True,0,0,0,True
163,0,5,0,-8,155,0,True,3,0,0,True
163,0,9,0,-25,138,0,True,0,0,0,True
163,1,0,98,0,0,123,False,1,,,False
163,1,1,81,-25,138,121,True,0,,,True
163,1,2,85,-12,151,51,True,3,,,False
163,1,3,59,-24,139,63,True,1,,,False
163,1,4,131,1,1,71,True,0,,,False
163,1,5,93,-11,152,40,True,0,,,False
163,1,6,130,-8,155,161,True,1,,,True
163,1,7,95,-4,159,22,True,3,,,False
163,1,8,39,-17,146,59,True,0,,,True
163,1,9,96,-4,159,1,True,3,,,False
163,1,10,72,10,10,25,True,1,,,False
163,1,11,6,9,9,14,True,0,,,False
163,1,12,13,-2,161,106,True,1,,,False
163,1,13,22,-12,151,74,True,3,,,False
163,1,14,119,-5,158,0,True,0,,,False
163,1,15,144,-1,162,61,True,0,,,False
163,1,16,136,-9,154,38,True,0,,,False
163,1,17,92,2,2,147,True,1,,,False
163,1,18,103,-8,155,64,True,1,,,True
163,1,19,127,0,0,30,False,1,,,False
163,1,20,129,20,20,109,True,1,,,False
163,1,21,87,4,4,124,True,3,,,False
163,1,22,53,-21,142,63,True,0,,,False
163,1,23,16,-19,144,31,True,0,,,False
163,1,24,17,-6,157,114,True,1,,,False
163,1,25,142,-12,151,133,True,1,,,False
163,1,27,134,-17,146,161,True,0,,,True
163,1,28,105,-16,147,151,True,1,,,False
163,1,29,128,2,2,134,True,1,,,False
163,1,30,71,-16,147,139,True,3,,,False
163,1,31,117,2,2,133,True,1,,,False
163,1,32,145,-8,155,148,True,3,,,True
163,1,33,91,20,20,71,True,3,,,False
163,1,34,44,-14,149,133,True,1,,,False
163,1,35,26,20,20,86,True,3,,,False
163,1,36,155,-15,148,51,True,0,,,False
163,1,37,46,16,16,101,True,3,,,False
163,1,38,109,8,8,10,True,1,,,True
163,1,39,52,14,14,7,True,1,,,False
163,1,40,116,-4,159,36,True,1,,,False
163,1,41,94,-4,159,111,True,1,,,False
163,1,42,29,4,4,149,True,1,,,False
163,1,43,8,6,6,59,True,1,,,False
163,1,44,9,11,11,113,True,0,,,False
163,1,45,89,-10,153,82,True,1,,,False
163,1,46,69,11,11,82,True,0,,,False
163,1,47,157,-12,151,47,True,1,,,False
163,1,48,35,-11,152,142,True,0,,,False
163,1,49,25,15,15,40,True,0,,,False
163,1,50,3,14,14,19,True,1,,,False
163,1,51,160,-23,140,53,True,0,,,False
163,1,52,76,4,4,93,True,1,,,False
163,1,53,158,-16,147,137,True,3,,,False
163,1,54,56,-1,162,60,True,0,,,False
163,1,55,106,-4,159,102,True,1,,,False
163,1,56,104,-21,142,118,True,0,,,False
163,1,57,2,16,16,59,True,1,,,False
163,1,58,101,-14,149,127,True,1,,,False
163,1,59,113,-4,159,106,True,3,,,False
163,1,60,7,-14,149,41,True,1,,,False
163,1,61,133,11,11,57,True,0,,,False
163,1,62,61,-9,154,139,True,0,,,False
163,1,63,151,-11,152,37,True,0,,,False
163,1,64,132,-3,160,34,True,0,,,False
163,1,65,90,5,5,126,True,0,,,False
163,1,66,27,2,2,60,True,1,,,False
163,1,67,4,-19,144,139,True,0,,,False
163,1,68,152,-4,159,67,True,3,,,False
163,1,69,156,13,13,79,True,0,,,False
163,1,70,5,24,24,109,True,1,,,False
163,1,71,11,4,4,30,True,1,,,False
163,1,72,42,-2,161,21,True,1,,,False
163,1,73,45,14,14,149,True,1,,,False
163,1,74,37,-20,143,67,True,1,,,False
163,1,75,148,-2,161,21,True,1,,,False
163,1,76,54,-5,158,123,True,0,,,False
163,1,77,73,16,16,24,True,1,,,False
163,1,78,110,-24,139,18,True,1,,,False
163,1,79,82,10,10,38,True,1,,,False
163,1,80,125,18,18,153,True,1,,,False
163,1,81,63,-16,147,102,True,1,,,False
163,1,82,63,16,16,102,True,1,,,False
163,1,83,125,-18,145,153,True,1,,,False
163,1,84,82,-10,153,38,True,1,,,False
163,1,85,110,24,24,18,True,1,,,False
163,1,86,73,-16,147,24,True,1,,,False
163,1,87,54,5,5,123,True,0,,,False
163,1,88,148,2,2,21,True,1,,,False
163,1,89,37,20,20,67,True,1,,,False
163,1,90,45,-14,149,149,True,1,,,False
163,1,91,42,2,2,21,True,1,,,False
163,1,92,11,-4,159,30,True,1,,,False
163,1,93,5,-24,139,109,True,1,,,False
163,1,94,156,-13,150,79,True,0,,,False
163,1,95,152,4,4,67,True,3,,,False
163,1,96,4,19,19,139,True,0,,,False
163,1,97,27,-2,161,60,True,1,,,False
163,1,98,90,-5,158,126,True,0,,,False
163,1,99,132,3,3,34,True,0,,,False
163,1,100,151,11,11,37,True,0,,,False
163,1,101,61,9,9,139,True,0,,,False
163,1,102,133,-11,152,57,True,0,,,False
163,1,103,7,14,14,41,True,1,,,False
163,1,104,113,4,4,106,True,3,,,False
163,1,105,101,14,14,127,True,1,,,False
163,1,106,2,-16,147,59,True,1,,,False
163,1,107,104,21,21,118,True,0,,,False
163,1,108,106,4,4,102,True,1,,,False
163,1,109,56,1,1,60,True,0,,,False
163,1,110,158,16,16,137,True,3,,,False
163,1,111,76,-4,159,93,True,1,,,False
163,1,112,160,23,23,53,True,0,,,False
163,1,113,3,-14,149,19,True,1,,,False
163,1,114,25,-15,148,40,True,0,,,False
163,1,115,35,11,11,142,True,0,,,False
163,1,116,157,12,12,47,True,1,,,False
163,1,117,69,-11,152,82,True,0,,,False
163,1,118,89,10,10,82,True,1,,,False
163,1,119,9,-11,152,113,True,0,,,False
163,1,120,8,-6,157,59,True,1,,,False
163,1,121,29,-4,159,149,True,1,,,False
163,1,122,94,4,4,111,True,1,,,False
163,1,123,116,4,4,36,True,1,,,False
163,1,124,52,-14,149,7,True,1,,,False
163,1,125,109,-8,155,10,True,1,,,True
163,1,126,46,-16,147,101,True,3,,,False
163,1,127,155,15,15,51,True,0,,,False
163,1,128,26,-20,143,86,True,3,,,False
163,1,129,44,14,14,133,True,1,,,False
163,1,130,91,-20,143,71,True,3,,,False
163,1,131,145,8,8,148,True,3,,,True
163,1,132,117,-2,161,133,True,1,,,False
163,1,133,71,16,16,139,True,3,,,False
163,1,134,128,-2,161,134,True,1,,,False
163,1,135,105,16,16,151,True,1,,,False
163,1,136,134,17,17,161,True,0,,,True
163,1,138,142,12,12,133,True,1,,,False
163,1,139,17,6,6,114,True,1,,,False
163,1,140,16,19,19,31,True,0,,,False
163,1,141,53,21,21,63,True,0,,,False
163,1,142,87,-4,159,124,True,3,,,False
163,1,143,129,-20,143,109,True,1,,,False
163,1,144,127,0,0,30,False,1,,,False
163,1,145,103,8,8,64,True,1,,,True
163,1,146,92,-2,161,147,True,1,,,False
163,1,147,136,9,9,38,True,0,,,False
163,1,148,144,1,1,61,True,0,,,False
163,1,149,119,5,5,0,True,0,,,False
163,1,150,22,12,12,74,True,3,,,False
163,1,151,13,2,2,106,True,1,,,False
163,1,152,6,-9,154,14,True,0,,,False
163,1,153,72,-10,153,25,True,1,,,False
163,1,154,96,4,4,1,True,3,,,False
163,1,155,39,17,17,59,True,0,,,True
163,1,156,95,4,4,22,True,3,,,False
163,1,157,130,8,8,161,True,1,,,True
163,1,158,93,11,11,40,True,0,,,False
163,1,159,131,-1,162,71,True,0,,,False
163,1,160,59,24,24,63,True,1,,,False
163,1,161,85,12,12,51,True,3,,,False
163,1,162,81,25,25,121,True,0,,,True
163,2,0,98,0,0,95,False,3,,,False
163,2,1,20,-8,155,112,True,3,,,True
163,2,2,55,2,2,20,True,1,,,False
163,2,3,28,24,24,4,True,3,,,False
163,2,4,18,-17,146,98,True,0,,,True
163,2,5,140,12,12,27,True,1,,,False
163,2,6,83,22,22,9,True,1,,,False
163,2,7,135,-6,157,75,True,1,,,False
163,2,8,147,23,23,129,True,0,,,False
163,2,9,77,-18,145,159,True,1,,,False
163,2,10,162,11,11,149,True,0,,,False
163,2,11,1,6,6,76,True,1,,,False
163,2,12,66,-20,143,78,True,3,,,False
163,2,13,159,11,11,51,True,0,,,False
163,2,14,23,12,12,64,True,3,,,False
163,2,15,67,-13,150,91,True,0,,,False
163,2,16,32,-19,144,9,True,0,,,False
163,2,17,48,20,20,79,True,3,,,False
163,2,18,139,4,4,115,True,3,,,False
163,2,19,124,1,1,162,True,0,,,False
163,2,20,60,20,20,123,True,1,,,False
163,2,21,111,-22,141,93,True,1,,,False
163,2,22,74,-22,141,133,True,1,,,False
163,2,23,38,-18,145,93,True,1,,,False
163,2,24,114,4,4,17,True,3,,,False
163,2,25,10,10,10,145,True,1,,,False
163,2,26,112,1,1,100,True,0,,,False
163,2,27,97,20,20,68,True,1,,,False
163,2,28,118,-8,155,13,True,1,,,True
163,2,29,78,11,11,88,True,0,,,False
163,2,30,153,7,7,108,True,0,,,False
163,2,31,161,10,10,108,True,1,,,False
163,2,32,15,-4,159,9,True,1,,,False
163,2,33,21,-6,157,155,True,1,,,False
163,2,34,40,-16,147,10,True,1,,,False
163,2,35,138,-9,154,122,True,0,,,False
163,2,36,68,-5,158,160,True,0,,,False
163,2,37,75,-13,150,137,True,0,,,False
163,2,38,86,-21,142,36,True,0,,,False
163,2,39,108,-20,143,14,True,3,,,False
163,2,40,120,-7,156,155,True,0,,,False
163,2,41,19,4,4,47,True,3,,,False
163,2,42,49,-22,141,96,True,1,,,False
163,2,43,100,10,10,102,True,1,,,False
163,2,44,58,-12,151,88,True,1,,,False
163,2,45,149,17,17,156,True,0,,,True
163,2,46,99,-12,151,44,True,3,,,False
163,2,47,79,-13,150,9,True,0,,,False
163,2,48,80,1,1,131,True,0,,,False
163,2,49,30,12,12,139,True,3,,,False
163,2,50,154,-19,144,0,True,0,,,False
163,2,51,88,14,14,138,True,1,,,False
163,2,52,33,-4,159,95,True,1,,,False
163,2,53,137,-4,159,90,True,3,,,False
163,2,54,57,-8,155,162,True,1,,,True
163,2,55,12,-1,162,28,True,0,,,False
163,2,56,107,7,7,96,True,0,,,False
163,2,57,14,-16,147,9,True,1,,,False
163,2,58,36,-6,157,105,True,1,,,False
163,2,59,65,2,2,44,True,1,,,False
163,2,60,146,-6,157,95,True,1,,,False
163,2,61,47,8,8,130,True,1,1,1,True
163,2,62,115,18,18,151,True,1,,,False
163,2,63,143,-20,143,110,True,1,,,False
163,2,64,70,7,7,73,True,0,,,False
163,2,65,122,-4,159,95,True,3,,,False
163,2,66,34,4,4,29,True,1,,,False
163,2,67,43,-14,149,6,True,1,,,False
163,2,68,24,10,10,76,True,1,,,False
163,2,69,51,-4,159,144,True,1,,,False
163,2,70,141,9,9,149,True,0,,,False
163,2,71,121,8,8,56,True,1,,,True
163,2,72,84,-10,153,5,True,1,,,False
163,2,73,102,3,3,134,True,0,,,False
163,2,74,126,-16,147,9,True,1,,,False
163,2,75,50,-1,162,111,True,0,,,False
163,2,76,41,16,16,137,True,1,,,False
163,2,77,64,6,6,106,True,1,,,False
163,2,78,31,-3,160,135,True,0,,,False
163,2,79,150,-12,151,47,True,1,,,False
163,2,80,123,-7,156,89,True,0,,,False
163,2,81,62,16,16,20,True,1,,,False
163,2,82,62,-16,147,20,True,1,,,False
163,2,83,123,7,7,89,True,0,,,False
163,2,84,150,12,12,47,True,1,,,False
163,2,85,31,3,3,135,True,0,,,False
163,2,86,64,-6,157,106,True,1,,,False
163,2,87,41,-16,147,137,True,1,,,False
163,2,88,50,1,1,111,True,0,,,False
163,2,89,126,16,16,9,True,1,,,False
163,2,90,102,-3,160,134,True,0,,,False
163,2,91,84,10,10,5,True,1,,,False
163,2,92,121,-8,155,56,True,1,,,True
163,2,93,141,-9,154,149,True,0,,,False
163,2,94,51,4,4,144,True,1,,,False
163,2,95,24,-10,153,76,True,1,,,False
163,2,96,43,14,14,6,True,1,,,False
163,2,97,34,-4,159,29,True,1,,,False
163,2,98,122,4,4,95,True,3,,,False
163,2,99,70,-7,156,73,True,0,,,False
163,2,100,143,20,20,110,True,1,,,False
163,2,101,115,-18,145,151,True,1,,,False
163,2,102,47,-8,155,130,True,1,1,1,True
163,2,103,146,6,6,95,True,1,,,False
163,2,104,65,-2,161,44,True,1,,,False
163,2,105,36,6,6,105,True,1,,,False
163,2,106,14,16,16,9,True,1,,,False
163,2,107,107,-7,156,96,True,0,,,False
163,2,108,12,1,1,28,True,0,,,False
163,2,109,57,8,8,162,True,1,,,True
163,2,110,137,4,4,90,True,3,,,False
163,2,111,33,4,4,95,True,1,,,False
163,2,112,88,-14,149,138,True,1,,,False
163,2,113,154,19,19,0,True,0,,,False
163,2,114,30,-12,151,139,True,3,,,False
163,2,115,80,-1,162,131,True,0,,,False
163,2,116,79,13,13,9,True,0,,,False
163,2,117,99,12,12,44,True,3,,,False
163,2,118,149,-17,146,156,True,0,,,True
163,2,119,58,12,12,88,True,1,,,False
163,2,120,100,-10,153,102,True,1,,,False
163,2,121,49,22,22,96,True,1,,,False
163,2,122,19,-4,159,47,True,3,,,False
163,2,123,120,7,7,155,True,0,,,False
163,2,124,108,20,20,14,True,3,,,False
163,2,125,86,21,21,36,True,0,,,False
163,2,126,75,13,13,137,True,0,,,False
163,2,127,68,5,5,160,True,0,,,False
163,2,128,138,9,9,122,True,0,,,False
163,2,129,40,16,16,10,True,1,,,False
163,2,130,21,6,6,155,True,1,,,False
163,2,131,15,4,4,9,True,1,,,False
163,2,132,161,-10,153,108,True,1,,,False
163,2,133,153,-7,156,108,True,0,,,False
163,2,134,78,-11,152,88,True,0,,,False
163,2,135,118,8,8,13,True,1,,,True
163,2,136,97,-20,143,68,True,1,,,False
163,2,137,112,-1,162,100,True,0,,,False
163,2,138,10,-10,153,145,True,1,,,False
163,2,139,114,-4,159,17,True,3,,,False
163,2,140,38,18,18,93,True,1,,,False
163,2,141,74,22,22,133,True,1,,,False
163,2,142,111,22,22,93,True,1,,,False
163,2,143,60,-20,143,123,True,1,,,False
163,2,144,124,-1,162,162,True,0,,,False
163,2,145,139,-4,159,115,True,3,,,False
163,2,146,48,-20,143,79,True,3,,,False
163,2,147,32,19,19,9,True,0,,,False
163,2,148,67,13,13,91,True,0,,,False
163,2,149,23,-12,151,64,True,3,,,False
163,2,150,159,-11,152,51,True,0,,,False
163,2,151,66,20,20,78,True,3,,,False
163,2,152,1,-6,157,76,True,1,,,False
163,2,153,162,-11,152,149,True,0,,,False
163,2,154,77,18,18,159,True,1,,,False
163,2,155,147,-23,140,129,True,0,,,False
163,2,156,135,6,6,75,True,1,,,False
163,2,157,83,-22,141,9,True,1,,,False
163,2,158,140,-12,151,27,True,1,,,False
163,2,159,18,17,17,98,True,0,,,True
163,2,160,28,-24,139,4,True,3,,,False
163,2,161,55,-2,161,20,True,1,,,False
163,2,162,20,8,8,112,True,3,,,True
167,0,1,0,0,0,6,False,1,,,False
167,0,5,0,0,0,66,False,1,,,False
167,1,0,58,0,0,11,False,1,,,False
167,1,1,126,24,24,121,True,1,,,False
167,1,2,14,16,16,4,True,1,,,False
167,1,3,53,-13,154,142,True,0,,,False
167,1,4,166,24,24,14,True,3,,,False
167,1,5,97,18,18,27,True,1,,,False
167,1,6,81,18,18,53,True,1,,,False
167,1,7,67,-11,156,129,True,0,,,False
167,1,8,63,2,2,92,True,1,,,False
167,1,9,45,16,16,0,True,3,,,False
167,1,10,49,-6,161,53,True,1,,,False
167,1,11,16,-12,155,14,True,1,,,False
167,1,12,165,8,8,166,True,3,,,False
167,1,13,4,-22,145,57,True,1,,,False
167,1,14,23,21,21,29,True,0,,,False
167,1,15,158,-1,166,118,True,0,,,False
167,1,16,151,0,0,130,False,3,,,False
167,1,17,74,-9,158,24,True,0,,,False
167,1,18,82,-24,143,109,True,3,,,False
167,1,19,1,-18,149,65,True,1,,,False
167,1,20,2,-18,149,64,True,1,,,False
167,1,21,128,20,20,115,True,1,,,False
167,1,22,143,3,3,42,True,0,,,False
167,1,23,155,-7,160,81,True,0,,,False
167,1,24,36,-12,155,46,True,1,,,False
167,1,25,75,2,2,163,True,1,,,False
167,1,26,80,-19,148,163,True,0,,,False
167,1,27,146,-5,162,32,True,0,,,False
167,1,28,84,-10,157,73,True,1,,,False
167,1,29,102,-21,146,132,True,0,,,False
167,1,30,27,0,0,8,False,1,,,False
167,1,31,44,18,18,11,True,1,,,False
167,1,32,11,6,6,50,True,1,,,False
167,1,33,60,-4,163,59,True,3,,,False
167,1,34,162,6,6,8,True,1,,,False
167,1,35,5,9,9,84,True,0,,,False
167,1,36,42,8,8,2,True,1,,,False
167,1,37,15,0,0,64,False,3,,,False
167,1,38,141,-18,149,104,True,1,,,False
167,1,39,70,16,16,63,True,3,,,False
167,1,40,135,-21,146,149,True,0,,,False
167,1,41,79,1,1,118,True,0,,,False
167,1,42,83,5,5,32,True,0,,,False
167,1,43,17,7,7,136,True,0,,,False
167,1,44,13,-3,164,89,True,0,,,False
167,1,45,156,-15,152,59,True,0,,,False
167,1,46,132,0,0,4,False,1,,,False
167,1,47,56,12,12,98,True,1,,,False
167,1,48,33,-14,153,120,True,1,,,False
167,1,49,145,11,11,135,True,0,,,False
167,1,50,25,12,12,44,True,1,,,False
167,1,51,120,7,7,121,True,0,,,False
167,1,52,88,-2,165,126,True,1,,,False
167,1,53,8,2,2,73,True,1,,,False
167,1,54,134,1,1,46,True,0,,,False
167,1,55,98,18,18,78,True,1,,,False
167,1,56,57,6,6,152,True,1,,,False
167,1,57,43,7,7,15,True,0,,,False
167,1,58,69,-12,155,158,True,3,,,False
167,1,59,137,8,8,16,True,1,,,False
167,1,60,90,-19,148,22,True,0,,,False
167,1,61,105,3,3,149,True,0,,,False
167,1,62,99,16,16,134,True,1,,,False
167,1,63,91,-8,159,109,True,3,,,False
167,1,64,93,6,6,87,True,1,,,False
167,1,65,50,2,2,96,True,1,,,False
167,1,66,144,-24,143,155,True,1,,,False
167,1,67,22,20,20,16,True,1,,,False
167,1,68,59,0,0,25,False,3,,,False
167,1,69,54,-12,155,157,True,1,,,False
167,1,70,106,8,8,83,True,3,,,False
167,1,71,150,14,14,154,True,1,,,False
167,1,72,86,11,11,146,True,0,,,False
167,1,73,9,22,22,88,True,1,,,False
167,1,74,127,-6,161,130,True,1,,,False
167,1,75,47,-12,155,82,True,1,,,False
167,1,76,35,-3,164,135,True,0,,,False
167,1,77,123,-7,160,106,True,0,,,False
167,1,78,139,24,24,19,True,3,,,False
167,1,79,29,-2,165,53,True,1,,,False
167,1,80,31,8,8,136,True,1,,,False
167,1,81,142,-16,151,155,True,3,,,False
167,1,82,119,-13,154,14,True,0,,,False
167,1,83,41,15,15,27,True,0,,,False
167,1,84,41,-15,152,27,True,0,,,False
167,1,85,119,13,13,14,True,0,,,False
167,1,86,142,16,16,155,True,3,,,False
167,1,87,31,-8,159,136,True,1,,,False
167,1,88,29,2,2,53,True,1,,,False
167,1,89,139,-24,143,19,True,3,,,False
167,1,90,123,7,7,106,True,0,,,False
167,1,91,35,3,3,135,True,0,,,False
167,1,92,47,12,12,82,True,1,,,False
167,1,93,127,6,6,130,True,1,,,False
167,1,94,9,-22,145,88,True,1,,,False
167,1,95,86,-11,156,146,True,0,,,False
167,1,96,150,-14,153,154,True,1,,,False
167,1,97,106,-8,159,83,True,3,,,False
167,1,98,54,12,12,157,True,1,,,False
167,1,99,59,0,0,25,False,3,,,False
167,1,100,22,-20,147,16,True,1,,,False
167,1,101,144,24,24,155,True,1,,,False
167,1,102,50,-2,165,96,True,1,,,False
167,1,103,93,-6,161,87,True,1,,,False
167,1,104,91,8,8,109,True,3,,,False
167,1,105,99,-16,151,134,True,1,,,False
167,1,106,105,-3,164,149,True,0,,,False
167,1,107,90,19,19,22,True,0,,,False
167,1,108,137,-8,159,16,True,1,,,False
167,1,109,69,12,12,158,True,3,,,False
167,1,110,43,-7,160,15,True,0,,,False
167,1,111,57,-6,161,152,True,1,,,False
167,1,112,98,-18,149,78,True,1,,,False
167,1,113,134,-1,166,46,True,0,,,False
167,1,114,8,-2,165,73,True,1,,,False
167,1,115,88,2,2,126,True,1,,,False
167,1,116,120,-7,160,121,True,0,,,False
167,1,117,25,-12,155,44,True,1,,,False
167,1,118,145,-11,156,135,True,0,,,False
167,1,119,33,14,14,120,True,1,,,False
167,1,120,56,-12,155,98,True,1,,,False
167,1,121,132,0,0,4,False,1,,,False
167,1,122,156,15,15,59,True,0,,,False
167,1,123,13,3,3,89,True,0,,,False
167,1,124,17,-7,160,136,True,0,,,False
167,1,125,83,-5,162,32,True,0,,,False
167,1,126,79,-1,166,118,True,0,,,False
167,1,127,135,21,21,149,True,0,,,False
167,1,128,70,-16,151,63,True,3,,,False
167,1,129,141,18,18,104,True,1,,,False
167,1,130,15,0,0,64,False,3,,,False
167,1,131,42,-8,159,2,True,1,,,False
167,1,132,5,-9,158,84,True,0,,,False
167,1,133,162,-6,161,8,True,1,,,False
167,1,134,60,4,4,59,True,3,,,False
167,1,135,11,-6,161,50,True,1,,,False
167,1,136,44,-18,149,11,True,1,,,False
167,1,137,27,0,0,8,False,1,,,False
167,1,138,102,21,21,132,True,0,,,False
167,1,139,84,10,10,73,True,1,,,False
167,1,140,146,5,5,32,True,0,,,False
167,1,141,80,19,19,163,True,0,,,False
167,1,142,75,-2,165,163,True,1,,,False
167,1,143,36,12,12,46,True,1,,,False
167,1,144,155,7,7,81,True,0,,,False
167,1,145,143,-3,164,42,True,0,,,False
167,1,146,128,-20,147,115,True,1,,,False
167,1,147,2,18,18,64,True,1,,,False
167,1,148,1,18,18,65,True,1,,,False
167,1,149,82,24,24,109,True,3,,,False
167,1,150,74,9,9,24,True,0,,,False
167,1,151,151,0,0,130,False,3,,,False
167,1,152,158,1,1,118,True,0,,,False
167,1,153,23,-21,146,29,True,0,,,False
167,1,154,4,22,22,57,True,1,,,False
167,1,155,165,-8,159,166,True,3,,,False
167,1,156,16,12,12,14,True,1,,,False
167,1,157,49,6,6,53,True,1,,,False
167,1,158,45,-16,151,0,True,3,,,False
167,1,159,63,-2,165,92,True,1,,,False
167,1,160,67,11,11,129,True,0,,,False
167,1,161,81,-18,149,53,True,1,,,False
167,1,162,97,-18,149,27,True,1,,,False
167,1,163,166,-24,143,14,True,3,,,False
167,1,164,53,13,13,142,True,0,,,False
167,1,165,14,-16,151,4,True,1,,,False
167,1,166,126,-24,143,121,True,1,,,False
167,5,0,58,0,0,49,False,3,,,False
167,5,1,62,-12,155,23,True,3,,,False
167,5,2,129,-16,151,108,True,1,,,False
167,5,3,164,-12,155,79,True,1,,,False
167,5,4,39,4,4,91,True,1,,,False
167,5,5,46,-12,155,72,True,1,,,False
167,5,6,115,-8,159,106,True,3,,,False
167,5,7,28,-9,158,57,True,0,,,False
167,5,8,40,-8,159,151,True,1,,,False
167,5,9,152,-3,164,0,True,0,,,False
167,5,10,103,-12,155,22,True,1,,,False
167,5,11,73,14,14,76,True,1,,,False
167,5,12,6,-16,151,130,True,3,,,False
167,5,13,147,-17,150,146,True,0,,,False
167,5,14,20,-14,153,132,True,1,,,False
167,5,15,26,-22,145,108,True,1,,,False
167,5,16,140,-8,159,42,True,1,,,False
167,5,17,19,-12,155,25,True,3,,,False
167,5,18,68,2,2,13,True,1,,,False
167,5,19,38,-9,158,27,True,0,,,False
167,5,20,7,23,23,101,True,0,,,False
167,5,21,159,-12,155,83,True,1,,,False
167,5,22,133,21,21,63,True,0,,,False
167,5,23,55,12,12,80,True,1,,,False
167,5,24,114,-5,162,150,True,0,,,False
167,5,25,111,-14,153,157,True,1,,,False
167,5,26,131,0,0,144,False,1,,,False
167,5,27,72,-3,164,110,True,0,,,False
167,5,28,65,-9,158,14,True,0,,,False
167,5,29,121,20,20,102,True,3,,,False
167,5,30,51,4,4,144,True,1,,,False
167,5,31,10,-8,159,12,True,1,,,False
167,5,32,3,-13,154,139,True,0,,,False
167,5,33,61,-17,150,112,True,0,,,False
167,5,34,96,23,23,22,True,0,,,False
167,5,35,118,18,18,146,True,1,,,False
167,5,36,117,-20,147,29,True,1,,,False
167,5,37,87,-23,144,54,True,0,,,False
167,5,38,30,0,0,141,False,1,,,False
167,5,39,108,-3,164,88,True,0,,,False
167,5,40,32,9,9,151,True,0,,,False
167,5,41,107,25,25,161,True,0,,,False
167,5,42,113,16,16,67,True,1,,,False
167,5,43,66,19,19,111,True,0,,,False
167,5,45,125,-12,155,160,True,1,,,False
167,5,46,85,-3,164,74,True,0,,,False
167,5,47,12,3,3,101,True,0,,,False
167,5,48,116,-8,159,49,True,3,,,False
167,5,49,76,12,12,124,True,3,,,False
167,5,50,52,-22,145,1,True,1,,,False
167,5,51,77,16,16,76,True,3,,,False
167,5,52,153,6,6,3,True,1,,,False
167,5,53,95,16,16,73,True,1,,,False
167,5,54,94,1,1,73,True,0,,,False
167,5,55,101,12,12,85,True,1,,,False
167,5,56,138,-2,165,130,True,1,,,False
167,5,57,148,8,8,83,True,1,,,False
167,5,58,130,9,9,97,True,0,,,False
167,5,59,78,4,4,119,True,1,,,False
167,5,60,122,-12,155,102,True,3,,,False
167,5,61,104,12,12,16,True,1,,,False
167,5,62,112,0,0,3,False,3,,,False
167,5,63,136,-10,157,150,True,1,,,False
167,5,64,21,-15,152,117,True,0,,,False
167,5,65,124,-3,164,37,True,0,,,False
167,5,66,154,3,3,76,True,0,,,False
167,5,67,110,-10,157,117,True,1,,,False
167,5,68,163,18,18,26,True,1,,,False
167,5,69,100,15,15,97,True,0,,,False
167,5,70,89,0,0,75,False,3,,,False
167,5,71,109,-24,143,144,True,1,,,False
167,5,72,37,18,18,81,True,1,,,False
167,5,73,24,-15,152,3,True,0,,,False
167,5,74,160,14,14,90,True,1,,,False
167,5,75,18,21,21,135,True,0,,,False
167,5,76,64,-8,159,145,True,3,,,False
167,5,77,149,-10,157,130,True,1,,,False
167,5,78,157,-17,150,25,True,0,,,False
167,5,79,92,-2,165,62,True,1,,,False
167,5,80,161,6,6,65,True,1,,,False
167,5,81,34,2,2,75,True,1,,,False
167,5,82,71,-12,155,119,True,1,,,False
167,5,83,48,8,8,59,True,3,,,False
167,5,84,48,-8,159,59,True,3,,,False
167,5,85,71,12,12,119,True,1,,,False
167,5,86,34,-2,165,75,True,1,,,False
167,5,87,161,-6,161,65,True,1,,,False
167,5,88,92,2,2,62,True,1,,,False
167,5,89,157,17,17,25,True,0,,,False
167,5,90,149,10,10,130,True,1,,,False
167,5,91,64,8,8,145,True,3,,,False
167,5,92,18,-21,146,135,True,0,,,False
167,5,93,160,-14,153,90,True,1,,,False
167,5,94,24,15,15,3,True,0,,,False
167,5,95,37,-18,149,81,True,1,,,False
167,5,96,109,24,24,144,True,1,,,False
167,5,97,89,0,0,75,False,3,,,False
167,5,98,100,-15,152,97,True,0,,,False
167,5,99,163,-18,149,26,True,1,,,False
167,5,100,110,10,10,117,True,1,,,False
167,5,101,154,-3,164,76,True,0,,,False
167,5,102,124,3,3,37,True,0,,,False
167,5,103,21,15,15,117,True,0,,,False
167,5,104,136,10,10,150,True,1,,,False
167,5,105,112,0,0,3,False,3,,,False
167,5,106,104,-12,155,16,True,1,,,False
167,5,107,122,12,12,102,True,3,,,False
167,5,108,78,-4,163,119,True,1,,,False
167,5,109,130,-9,158,97,True,0,,,False
167,5,110,148,-8,159,83,True,1,,,False
167,5,111,138,2,2,130,True,1,,,False
167,5,112,101,-12,155,85,True,1,,,False
167,5,113,94,-1,166,73,True,0,,,False
167,5,114,95,-16,151,73,True,1,,,False
167,5,115,153,-6,161,3,True,1,,,False
167,5,116,77,-16,151,76,True,3,,,False
167,5,117,52,22,22,1,True,1,,,False
167,5,118,76,-12,155,124,True,3,,,False
167,5,119,116,8,8,49,True,3,,,False
167,5,120,12,-3,164,101,True,0,,,False
167,5,121,85,3,3,74,True,0,,,False
167,5,122,125,12,12,160,True,1,,,False
167,5,124,66,-19,148,111,True,0,,,False
167,5,125,113,-16,151,67,True,1,,,False
167,5,126,107,-25,142,161,True,0,,,False
167,5,127,32,-9,158,151,True,0,,,False
167,5,128,108,3,3,88,True,0,,,False
167,5,129,30,0,0,141,False,1,,,False
167,5,130,87,23,23,54,True,0,,,False
167,5,131,117,20,20,29,True,1,,,False
167,5,132,118,-18,149,146,True,1,,,False
167,5,133,96,-23,144,22,True,0,,,False
167,5,134,61,17,17,112,True,0,,,False
167,5,135,3,13,13,139,True,0,,,False
167,5,136,10,8,8,12,True,1,,,False
167,5,137,51,-4,163,144,True,1,,,False
167,5,138,121,-20,147,102,True,3,,,False
167,5,139,65,9,9,14,True,0,,,False
167,5,140,72,3,3,110,True,0,,,False
167,5,141,131,0,0,144,False,1,,,False
167,5,142,111,14,14,157,True,1,,,False
167,5,143,114,5,5,150,True,0,,,False
167,5,144,55,-12,155,80,True,1,,,False
167,5,145,133,-21,146,63,True,0,,,False
167,5,146,159,12,12,83,True,1,,,False
167,5,147,7,-23,144,101,True,0,,,False
167,5,148,38,9,9,27,True,0,,,False
167,5,149,68,-2,165,13,True,1,,,False
167,5,150,19,12,12,25,True,3,,,False
167,5,151,140,8,8,42,True,1,,,False
167,5,152,26,22,22,108,True,1,,,False
167,5,153,20,14,14,132,True,1,,,False
167,5,154,147,17,17,146,True,0,,,False
167,5,155,6,16,16,130,True,3,,,False
167,5,156,73,-14,153,76,True,1,,,False
167,5,157,103,12,12,22,True,1,,,False
167,5,158,152,3,3,0,True,0,,,False
167,5,159,40,8,8,151,True,1,,,False
167,5,160,28,9,9,57,True,0,,,False
167,5,161,115,8,8,106,True,3,,,False
167,5,162,46,12,12,72,True,1,,,False
167,5,163,39,-4,163,91,True,1,,,False
167,5,164,164,12,12,79,True,1,,,False
167,5,165,129,16,16,108,True,1,,,False
167,5,166,62,12,12,23,True,3,,,False
173,0,1,0,0,0,146,False,1,,,False
173,0,2,0,0,0,22,False,1,,,False
173,1,0,171,26,26,0,True,3,0,0,True
173,1,1,156,2,2,64,True,3,,,False
173,1,2,37,18,18,57,True,1,,,False
173,1,3,56,6,6,133,True,1,,,False
173,1,4,146,-6,167,93,True,3,,,False
173,1,5,147,-11,162,76,True,0,,,False
173,1,6,95,14,14,114,True,1,,,False
173,1,7,161,-1,172,69,True,0,,,False
173,1,8,169,-6,167,108,True,1,,,False
173,1,9,24,0,0,64,False,1,,,False
173,1,10,65,-10,163,114,True,3,,,False
173,1,11,87,-6,167,87,True,3,,,False
173,1,12,16,8,8,104,True,1,,,False
173,1,13,40,-24,149,165,True,1,,,False
173,1,14,75,6,6,75,True,3,,,False
173,1,15,115,-13,160,92,True,0,,,False
173,1,16,2,21,21,42,True,0,,,False
173,1,17,94,6,6,120,True,3,,,False
173,1,18,139,6,6,122,True,1,,,False
173,1,19,85,0,0,7,False,1,,,False
173,1,20,62,-9,164,57,True,0,,,False
173,1,21,160,4,4,133,True,1,,,True
173,1,22,164,6,6,71,True,1,,,False
173,1,23,77,-18,155,151,True,1,,,False
173,1,24,50,-5,168,47,True,0,,,False
173,1,25,67,-8,165,61,True,1,,,False
173,1,26,152,-24,149,117,True,1,,,False
173,1,27,20,-15,158,144,True,0,,,False
173,1,28,89,20,20,0,True,1,,,False
173,1,29,144,-4,169,52,True,1,,,True
173,1,30,107,-10,163,169,True,3,,,False
173,1,31,165,9,9,160,True,0,,,False
173,1,32,25,-12,161,61,True,1,,,False
173,1,33,118,-10,163,170,True,1,,,False
173,1,34,9,-2,171,165,True,1,,,False
173,1,35,19,-15,158,88,True,0,,,False
173,1,36,159,0,0,158,False,1,,,False
173,1,37,170,-7,166,37,True,0,,,False
173,1,38,98,15,15,48,True,0,,,False
173,1,39,163,-24,149,89,True,1,,,False
173,1,40,113,18,18,67,True,1,,,False
173,1,41,109,10,10,65,True,1,,,False
173,1,42,12,14,14,98,True,3,,,False
173,1,43,10,-8,165,80,True,1,,,False
173,1,44,92,2,2,113,True,1,,,False
173,1,45,15,-6,167,5,True,1,,,False
173,1,46,60,-16,157,123,True,1,,,False
173,1,47,155,-15,158,24,True,0,,,False
173,1,48,51,2,2,122,True,1,,,False
173,1,49,126,14,14,80,True,1,,,False
173,1,50,71,-13,160,147,True,0,,,False
173,1,51,100,-16,157,85,True,1,,,False
173,1,52,114,-11,162,33,True,0,,,False
173,1,53,7,-17,156,23,True,0,,,False
173,1,54,82,-1,172,135,True,0,,,False
173,1,55,120,-15,158,81,True,0,,,False
173,1,56,151,-20,153,4,True,1,,,False
173,1,57,86,9,9,89,True,0,,,False
173,1,58,73,8,8,44,True,1,,,False
173,1,59,93,17,17,121,True,0,,,False
173,1,60,79,14,14,103,True,3,,,False
173,1,61,132,22,22,40,True,1,,,False
173,1,62,1,18,18,85,True,1,,,False
173,1,63,121,22,22,34,True,1,,,False
173,1,64,134,-21,152,52,True,0,,,False
173,1,65,96,12,12,139,True,1,,,False
173,1,66,58,-14,159,49,True,3,,,False
173,1,67,84,-6,167,35,True,1,,,False
173,1,68,45,18,18,101,True,3,,,False
173,1,69,57,24,24,52,True,1,,,False
173,1,70,131,-14,159,29,True,3,,,False
173,1,71,104,-3,170,102,True,0,,,False
173,1,72,11,11,11,66,True,0,,,False
173,1,73,39,1,1,148,True,0,,,False
173,1,74,6,-12,161,55,True,1,,,False
173,1,75,162,21,21,4,True,0,,,False
173,1,76,27,9,9,40,True,0,,,False
173,1,77,78,-14,159,25,True,1,,,False
173,1,78,111,5,5,19,True,0,,,False
173,1,79,76,-1,172,27,True,0,,,False
173,1,80,53,18,18,58,True,3,,,False
173,1,81,8,-9,164,28,True,0,,,False
173,1,82,106,-6,167,96,True,1,,,False
173,1,83,43,4,4,88,True,1,,,True
173,1,84,32,-11,162,151,True,0,,,False
173,1,85,64,24,24,166,True,1,,,False
173,1,86,128,18,18,14,True,3,,,False
173,2,0,171,4,4,0,True,1,0,0,True
173,2,1,125,-6,167,167,True,1,,,False
173,2,2,133,-19,154,96,True,0,,,False
173,2,3,74,-24,149,68,True,1,,,False
173,2,4,149,22,22,172,True,3,,,False
173,2,5,88,-13,160,80,True,0,,,False
173,2,6,124,5,5,118,True,0,,,False
173,2,7,38,3,3,126,True,0,,,False
173,2,8,44,6,6,141,True,1,,,False
173,2,9,129,-14,159,46,True,1,,,False
173,2,10,21,-5,168,148,True,0,,,False
173,2,11,110,-2,171,63,True,1,,,False
173,2,12,48,6,6,8,True,1,,,False
173,2,13,101,18,18,121,True,1,,,False
173,2,14,46,-10,163,141,True,1,,,False
173,2,15,52,6,6,111,True,3,,,False
173,2,16,55,3,3,4,True,0,,,False
173,2,17,61,-20,153,71,True,1,,,False
173,2,18,90,-22,151,117,True,3,,,False
173,2,19,5,-20,153,157,True,1,,,False
173,2,20,81,-3,170,148,True,0,,,False
173,2,21,141,12,12,88,True,1,,,False
173,2,22,59,-6,167,22,True,1,,,False
173,2,23,143,-26,147,99,True,1,1,1,True
173,2,24,119,6,6,67,True,3,,,False
173,2,25,167,-21,152,46,True,0,,,False
173,2,26,14,18,18,138,True,3,,,False
173,2,27,108,12,12,116,True,1,,,False
173,2,28,3,6,6,110,True,1,,,False
173,2,29,72,-6,167,81,True,1,,,False
173,2,30,123,-8,165,143,True,1,,,False
173,2,31,135,14,14,57,True,3,,,False
173,2,33,122,-6,167,79,True,3,,,False
173,2,34,26,-16,157,15,True,1,,,False
173,2,35,172,15,15,137,True,0,,,False
173,2,36,150,23,23,105,True,0,,,False
173,2,37,28,-16,157,72,True,1,,,False
173,2,38,23,18,18,128,True,3,,,False
173,2,39,17,0,0,57,False,1,,,False
173,2,40,42,0,0,166,False,1,,,False
173,2,41,70,4,4,72,True,1,,,True
173,2,42,158,13,13,141,True,0,,,False
173,2,43,18,16,16,61,True,1,,,False
173,2,44,154,22,22,89,True,1,,,False
173,2,45,127,4,4,40,True,1,,,True
173,2,46,102,0,0,6,False,1,,,False
173,2,47,41,-9,164,152,True,0,,,False
173,2,48,140,13,13,114,True,0,,,False
173,2,49,4,3,3,110,True,0,,,False
173,2,50,105,14,14,155,True,1,,,False
173,2,51,137,-9,164,37,True,0,,,False
173,2,52,49,-9,164,1,True,0,,,False
173,2,53,97,8,8,129,True,1,,,False
173,2,54,34,2,2,117,True,3,,,False
173,2,55,148,-18,155,50,True,3,,,False
173,2,56,153,-6,167,126,True,1,,,False
173,2,57,30,16,16,122,True,1,,,False
173,2,58,13,-2,171,145,True,3,,,False
173,2,59,103,-2,171,80,True,1,,,False
173,2,60,47,-7,166,108,True,0,,,False
173,2,61,54,19,19,73,True,0,,,False
173,2,62,66,-12,161,114,True,1,,,False
173,2,63,166,-4,169,122,True,1,,,True
173,2,64,116,-21,152,148,True,0,,,False
173,2,65,117,21,21,98,True,0,,,False
173,2,66,157,-14,159,11,True,3,,,False
173,2,67,29,-15,158,137,True,0,,,False
173,2,68,69,-12,161,21,True,1,,,False
173,2,69,33,-9,164,57,True,0,,,False
173,2,70,138,6,6,142,True,3,,,False
173,2,71,63,6,6,69,True,1,,,False
173,2,72,83,-2,171,79,True,3,,,False
173,2,73,36,21,21,126,True,0,,,False
173,2,74,136,9,9,131,True,0,,,False
173,2,75,35,19,19,84,True,0,,,False
173,2,76,68,6,6,140,True,1,,,False
173,2,77,130,11,11,26,True,0,,,False
173,2,78,112,-18,155,8,True,1,,,False
173,2,79,31,-1,172,54,True,0,,,False
173,2,80,91,-14,159,18,True,1,,,False
173,2,81,145,-12,161,60,True,1,,,False
173,2,82,80,-10,163,164,True,1,,,False
173,2,83,22,25,25,8,True,0,,,False
173,2,84,99,22,22,139,True,1,,,False
173,2,85,142,-7,166,133,True,0,,,False
173,2,86,168,2,2,28,True,1,,,False
173,3,0,171,-4,169,0,True,1,0,0,True
173,3,1,33,9,9,17,True,0,,,False
173,3,2,172,-15,158,120,True,0,,,False
173,3,3,26,16,16,50,True,1,,,False
173,3,4,138,-6,167,161,True,3,,,False
173,3,5,125,6,6,20,True,1,,,False
173,3,6,69,12,12,70,True,1,,,False
173,3,7,150,-23,150,169,True,0,,,False
173,3,8,122,6,6,148,True,3,,,False
173,3,9,63,-6,167,116,True,1,,,False
173,3,10,133,19,19,26,True,0,,,False
173,3,11,29,15,15,53,True,0,,,False
173,3,12,28,16,16,106,True,1,,,False
173,3,14,83,2,2,25,True,3,,,False
173,3,15,74,24,24,4,True,1,,,False
173,3,16,157,14,14,152,True,3,,,False
173,3,17,23,-18,155,150,True,3,,,False
173,3,18,135,-14,159,17,True,3,,,False
173,3,19,36,-21,152,99,True,0,,,False
173,3,20,149,-22,151,61,True,3,,,False
173,3,21,117,-21,152,96,True,0,,,False
173,3,22,17,0,0,156,False,1,,,False
173,3,23,123,8,8,73,True,1,,,False
173,3,24,136,-9,164,140,True,0,,,False
173,3,25,88,13,13,137,True,0,,,False
173,3,26,116,21,21,32,True,0,,,False
173,3,27,42,0,0,81,False,1,,,False
173,3,28,72,6,6,97,True,1,,,False
173,3,29,35,-19,154,66,True,0,,,False
173,3,30,124,-5,168,68,True,0,,,False
173,3,31,166,4,4,3,True,1,,,True
173,3,32,70,-4,169,106,True,1,,,True
173,3,33,3,-6,167,136,True,1,,,False
173,3,34,68,-6,167,110,True,1,,,False
173,3,35,38,-3,170,99,True,0,,,False
173,3,36,66,12,12,34,True,1,,,False
173,3,37,158,-13,160,49,True,0,,,False
173,3,38,108,-12,161,156,True,1,,,False
173,3,39,130,-11,162,144,True,0,,,False
173,3,40,44,-6,167,49,True,1,,,False
173,3,41,54,-19,154,128,True,0,,,False
173,3,42,18,-16,157,85,True,1,,,False
173,3,43,14,-18,155,114,True,3,,,False
173,3,44,112,18,18,31,True,1,,,False
173,3,45,129,14,14,135,True,1,,,False
173,3,46,47,7,7,14,True,0,,,False
173,3,47,154,-22,151,107,True,1,,,False
173,3,48,167,21,21,38,True,0,,,False
173,3,49,31,1,1,166,True,0,,,False
173,3,50,21,5,5,141,True,0,,,False
173,3,51,103,2,2,36,True,1,,,False
173,3,52,127,-4,169,155,True,1,,,True
173,3,53,119,-6,167,108,True,3,,,False
173,3,54,91,14,14,113,True,1,,,False
173,3,55,110,2,2,136,True,1,,,False
173,3,56,13,2,2,22,True,3,,,False
173,3,57,102,0,0,153,False,1,,,False
173,3,58,143,26,26,157,True,1,1,1,True
173,3,59,145,12,12,146,True,1,,,False
173,3,60,48,-6,167,31,True,1,,,False
173,3,61,30,-16,157,3,True,1,,,False
173,3,62,41,9,9,70,True,0,,,False
173,3,63,59,6,6,131,True,1,,,False
173,3,64,80,10,10,30,True,1,,,False
173,3,65,101,-18,155,58,True,1,,,False
173,3,66,153,6,6,74,True,1,,,False
173,3,67,140,-13,160,139,True,0,,,False
173,3,68,141,-12,161,5,True,1,,,False
173,3,69,22,-25,148,31,True,0,,,False
173,3,70,46,10,10,49,True,1,,,False
173,3,71,148,18,18,109,True,3,,,False
173,3,72,4,-3,170,37,True,0,,,False
173,3,73,81,3,3,32,True,0,,,False
173,3,74,99,-22,151,171,True,1,,,False
173,3,75,52,-6,167,149,True,3,,,False
173,3,76,34,-2,171,44,True,3,,,False
173,3,77,105,-14,159,60,True,1,,,False
173,3,78,5,20,20,62,True,1,,,False
173,3,79,142,7,7,18,True,0,,,False
173,3,80,55,-3,170,102,True,0,,,False
173,3,81,97,-8,165,84,True,1,,,False
173,3,82,137,9,9,165,True,0,,,False
173,3,83,90,22,22,44,True,3,,,False
173,3,84,168,-2,171,22,True,1,,,False
173,3,85,61,20,20,167,True,1,,,False
173,3,86,49,9,9,61,True,0,,,False
173,4,0,171,-26,147,0,True,3,0,0,True
173,4,1,96,-12,161,68,True,1,,,False
173,4,2,10,8,8,160,True,1,,,False
173,4,3,164,-6,167,31,True,1,,,False
173,4,4,128,-18,155,28,True,3,,,False
173,4,5,160,-4,169,93,True,1,,,True
173,4,6,92,-2,171,120,True,1,,,False
173,4,7,134,21,21,104,True,0,,,False
173,4,8,156,-2,171,45,True,3,,,False
173,4,9,58,14,14,75,True,3,,,False
173,4,10,12,-14,159,23,True,3,,,False
173,4,11,77,18,18,44,True,1,,,False
173,4,12,64,-24,149,159,True,1,,,False
173,4,13,62,9,9,114,True,0,,,False
173,4,14,15,6,6,163,True,1,,,False
173,4,15,121,-22,151,68,True,1,,,False
173,4,16,37,-18,155,59,True,1,,,False
173,4,17,84,6,6,103,True,1,,,False
173,4,18,109,-10,163,130,True,1,,,False
173,4,19,50,5,5,79,True,0,,,False
173,4,20,32,11,11,129,True,0,,,False
173,4,21,85,0,0,14,False,1,,,False
173,4,22,60,16,16,100,True,1,,,False
173,4,23,1,-18,155,170,True,1,,,False
173,4,24,56,-6,167,80,True,1,,,False
173,4,25,45,-18,155,144,True,3,,,False
173,4,26,113,-18,155,134,True,1,,,False
173,4,27,67,8,8,51,True,1,,,False
173,4,28,43,-4,169,3,True,1,,,True
173,4,29,139,-6,167,71,True,1,,,False
173,4,30,155,15,15,125,True,0,,,False
173,4,31,132,-22,151,80,True,1,,,False
173,4,32,146,6,6,160,True,3,,,False
173,4,33,57,-24,149,69,True,1,,,False
173,4,34,163,24,24,5,True,1,,,False
173,4,35,152,24,24,112,True,1,,,False
173,4,36,106,6,6,19,True,1,,,False
173,4,37,94,-6,167,67,True,3,,,False
173,4,38,51,-2,171,102,True,1,,,False
173,4,39,79,-14,159,33,True,3,,,False
173,4,40,147,11,11,21,True,0,,,False
173,4,41,131,14,14,115,True,3,,,False
173,4,42,98,-15,158,96,True,0,,,False
173,4,43,20,15,15,58,True,0,,,False
173,4,44,8,9,9,56,True,0,,,False
173,4,45,2,-21,152,84,True,0,,,False
173,4,46,126,-14,159,13,True,1,,,False
173,4,47,93,-17,156,69,True,0,,,False
173,4,48,95,-14,159,118,True,1,,,False
173,4,49,104,3,3,142,True,0,,,False
173,4,50,170,7,7,74,True,0,,,False
173,4,51,89,-20,153,0,True,1,,,False
173,4,52,53,-18,155,116,True,3,,,False
173,4,53,115,13,13,11,True,0,,,False
173,4,54,71,13,13,52,True,0,,,False
173,4,55,73,-8,165,88,True,1,,,False
173,4,56,161,1,1,35,True,0,,,False
173,4,57,11,-11,162,41,True,0,,,False
173,4,58,159,0,0,143,False,1,,,False
173,4,59,144,4,4,69,True,1,,,True
173,4,60,76,1,1,54,True,0,,,False
173,4,61,75,-6,167,150,True,3,,,False
173,4,62,100,16,16,3,True,1,,,False
173,4,63,86,-9,164,5,True,0,,,False
173,4,64,169,6,6,130,True,1,,,False
173,4,65,39,-1,172,50,True,0,,,False
173,4,66,19,15,15,3,True,0,,,False
173,4,67,107,10,10,8,True,3,,,False
173,4,68,111,-5,168,38,True,0,,,False
173,4,69,40,24,24,157,True,1,,,False
173,4,70,114,11,11,107,True,0,,,False
173,4,71,151,20,20,8,True,1,,,False
173,4,72,24,0,0,45,False,1,,,False
173,4,73,6,12,12,63,True,1,,,False
173,4,74,9,2,2,157,True,1,,,False
173,4,75,165,-9,164,26,True,0,,,False
173,4,76,78,14,14,50,True,1,,,False
173,4,77,16,-8,165,35,True,1,,,False
173,4,78,7,17,17,127,True,0,,,False
173,4,79,120,15,15,162,True,0,,,False
173,4,80,65,10,10,118,True,3,,,False
173,4,81,162,-21,152,165,True,0,,,False
173,4,82,118,10,10,167,True,1,,,False
173,4,83,25,12,12,51,True,1,,,False
173,4,84,27,-9,164,80,True,0,,,False
173,4,85,87,6,6,1,True,3,,,False
173,4,86,82,1,1,76,True,0,,,False
179,0,1,0,0,0,78,False,1,,,False
179,0,2,0,0,0,130,False,1,,,False
179,1,0,117,0,0,113,False,1,,,False
179,1,1,171,0,0,84,False,1,,,False
179,1,2,164,-4,175,69,True,3,,,False
179,1,3,49,-2,177,65,True,1,,,False
179,1,4,6,9,9,173,True,0,,,False
179,1,5,147,-6,173,117,True,1,,,False
179,1,6,145,2,2,48,True,1,,,False
179,1,7,16,-12,167,109,True,1,,,False
179,1,8,66,26,26,153,True,1,,,False
179,1,9,65,-20,159,17,True,1,,,False
179,1,10,100,-12,167,93,True,1,,,False
179,1,11,68,-4,175,166,True,1,,,False
179,1,12,91,-19,160,134,True,0,,,False
179,1,13,44,15,15,33,True,0,,,False
179,1,14,163,3,3,108,True,0,,,False
179,1,15,61,0,0,71,False,1,,,False
179,1,16,136,-21,158,126,True,0,,,False
179,1,17,1,-20,159,29,True,1,,,False
179,1,18,79,-4,175,114,True,3,,,False
179,1,19,75,-20,159,139,True,1,,,False
179,1,20,108,10,10,127,True,1,,,False
179,1,21,134,-3,176,48,True,0,,,False
179,1,22,22,0,0,122,False,1,,,False
179,1,23,116,18,18,83,True,1,,,False
179,1,24,162,-4,175,168,True,3,,,False
179,1,25,73,-3,176,78,True,0,,,False
179,1,26,124,18,18,5,True,1,,,False
179,1,27,23,-12,167,42,True,3,,,False
179,1,28,38,9,9,29,True,0,,,False
179,1,29,174,13,13,152,True,0,,,False
179,1,30,42,18,18,159,True,1,,,False
179,1,31,62,9,9,101,True,0,,,False
179,1,32,122,-5,174,119,True,0,,,False
179,1,33,125,-26,153,107,True,1,,,False
179,1,34,155,6,6,26,True,1,,,False
179,1,35,166,12,12,152,True,3,,,False
179,1,36,133,-11,168,140,True,0,,,False
179,1,37,57,-6,173,36,True,1,,,False
179,1,38,56,-12,167,135,True,1,,,False
179,1,39,158,-16,163,32,True,1,,,False
179,1,40,43,-24,155,177,True,1,,,False
179,1,41,94,-7,172,76,True,0,,,False
179,1,42,26,4,4,119,True,3,,,False
179,1,43,120,0,0,19,False,3,,,False
179,1,44,148,9,9,116,True,0,,,False
179,1,45,159,23,23,84,True,0,,,False
179,1,46,131,-9,170,91,True,0,,,False
179,1,47,137,-16,163,35,True,3,,,False
179,1,48,21,9,9,15,True,0,,,False
179,1,49,63,20,20,155,True,3,,,False
179,1,50,99,-20,159,124,True,3,,,False
179,1,51,33,-3,176,46,True,0,,,False
179,1,52,84,3,3,131,True,0,,,False
179,1,53,111,5,5,74,True,0,,,False
179,1,54,70,-2,177,161,True,1,,,False
179,1,55,2,21,21,21,True,0,,,False
179,1,56,52,20,20,142,True,1,,,False
179,1,57,17,18,18,19,True,1,,,False
179,1,58,160,-5,174,57,True,0,,,False
179,1,59,74,12,12,125,True,1,,,False
179,1,60,118,20,20,79,True,3,,,False
179,1,61,9,16,16,123,True,1,,,False
179,1,62,60,10,10,139,True,1,,,False
179,1,63,51,-12,167,164,True,1,,,False
179,1,64,161,-6,173,169,True,1,,,False
179,1,65,149,-14,165,109,True,1,,,False
179,1,66,36,-18,161,38,True,1,,,False
179,1,67,109,-7,172,116,True,0,,,False
179,1,68,138,12,12,37,True,1,,,False
179,1,69,47,-16,163,32,True,1,,,False
179,1,70,176,20,20,76,True,3,,,False
179,1,71,115,4,4,6,True,3,,,False
179,1,72,101,8,8,113,True,1,,,False
179,1,73,132,12,12,51,True,3,,,False
179,1,74,55,-24,155,128,True,3,,,False
179,1,75,135,-12,167,176,True,1,,,False
179,1,76,29,-6,173,2,True,1,,,False
179,1,77,172,10,10,7,True,1,,,False
179,1,78,141,-10,169,140,True,1,,,False
179,1,79,96,-11,168,127,True,0,,,False
179,1,80,178,25,25,3,True,0,,,False
179,1,81,165,11,11,0,True,0,,,False
179,1,82,88,-22,157,107,True,1,,,False
179,1,83,18,-21,158,127,True,0,,,False
179,1,84,151,6,6,98,True,1,,,False
179,1,85,8,-15,164,3,True,0,,,False
179,1,86,130,-17,162,144,True,0,,,False
179,1,87,54,1,1,23,True,0,,,False
179,1,88,95,6,6,104,True,1,,,False
179,1,89,81,2,2,151,True,1,,,False
179,1,90,81,-2,177,151,True,1,,,False
179,1,91,95,-6,173,104,True,1,,,False
179,1,92,54,-1,178,23,True,0,,,False
179,1,93,130,17,17,144,True,0,,,False
179,1,94,8,15,15,3,True,0,,,False
179,1,95,151,-6,173,98,True,1,,,False
179,1,96,18,21,21,127,True,0,,,False
179,1,97,88,22,22,107,True,1,,,False
179,1,98,165,-11,168,0,True,0,,,False
179,1,99,178,-25,154,3,True,0,,,False
179,1,100,96,11,11,127,True,0,,,False
179,1,101,141,10,10,140,True,1,,,False
179,1,102,172,-10,169,7,True,1,,,False
179,1,103,29,6,6,2,True,1,,,False
179,1,104,135,12,12,176,True,1,,,False
179,1,105,55,24,24,128,True,3,,,False
179,1,106,132,-12,167,51,True,3,,,False
179,1,107,101,-8,171,113,True,1,,,False
179,1,108,115,-4,175,6,True,3,,,False
179,1,109,176,-20,159,76,True,3,,,False
179,1,110,47,16,16,32,True,1,,,False
179,1,111,138,-12,167,37,True,1,,,False
179,1,112,109,7,7,116,True,0,,,False
179,1,113,36,18,18,38,True,1,,,False
179,1,114,149,14,14,109,True,1,,,False
179,1,115,161,6,6,169,True,1,,,False
179,1,116,51,12,12,164,True,1,,,False
179,1,117,60,-10,169,139,True,1,,,False
179,1,118,9,-16,163,123,True,1,,,False
179,1,119,118,-20,159,79,True,3,,,False
179,1,120,74,-12,167,125,True,1,,,False
179,1,121,160,5,5,57,True,0,,,False
179,1,122,17,-18,161,19,True,1,,,False
179,1,123,52,-20,159,142,True,1,,,False
179,1,124,2,-21,158,21,True,0,,,False
179,1,125,70,2,2,161,True,1,,,False
179,1,126,111,-5,174,74,True,0,,,False
179,1,127,84,-3,176,131,True,0,,,False
179,1,128,33,3,3,46,True,0,,,False
179,1,129,99,20,20,124,True,3,,,False
179,1,130,63,-20,159,155,True,3,,,False
179,1,131,21,-9,170,15,True,0,,,False
179,1,132,137,16,16,35,True,3,,,False
179,1,133,131,9,9,91,True,0,,,False
179,1,134,159,-23,156,84,True,0,,,False
179,1,135,148,-9,170,116,True,0,,,False
179,1,136,120,0,0,19,False,3,,,False
179,1,137,26,-4,175,119,True,3,,,False
179,1,138,94,7,7,76,True,0,,,False
179,1,139,43,24,24,177,True,1,,,False
179,1,140,158,16,16,32,True,1,,,False
179,1,141,56,12,12,135,True,1,,,False
179,1,142,57,6,6,36,True,1,,,False
179,1,143,133,11,11,140,True,0,,,False
179,1,144,166,-12,167,152,True,3,,,False
179,1,145,155,-6,173,26,True,1,,,False
179,1,146,125,26,26,107,True,1,,,False
179,1,147,122,5,5,119,True,0,,,False
179,1,148,62,-9,170,101,True,0,,,False
179,1,149,42,-18,161,159,True,1,,,False
179,1,150,174,-13,166,152,True,0,,,False
179,1,151,38,-9,170,29,True,0,,,False
179,1,152,23,12,12,42,True,3,,,False
179,1,153,124,-18,161,5,True,1,,,False
179,1,154,73,3,3,78,True,0,,,False
179,1,155,162,4,4,168,True,3,,,False
179,1,156,116,-18,161,83,True,1,,,False
179,1,157,22,0,0,122,False,1,,,False
179,1,158,134,3,3,48,True,0,,,False
179,1,159,108,-10,169,127,True,1,,,False
179,1,160,75,20,20,139,True,1,,,False
179,1,161,79,4,4,114,True,3,,,False
179,1,162,1,20,20,29,True,1,,,False
179,1,163,136,21,21,126,True,0,,,False
179,1,164,61,0,0,71,False,1,,,False
179,1,165,163,-3,176,108,True,0,,,False
179,1,166,44,-15,164,33,True,0,,,False
179,1,167,91,19,19,134,True,0,,,False
179,1,168,68,4,4,166,True,1,,,False
179,1,169,100,12,12,93,True,1,,,False
179,1,170,65,20,20,17,True,1,,,False
179,1,171,66,-26,153,153,True,1,,,False
179,1,172,16,12,12,109,True,1,,,False
179,1,173,145,-2,177,48,True,1,,,False
179,1,174,147,6,6,117,True,1,,,False
179,1,175,6,-9,170,173,True,0,,,False
179,1,176,49,2,2,65,True,1,,,False
179,1,177,164,4,4,69,True,3,,,False
179,1,178,171,0,0,84,False,1,,,False
179,2,0,117,0,0,43,False,3,,,False
179,2,1,112,0,0,28,False,1,,,False
179,2,2,83,24,24,144,True,3,,,False
179,2,3,39,-20,159,150,True,3,,,False
179,2,4,113,-10,169,79,True,1,,,False
179,2,5,121,0,0,27,False,3,,,False
179,2,6,13,19,19,115,True,0,,,False
179,2,7,142,-15,164,105,True,0,,,False
179,2,8,90,-10,169,26,True,1,,,False
179,2,9,25,4,4,63,True,3,,,False
179,2,10,53,-4,175,129,True,1,,,False
179,2,11,37,2,2,83,True,1,,,False
179,2,12,150,-24,155,160,True,1,,,False
179,2,13,67,-15,164,158,True,0,,,False
179,2,14,12,-15,164,133,True,0,,,False
179,2,15,76,-16,163,104,True,3,,,False
179,2,16,102,-6,173,104,True,1,,,False
179,2,17,175,-10,169,178,True,1,,,False
179,2,18,58,-24,155,157,True,1,,,False
179,2,19,106,9,9,67,True,0,,,False
179,2,20,173,-9,170,86,True,0,,,False
179,2,21,50,14,14,108,True,1,,,False
179,2,22,146,-15,164,92,True,0,,,False
179,2,23,3,25,25,139,True,0,,,False
179,2,24,80,-12,167,91,True,3,,,False
179,2,25,86,-12,167,5,True,1,,,False
179,2,26,144,15,15,97,True,0,,,False
179,2,27,71,-6,173,138,True,1,,,False
179,2,28,48,-3,176,79,True,0,,,False
179,2,29,87,7,7,66,True,0,,,False
179,2,30,46,17,17,75,True,0,,,False
179,2,31,156,-12,167,58,True,3,,,False
179,2,32,14,13,13,11,True,0,,,False
179,2,33,27,-4,175,157,True,3,,,False
179,2,34,93,-19,160,128,True,0,,,False
179,2,35,69,4,4,4,True,1,,,False
179,2,36,45,9,9,89,True,0,,,False
179,2,37,170,2,2,141,True,1,,,False
179,2,38,97,24,24,6,True,1,,,False
179,2,39,154,18,18,42,True,1,,,False
179,2,40,98,-6,173,48,True,1,,,False
179,2,41,126,-12,167,96,True,3,,,False
179,2,42,167,-20,159,148,True,1,,,False
179,2,43,114,8,8,157,True,1,,,False
179,2,44,104,-12,167,22,True,1,,,False
179,2,45,59,1,1,127,True,0,,,False
179,2,46,85,-5,174,158,True,0,,,False
179,2,47,34,2,2,46,True,1,,,False
179,2,48,107,12,12,30,True,3,,,False
179,2,49,123,4,4,40,True,1,,,False
179,2,50,7,6,6,140,True,1,,,False
179,2,51,169,-13,166,53,True,0,,,False
179,2,52,110,-12,167,86,True,3,,,False
179,2,53,103,16,16,70,True,1,,,False
179,2,54,41,-10,169,122,True,1,,,False
179,2,55,140,0,0,63,False,1,,,False
179,2,56,77,-15,164,131,True,0,,,False
179,2,57,119,8,8,132,True,1,,,False
179,2,58,127,-16,163,55,True,1,,,False
179,2,59,20,1,1,174,True,0,,,False
179,2,60,153,-21,158,56,True,0,,,False
179,2,61,11,16,16,157,True,1,,,False
179,2,63,35,0,0,167,False,1,,,False
179,2,64,82,-11,168,84,True,0,,,False
179,2,65,19,12,12,30,True,3,,,False
179,2,66,4,-8,171,49,True,3,,,False
179,2,67,72,-14,165,26,True,1,,,False
179,2,68,32,4,4,88,True,1,,,False
179,2,69,28,-24,155,164,True,1,,,False
179,2,70,105,-4,175,134,True,1,,,False
179,2,71,168,21,21,56,True,0,,,False
179,2,72,40,-2,177,124,True,1,,,False
179,2,73,15,1,1,101,True,0,,,False
179,2,74,89,7,7,60,True,0,,,False
179,2,75,31,12,12,54,True,3,,,False
179,2,76,143,-12,167,8,True,1,,,False
179,2,77,30,-24,155,108,True,1,,,False
179,2,78,139,5,5,100,True,0,,,False
179,2,79,152,-18,161,44,True,1,,,False
179,2,80,177,-23,156,11,True,0,,,False
179,2,81,64,9,9,92,True,0,,,False
179,2,82,128,6,6,48,True,1,,,False
179,2,83,129,-19,160,97,True,0,,,False
179,2,84,10,-18,161,38,True,1,,,False
179,2,85,5,-15,164,161,True,0,,,False
179,2,86,157,-4,175,8,True,1,,,False
179,2,87,24,22,22,158,True,1,,,False
179,2,88,78,18,18,65,True,1,,,False
179,2,89,92,14,14,93,True,1,,,False
179,2,90,92,-14,165,93,True,1,,,False
179,2,91,78,-18,161,65,True,1,,,False
179,2,92,24,-22,157,158,True,1,,,False
179,2,93,157,4,4,8,True,1,,,False
179,2,94,5,15,15,161,True,0,,,False
179,2,95,10,18,18,38,True,1,,,False
179,2,96,129,19,19,97,True,0,,,False
179,2,97,128,-6,173,48,True,1,,,False
179,2,98,64,-9,170,92,True,0,,,False
179,2,99,177,23,23,11,True,0,,,False
179,2,100,152,18,18,44,True,1,,,False
179,2,101,139,-5,174,100,True,0,,,False
179,2,102,30,24,24,108,True,1,,,False
179,2,103,143,12,12,8,True,1,,,False
179,2,104,31,-12,167,54,True,3,,,False
179,2,105,89,-7,172,60,True,0,,,False
179,2,106,15,-1,178,101,True,0,,,False
179,2,107,40,2,2,124,True,1,,,False
179,2,108,168,-21,158,56,True,0,,,False
179,2,109,105,4,4,134,True,1,,,False
179,2,110,28,24,24,164,True,1,,,False
179,2,111,32,-4,175,88,True,1,,,False
179,2,112,72,14,14,26,True,1,,,False
179,2,113,4,8,8,49,True,3,,,False
179,2,114,19,-12,167,30,True,3,,,False
179,2,115,82,11,11,84,True,0,,,False
179,2,116,35,0,0,167,False,1,,,False
179,2,118,11,-16,163,157,True,1,,,False
179,2,119,153,21,21,56,True,0,,,False
179,2,120,20,-1,178,174,True,0,,,False
179,2,121,127,16,16,55,True,1,,,False
179,2,122,119,-8,171,132,True,1,,,False
179,2,123,77,15,15,131,True,0,,,False
179,2,124,140,0,0,63,False,1,,,False
179,2,125,41,10,10,122,True,1,,,False
179,2,126,103,-16,163,70,True,1,,,False
179,2,127,110,12,12,86,True,3,,,False
179,2,128,169,13,13,53,True,0,,,False
179,2,129,7,-6,173,140,True,1,,,False
179,2,130,123,-4,175,40,True,1,,,False
179,2,131,107,-12,167,30,True,3,,,False
179,2,132,34,-2,177,46,True,1,,,False
179,2,133,85,5,5,158,True,0,,,False
179,2,134,59,-1,178,127,True,0,,,False
179,2,135,104,12,12,22,True,1,,,False
179,2,136,114,-8,171,157,True,1,,,False
179,2,137,167,20,20,148,True,1,,,False
179,2,138,126,12,12,96,True,3,,,False
179,2,139,98,6,6,48,True,1,,,False
179,2,140,154,-18,161,42,True,1,,,False
179,2,141,97,-24,155,6,True,1,,,False
179,2,142,170,-2,177,141,True,1,,,False
179,2,143,45,-9,170,89,True,0,,,False
179,2,144,69,-4,175,4,True,1,,,False
179,2,145,93,19,19,128,True,0,,,False
179,2,146,27,4,4,157,True,3,,,False
179,2,147,14,-13,166,11,True,0,,,False
179,2,148,156,12,12,58,True,3,,,False
179,2,149,46,-17,162,75,True,0,,,False
179,2,150,87,-7,172,66,True,0,,,False
179,2,151,48,3,3,79,True,0,,,False
179,2,152,71,6,6,138,True,1,,,False
179,2,153,144,-15,164,97,True,0,,,False
179,2,154,86,12,12,5,True,1,,,False
179,2,155,80,12,12,91,True,3,,,False
179,2,156,3,-25,154,139,True,0,,,False
179,2,157,146,15,15,92,True,0,,,False
179,2,158,50,-14,165,108,True,1,,,False
179,2,159,173,9,9,86,True,0,,,False
179,2,160,106,-9,170,67,True,0,,,False
179,2,161,58,24,24,157,True,1,,,False
179,2,162,175,10,10,178,True,1,,,False
179,2,163,102,6,6,104,True,1,,,False
179,2,164,76,16,16,104,True,3,,,False
179,2,165,12,15,15,133,True,0,,,False
179,2,166,67,15,15,158,True,0,,,False
179,2,167,150,24,24,160,True,1,,,False
179,2,168,37,-2,177,83,True,1,,,False
179,2,169,53,4,4,129,True,1,,,False
179,2,170,25,-4,175,63,True,3,,,False
179,2,171,90,10,10,26,True,1,,,False
179,2,172,142,15,15,105,True,0,,,False
179,2,173,13,-19,160,115,True,0,,,False
179,2,174,121,0,0,27,False,3,,,False
179,2,175,113,10,10,79,True,1,,,False
179,2,176,39,20,20,150,True,3,,,False
179,2,177,83,-24,155,144,True,3,,,False
179,2,178,112,0,0,28,False,1,,,False
181,0,1,0,26,26,0,True,3,0,0,True
181,0,2,0,7,7,0,True,0,0,0,True
181,0,3,0,-19,162,0,True,0,0,0,True
181,0,6,0,-26,155,0,True,3,0,0,True
181,0,9,0,-7,174,0,True,0,0,0,True
181,0,18,0,19,19,0,True,0,0,0,True
181,1,0,99,18,18,0,True,3,0,0,True
181,1,1,77,-8,173,94,True,1,,,False
181,1,2,10,10,10,96,True,1,,,False
181,1,3,6,-12,169,5,True,1,,,False
181,1,4,157,-10,171,9,True,1,,,False
181,1,5,136,-17,164,177,True,0,,,False
181,1,6,105,-4,177,44,True,1,,,False
181,1,7,79,7,7,135,True,0,,,True
181,1,8,162,12,12,99,True,1,,,False
181,1,9,78,-2,179,55,True,1,,,False
181,1,10,145,-6,175,160,True,3,,,False
181,1,11,114,-3,178,154,True,0,,,False
181,1,12,68,-18,163,118,True,1,1,1,True
181,1,13,87,-2,179,151,True,3,,,False
181,1,14,97,-8,173,86,True,1,,,False
181,1,15,154,7,7,47,True,0,,,True
181,1,16,39,-7,174,142,True,0,,,True
181,1,17,107,20,20,66,True,1,,,True
181,1,18,108,19,19,127,True,0,,,True
181,1,19,30,-18,163,8,True,1,,,True
181,1,20,161,17,17,162,True,0,,,False
181,1,21,149,14,14,34,True,1,,,False
181,1,22,28,16,16,136,True,1,,,False
181,1,23,148,14,14,113,True,3,,,False
181,1,24,69,-20,161,7,True,1,,,True
181,1,25,166,-5,176,116,True,0,,,False
181,1,26,100,-13,168,29,True,0,,,False
181,1,27,94,-5,176,75,True,0,,,False
181,1,28,138,19,19,117,True,0,,,True
181,1,29,93,16,16,32,True,1,,,False
181,1,30,131,20,20,130,True,1,,,True
181,1,31,91,-2,179,51,True,1,,,False
181,1,32,8,2,2,69,True,1,,,False
181,1,33,109,-2,179,79,True,1,,,False
181,1,34,134,-8,173,34,True,1,,,False
181,1,35,172,11,11,84,True,0,,,False
181,1,36,58,-14,167,34,True,1,,,False
181,1,37,5,21,21,159,True,0,,,False
181,1,38,31,-12,169,166,True,1,,,False
181,1,39,111,-10,171,53,True,3,,,False
181,1,40,29,21,21,148,True,0,,,False
181,1,41,153,20,20,97,True,1,,,True
181,1,42,126,-11,170,176,True,0,,,False
181,1,43,55,-10,171,3,True,3,,,False
181,1,44,169,25,25,17,True,0,,,False
181,1,45,2,14,14,29,True,1,,,False
181,1,46,102,-23,158,164,True,0,,,False
181,1,47,89,2,2,142,True,1,,,False
181,1,48,62,-26,155,94,True,3,1,1,True
181,1,49,12,10,10,33,True,3,,,False
181,1,50,137,-5,176,1,True,0,,,False
181,1,51,132,6,6,109,True,3,,,False
181,1,52,171,-22,159,79,True,1,,,False
181,1,53,140,8,8,88,True,1,,,False
181,1,54,34,-2,179,93,True,3,,,False
181,1,55,144,17,17,163,True,0,,,False
181,1,56,146,0,0,100,False,1,,,False
181,1,57,118,-10,171,164,True,1,,,False
181,1,58,23,-16,165,47,True,1,,,False
181,1,59,119,-5,176,4,True,0,,,False
181,1,60,160,2,2,50,True,1,,,False
181,1,61,70,14,14,22,True,3,,,False
181,1,62,60,-1,180,133,True,0,,,False
181,1,63,135,-18,163,6,True,3,,,True
181,1,64,43,5,5,0,True,0,,,False
181,1,65,178,-25,156,127,True,0,,,False
181,1,66,180,7,7,151,True,0,,,True
181,1,67,123,14,14,172,True,1,,,False
181,1,68,142,-22,159,80,True,3,,,False
181,1,69,173,0,0,20,False,1,,,False
181,1,70,21,4,4,12,True,1,,,False
181,1,71,147,23,23,180,True,0,,,False
181,1,72,65,-11,170,74,True,0,,,False
181,1,73,41,20,20,122,True,1,,,True
181,1,74,7,6,6,30,True,1,,,False
181,1,75,56,-6,175,83,True,3,,,False
181,1,76,175,0,0,83,False,1,,,False
181,1,77,92,-14,167,47,True,1,,,False
181,1,78,71,-18,163,62,True,1,,,True
181,1,80,120,22,22,96,True,1,,,False
181,1,81,37,-5,176,152,True,0,,,False
181,1,82,44,5,5,140,True,0,,,False
181,1,83,130,2,2,57,True,1,,,False
181,1,84,150,12,12,30,True,1,,,False
181,1,85,143,7,7,21,True,0,,,True
181,1,86,127,-2,179,68,True,1,,,False
181,1,87,22,-16,165,169,True,1,,,False
181,1,88,133,-21,160,72,True,0,,,False
181,1,89,76,10,10,96,True,1,,,False
181,1,90,20,-14,167,71,True,3,,,False
181,2,0,99,20,20,0,True,1,0,0,True
181,2,1,158,5,5,39,True,0,,,False
181,2,2,64,0,0,103,False,1,,,False
181,2,3,26,2,2,80,True,3,,,False
181,2,4,63,-7,174,81,True,0,,,True
181,2,5,165,8,8,65,True,1,,,False
181,2,6,32,10,10,123,True,3,,,False
181,2,7,36,0,0,115,False,1,,,False
181,2,8,38,-20,161,84,True,1,,,True
181,2,9,52,-16,165,29,True,1,,,False
181,2,10,16,-16,165,33,True,1,,,False
181,2,11,117,6,6,22,True,1,,,False
181,2,12,54,22,22,36,True,3,,,False
181,2,13,128,-2,179,165,True,3,,,False
181,2,14,35,-3,178,87,True,0,,,False
181,2,15,129,-10,171,140,True,1,,,False
181,2,16,48,2,2,38,True,1,,,False
181,2,17,47,7,7,177,True,0,,,True
181,2,18,121,16,16,16,True,1,,,False
181,2,19,163,10,10,41,True,3,,,False
181,2,20,42,-12,169,76,True,1,,,False
181,2,21,168,20,20,79,True,1,,,True
181,2,22,4,-10,171,1,True,1,,,False
181,2,23,17,-2,179,146,True,3,,,False
181,2,24,176,-24,157,66,True,1,,,False
181,2,25,170,8,8,149,True,1,,,False
181,2,26,151,-15,166,27,True,0,,,False
181,2,27,84,-13,168,149,True,0,,,False
181,2,28,122,6,6,173,True,1,,,False
181,2,29,104,22,22,62,True,3,,,False
181,2,30,152,-20,161,147,True,1,,,True
181,2,31,33,-10,171,72,True,1,,,False
181,2,32,174,-25,156,66,True,0,,,False
181,2,33,177,-26,155,74,True,1,2,2,True
181,2,34,80,4,4,169,True,1,,,False
181,2,35,164,-10,171,70,True,3,,,False
181,2,36,1,-12,169,138,True,1,,,False
181,2,37,116,2,2,82,True,1,,,False
181,2,38,25,6,6,40,True,1,,,False
181,2,39,83,-1,180,103,True,0,,,False
181,2,40,124,-1,180,119,True,0,,,False
181,2,41,98,17,17,64,True,0,,,False
181,2,42,27,-12,169,83,True,1,,,False
181,2,43,90,7,7,162,True,0,,,True
181,2,44,18,19,19,98,True,0,,,True
181,2,45,179,5,5,28,True,0,,,False
181,2,46,82,-24,157,177,True,1,,,False
181,2,47,51,-2,179,137,True,3,,,False
181,2,48,49,16,16,27,True,1,,,False
181,2,49,46,-6,175,170,True,1,,,False
181,2,50,81,-10,171,58,True,1,,,False
181,2,51,73,-14,167,144,True,1,,,False
181,2,52,14,-8,173,136,True,1,,,False
181,2,53,88,19,19,122,True,0,,,True
181,2,54,103,13,13,131,True,0,,,False
181,2,55,156,18,18,109,True,1,,,True
181,2,56,113,9,9,135,True,0,,,False
181,2,57,3,-8,173,86,True,1,,,False
181,2,58,45,-4,177,169,True,1,,,False
181,2,59,112,-11,170,47,True,0,,,False
181,2,60,75,14,14,51,True,1,,,False
181,2,61,72,-23,158,116,True,0,,,False
181,2,62,11,-16,165,59,True,1,,,False
181,2,63,40,9,9,54,True,0,,,False
181,2,64,96,-13,168,92,True,0,,,False
181,2,65,67,18,18,157,True,1,,,True
181,2,66,15,14,14,10,True,1,,,False
181,2,67,106,-26,155,90,True,1,2,2,True
181,2,68,9,-16,165,25,True,1,,,False
181,2,69,101,22,22,61,True,1,,,False
181,2,70,125,-2,179,1,True,1,,,False
181,2,71,57,-22,159,128,True,3,,,False
181,2,72,155,-18,163,29,True,3,,,True
181,2,73,86,3,3,79,True,0,,,False
181,2,74,13,22,22,25,True,1,,,False
181,2,75,66,-10,171,84,True,3,,,False
181,2,76,50,10,10,96,True,3,,,False
181,2,77,53,7,7,61,True,0,,,True
181,2,78,115,23,23,92,True,0,,,False
181,2,79,139,6,6,138,True,1,,,False
181,2,80,59,12,12,86,True,1,,,False
181,2,81,95,-3,178,105,True,0,,,False
181,2,82,159,15,15,131,True,0,,,False
181,2,83,85,5,5,65,True,0,,,False
181,2,84,24,14,14,154,True,3,,,False
181,2,85,74,-11,170,140,True,0,,,False
181,2,86,19,6,6,176,True,3,,,False
181,2,87,61,-1,180,50,True,0,,,False
181,2,88,110,9,9,126,True,0,,,False
181,2,89,141,15,15,103,True,0,,,False
181,2,90,167,2,2,170,True,1,,,False
181,4,0,99,-18,163,0,True,3,0,0,True
181,4,1,142,22,22,21,True,3,,,False
181,4,2,2,-14,167,58,True,1,,,False
181,4,3,148,-14,167,136,True,3,,,False
181,4,4,20,14,14,142,True,3,,,False
181,4,5,28,-16,165,91,True,1,,,False
181,4,6,102,23,23,34,True,0,,,False
181,4,7,123,-14,167,163,True,1,,,False
181,4,8,77,8,8,174,True,1,,,False
181,4,9,173,0,0,141,False,1,,,False
181,4,10,169,-25,156,34,True,0,,,False
181,4,11,69,20,20,167,True,1,,,True
181,4,12,76,-10,171,11,True,1,,,False
181,4,13,149,-14,167,68,True,1,,,False
181,4,14,89,-2,179,78,True,1,,,False
181,4,15,180,-7,174,121,True,0,,,True
181,4,16,10,-10,171,170,True,1,,,False
181,4,17,21,-4,177,157,True,1,,,False
181,4,18,55,10,10,6,True,3,,,False
181,4,19,166,5,5,130,True,0,,,False
181,4,20,133,21,21,144,True,0,,,False
181,4,21,161,-17,164,143,True,0,,,False
181,4,22,62,26,26,174,True,3,1,1,True
181,4,23,178,25,25,73,True,0,,,False
181,4,24,6,12,12,171,True,1,,,False
181,4,25,147,-23,158,2,True,0,,,False
181,4,26,126,11,11,171,True,0,,,False
181,4,27,100,13,13,123,True,0,,,False
181,4,28,22,16,16,157,True,1,,,False
181,4,29,30,18,18,16,True,1,,,True
181,4,30,12,-10,171,115,True,3,,,False
181,4,31,43,-5,176,0,True,0,,,False
181,4,32,157,10,10,163,True,1,,,False
181,4,33,65,11,11,33,True,0,,,False
181,4,34,153,-20,161,13,True,1,,,True
181,4,35,94,5,5,31,True,0,,,False
181,4,36,127,2,2,136,True,1,,,False
181,4,37,108,-19,162,73,True,0,,,True
181,4,38,137,5,5,179,True,0,,,False
181,4,39,135,18,18,12,True,3,,,True
181,4,40,136,17,17,8,True,0,,,False
181,4,41,41,-20,161,118,True,1,,,True
181,4,42,29,-21,160,115,True,0,,,False
181,4,43,138,-19,162,128,True,0,,,True
181,4,44,143,-7,174,42,True,0,,,True
181,4,45,107,-20,161,132,True,1,,,True
181,4,46,132,-6,175,144,True,3,,,False
181,4,47,60,1,1,85,True,0,,,False
181,4,48,105,4,4,93,True,1,,,False
181,4,49,7,-6,175,121,True,1,,,False
181,4,50,111,10,10,106,True,3,,,False
181,4,51,93,-16,165,117,True,1,,,False
181,4,52,150,-12,169,60,True,1,,,False
181,4,53,39,7,7,103,True,0,,,True
181,4,54,171,22,22,23,True,1,,,False
181,4,55,70,-14,167,44,True,3,,,False
181,4,56,79,-7,174,92,True,0,,,True
181,4,57,56,6,6,15,True,3,,,False
181,4,58,31,12,12,151,True,1,,,False
181,4,59,131,-20,161,102,True,1,,,True
181,4,60,130,-2,179,114,True,1,,,False
181,4,61,154,-7,174,94,True,0,,,True
181,4,62,140,-8,173,5,True,1,,,False
181,4,63,160,-2,179,100,True,1,,,False
181,4,64,162,-12,169,164,True,1,,,False
181,4,65,175,0,0,15,False,1,,,False
181,4,66,5,-21,160,137,True,0,,,False
181,4,67,91,2,2,79,True,1,,,False
181,4,68,44,-5,176,99,True,0,,,False
181,4,69,97,8,8,172,True,1,,,False
181,4,70,34,2,2,176,True,3,,,False
181,4,71,119,5,5,8,True,0,,,False
181,4,72,78,2,2,71,True,1,,,False
181,4,73,92,14,14,87,True,1,,,False
181,4,74,58,14,14,68,True,1,,,False
181,4,75,8,-2,179,43,True,1,,,False
181,4,76,37,5,5,123,True,0,,,False
181,4,77,87,2,2,121,True,3,,,False
181,4,78,144,-17,164,36,True,0,,,False
181,4,79,23,16,16,94,True,1,,,False
181,4,80,145,6,6,42,True,3,,,False
181,4,81,71,18,18,57,True,1,,,True
181,4,82,172,-11,170,168,True,0,,,False
181,4,83,109,2,2,23,True,1,,,False
181,4,84,120,-22,159,11,True,1,,,False
181,4,85,68,18,18,55,True,1,1,1,True
181,4,86,146,0,0,162,False,1,,,False
181,4,87,118,10,10,147,True,1,,,False
181,4,88,114,3,3,54,True,0,,,False
181,4,90,134,8,8,68,True,1,,,False
181,7,0,99,-20,161,0,True,1,0,0,True
181,7,1,124,1,1,153,True,0,,,False
181,7,2,59,-12,169,33,True,1,,,False
181,7,3,72,23,23,6,True,0,,,False
181,7,4,168,-20,161,157,True,1,,,True
181,7,5,163,-10,171,1,True,3,,,False
181,7,6,112,11,11,138,True,0,,,False
181,7,7,159,-15,166,116,True,0,,,False
181,7,8,27,12,12,126,True,1,,,False
181,7,9,64,0,0,152,False,1,,,False
181,7,10,25,-6,175,129,True,1,,,False
181,7,11,115,-23,158,170,True,0,,,False
181,7,12,40,-9,172,34,True,0,,,False
181,7,13,17,2,2,45,True,3,,,False
181,7,14,47,-7,174,150,True,0,,,True
181,7,15,3,8,8,33,True,1,,,False
181,7,16,24,-14,167,164,True,3,,,False
181,7,17,18,-19,162,55,True,0,,,True
181,7,18,63,7,7,51,True,0,,,True
181,7,19,1,12,12,74,True,1,,,False
181,7,20,50,-10,171,20,True,3,,,False
181,7,21,67,-18,163,5,True,1,,,True
181,7,22,170,-8,173,67,True,1,,,False
181,7,23,129,10,10,180,True,1,,,False
181,7,24,156,-18,163,166,True,1,,,True
181,7,25,19,-6,175,84,True,3,,,False
181,7,26,82,24,24,31,True,1,,,False
181,7,27,32,-10,171,178,True,3,,,False
181,7,28,80,-4,177,88,True,1,,,False
181,7,29,13,-22,159,58,True,1,,,False
181,7,30,106,26,26,117,True,1,2,2,True
181,7,31,84,13,13,67,True,0,,,False
181,7,32,128,2,2,57,True,3,,,False
181,7,33,88,-19,162,131,True,0,,,True
181,7,34,110,-9,172,19,True,0,,,False
181,7,35,49,-16,165,17,True,1,,,False
181,7,36,38,20,20,73,True,1,,,True
181,7,37,174,25,25,59,True,0,,,False
181,7,38,155,18,18,89,True,3,,,True
181,7,39,101,-22,159,25,True,1,,,False
181,7,40,104,-22,159,153,True,3,,,False
181,7,41,117,-6,175,80,True,1,,,False
181,7,42,73,14,14,30,True,1,,,False
181,7,43,167,-2,179,40,True,1,,,False
181,7,44,81,10,10,3,True,1,,,False
181,7,45,16,16,16,61,True,1,,,False
181,7,46,152,20,20,8,True,1,,,True
181,7,47,125,2,2,53,True,1,,,False
181,7,48,57,22,22,94,True,3,,,False
181,7,49,33,10,10,166,True,1,,,False
181,7,50,52,16,16,89,True,1,,,False
181,7,51,46,6,6,141,True,1,,,False
181,7,52,141,-15,166,29,True,0,,,False
181,7,53,14,8,8,32,True,1,,,False
181,7,54,54,-22,159,83,True,3,,,False
181,7,55,122,-6,175,119,True,1,,,False
181,7,56,9,16,16,58,True,1,,,False
181,7,57,86,-3,178,157,True,0,,,False
181,7,58,177,26,26,60,True,1,2,2,True
181,7,59,36,0,0,122,False,1,,,False
181,7,60,51,2,2,21,True,3,,,False
181,7,61,61,1,1,116,True,0,,,False
181,7,62,103,-13,168,116,True,0,,,False
181,7,63,35,3,3,95,True,0,,,False
181,7,64,151,15,15,164,True,0,,,False
181,7,65,15,-14,167,168,True,1,,,False
181,7,66,66,10,10,73,True,3,,,False
181,7,67,164,10,10,91,True,3,,,False
181,7,68,165,-8,173,6,True,1,,,False
181,7,69,179,-5,176,36,True,0,,,False
181,7,70,74,11,11,180,True,0,,,False
181,7,71,113,-9,172,85,True,0,,,False
181,7,72,48,-2,179,158,True,1,,,False
181,7,73,176,24,24,59,True,1,,,False
181,7,74,96,13,13,170,True,0,,,False
181,7,75,53,-7,174,25,True,0,,,True
181,7,76,116,-2,179,179,True,1,,,False
181,7,77,26,-2,179,77,True,3,,,False
181,7,78,90,-7,174,79,True,0,,,True
181,7,79,85,-5,176,6,True,0,,,False
181,7,80,45,4,4,93,True,1,,,False
181,7,81,121,-16,165,57,True,1,,,False
181,7,82,4,10,10,53,True,1,,,False
181,7,83,11,16,16,50,True,1,,,False
181,7,84,139,-6,175,107,True,1,,,False
181,7,85,83,1,1,152,True,0,,,False
181,7,86,158,-5,176,76,True,0,,,False
181,7,87,98,-17,164,134,True,0,,,False
181,7,88,95,3,3,135,True,0,,,False
181,7,89,75,-14,167,12,True,1,,,False
181,7,90,42,12,12,135,True,1,,,False
191,0,1,0,0,0,111,False,1,,,False
191,0,7,0,0,0,91,False,1,,,False
191,1,0,9,0,0,165,False,1,,,False
191,1,1,186,-25,166,58,True,0,,,False
191,1,2,89,-16,175,78,True,3,,,False
191,1,3,178,15,15,165,True,0,,,False
191,1,4,128,-16,175,189,True,1,,,False
191,1,5,58,24,24,62,True,3,,,False
191,1,6,29,-5,186,144,True,0,,,False
191,1,7,111,21,21,161,True,0,,,False
191,1,8,135,-26,165,36,True,1,,,False
191,1,9,115,18,18,30,True,1,,,False
191,1,10,154,-4,187,77,True,1,,,False
191,1,11,97,4,4,138,True,1,,,False
191,1,12,96,10,10,110,True,1,,,False
191,1,13,99,-3,188,86,True,0,,,False
191,1,14,14,-9,182,9,True,0,,,False
191,1,15,51,-18,173,5,True,1,,,False
191,1,16,20,24,24,131,True,1,,,False
191,1,17,94,3,3,160,True,0,,,False
191,1,18,145,7,7,54,True,0,,,False
191,1,19,80,18,18,3,True,1,,,False
191,1,20,64,-18,173,61,True,1,,,False
191,1,21,150,0,0,159,False,1,,,False
191,1,22,55,0,0,14,False,3,,,False
191,1,23,180,12,12,21,True,1,,,False
191,1,24,133,-10,181,97,True,1,,,False
191,1,25,57,3,3,100,True,0,,,False
191,1,26,181,20,20,117,True,3,,,False
191,1,27,139,5,5,23,True,0,,,False
191,1,28,170,8,8,90,True,1,,,False
191,1,29,189,-3,188,40,True,0,,,False
191,1,30,143,12,12,93,True,3,,,False
191,1,31,159,16,16,111,True,3,,,False
191,1,32,88,4,4,168,True,3,,,False
191,1,33,104,12,12,152,True,1,,,False
191,1,34,127,-8,183,127,True,3,,,False
191,1,35,1,-20,171,164,True,1,,,False
191,1,36,103,-12,179,148,True,1,,,False
191,1,37,184,-6,185,53,True,1,,,False
191,1,38,165,-17,174,8,True,0,,,False
191,1,39,6,18,18,76,True,1,,,False
191,1,40,11,13,13,180,True,0,,,False
191,1,41,142,-5,186,145,True,0,,,False
191,1,42,113,8,8,149,True,3,,,False
191,1,43,101,-12,179,9,True,3,,,False
191,1,44,85,-20,171,46,True,1,,,False
191,1,45,116,11,11,52,True,0,,,False
191,1,46,65,-22,169,22,True,1,,,False
191,1,47,84,-15,176,55,True,0,,,False
191,1,48,63,-8,183,28,True,3,,,False
191,1,49,61,-17,174,79,True,0,,,False
191,1,50,149,-12,179,14,True,1,,,False
191,1,51,120,10,10,96,True,1,,,False
191,1,52,16,0,0,116,False,1,,,False
191,1,53,40,20,20,23,True,1,,,False
191,1,54,105,-15,176,43,True,0,,,False
191,1,55,41,0,0,37,False,3,,,False
191,1,56,137,-21,170,54,True,0,,,False
191,1,57,106,0,0,84,False,3,,,False
191,1,58,136,-12,179,70,True,1,,,False
191,1,59,22,1,1,70,True,0,,,False
191,1,60,74,-21,170,4,True,0,,,False
191,1,61,160,18,18,23,True,1,,,False
191,1,62,102,2,2,54,True,1,,,False
191,1,63,50,6,6,14,True,1,,,False
191,1,64,87,7,7,42,True,0,,,False
191,1,65,177,-6,185,65,True,1,,,False
191,1,66,171,-15,176,83,True,0,,,False
191,1,67,73,9,9,163,True,0,,,False
191,1,68,98,20,20,25,True,1,,,False
191,1,69,100,22,22,156,True,1,,,False
191,1,70,35,-27,164,120,True,0,,,False
191,1,71,95,16,16,50,True,3,,,False
191,1,72,5,-6,185,16,True,1,,,False
191,1,73,108,-18,173,15,True,1,,,False
191,1,74,19,-5,186,160,True,0,,,False
191,1,75,46,0,0,132,False,1,,,False
191,1,76,8,-6,185,43,True,1,,,False
191,1,77,21,-16,175,176,True,3,,,False
191,1,78,3,-16,175,80,True,1,,,False
191,1,79,67,10,10,9,True,1,,,False
191,1,80,33,5,5,59,True,0,,,False
191,1,81,167,-17,174,94,True,0,,,False
191,1,82,79,-10,181,174,True,1,,,False
191,1,83,126,3,3,72,True,0,,,False
191,1,84,112,24,24,49,True,3,,,False
191,1,85,23,-14,177,68,True,1,,,False
191,1,86,76,-3,188,54,True,0,,,False
191,1,87,179,-21,170,45,True,0,,,False
191,1,88,75,8,8,88,True,1,,,False
191,1,89,124,23,23,122,True,0,,,False
191,1,90,4,24,24,19,True,1,,,False
191,1,91,125,-2,189,152,True,1,,,False
191,1,92,72,8,8,34,True,1,,,False
191,1,93,121,6,6,88,True,1,,,False
191,1,94,92,-8,183,112,True,1,,,False
191,1,95,30,-4,187,103,True,1,,,False
191,1,96,30,4,4,103,True,1,,,False
191,1,97,92,8,8,112,True,1,,,False
191,1,98,121,-6,185,88,True,1,,,False
191,1,99,72,-8,183,34,True,1,,,False
191,1,100,125,2,2,152,True,1,,,False
191,1,101,4,-24,167,19,True,1,,,False
191,1,102,124,-23,168,122,True,0,,,False
191,1,103,75,-8,183,88,True,1,,,False
191,1,104,179,21,21,45,True,0,,,False
191,1,105,76,3,3,54,True,0,,,False
191,1,106,23,14,14,68,True,1,,,False
191,1,107,112,-24,167,49,True,3,,,False
191,1,108,126,-3,188,72,True,0,,,False
191,1,109,79,10,10,174,True,1,,,False
191,1,110,167,17,17,94,True,0,,,False
191,1,111,33,-5,186,59,True,0,,,False
191,1,112,67,-10,181,9,True,1,,,False
191,1,113,3,16,16,80,True,1,,,False
191,1,114,21,16,16,176,True,3,,,False
191,1,115,8,6,6,43,True,1,,,False
191,1,116,46,0,0,132,False,1,,,False
191,1,117,19,5,5,160,True,0,,,False
191,1,118,108,18,18,15,True,1,,,False
191,1,119,5,6,6,16,True,1,,,False
191,1,120,95,-16,175,50,True,3,,,False
191,1,121,35,27,27,120,True,0,,,False
191,1,122,100,-22,169,156,True,1,,,False
191,1,123,98,-20,171,25,True,1,,,False
191,1,124,73,-9,182,163,True,0,,,False
191,1,125,171,15,15,83,True,0,,,False
191,1,126,177,6,6,65,True,1,,,False
191,1,127,87,-7,184,42,True,0,,,False
191,1,128,50,-6,185,14,True,1,,,False
191,1,129,102,-2,189,54,True,1,,,False
191,1,130,160,-18,173,23,True,1,,,False
191,1,131,74,21,21,4,True,0,,,False
191,1,132,22,-1,190,70,True,0,,,False
191,1,133,136,12,12,70,True,1,,,False
191,1,134,106,0,0,84,False,3,,,False
191,1,135,137,21,21,54,True,0,,,False
191,1,136,41,0,0,37,False,3,,,False
191,1,137,105,15,15,43,True,0,,,False
191,1,138,40,-20,171,23,True,1,,,False
191,1,139,16,0,0,116,False,1,,,False
191,1,140,120,-10,181,96,True,1,,,False
191,1,141,149,12,12,14,True,1,,,False
191,1,142,61,17,17,79,True,0,,,False
191,1,143,63,8,8,28,True,3,,,False
191,1,144,84,15,15,55,True,0,,,False
191,1,145,65,22,22,22,True,1,,,False
191,1,146,116,-11,180,52,True,0,,,False
191,1,147,85,20,20,46,True,1,,,False
191,1,148,101,12,12,9,True,3,,,False
191,1,149,113,-8,183,149,True,3,,,False
191,1,150,142,5,5,145,True,0,,,False
191,1,151,11,-13,178,180,True,0,,,False
191,1,152,6,-18,173,76,True,1,,,False
191,1,153,165,17,17,8,True,0,,,False
191,1,154,184,6,6,53,True,1,,,False
191,1,155,103,12,12,148,True,1,,,False
191,1,156,1,20,20,164,True,1,,,False
191,1,157,127,8,8,127,True,3,,,False
191,1,158,104,-12,179,152,True,1,,,False
191,1,159,88,-4,187,168,True,3,,,False
191,1,160,159,-16,175,111,True,3,,,False
191,1,161,143,-12,179,93,True,3,,,False
191,1,162,189,3,3,40,True,0,,,False
191,1,163,170,-8,183,90,True,1,,,False
191,1,164,139,-5,186,23,True,0,,,False
191,1,165,181,-20,171,117,True,3,,,False
191,1,166,57,-3,188,100,True,0,,,False
191,1,167,133,10,10,97,True,1,,,False
191,1,168,180,-12,179,21,True,1,,,False
191,1,169,55,0,0,14,False,3,,,False
191,1,170,150,0,0,159,False,1,,,False
191,1,171,64,18,18,61,True,1,,,False
191,1,172,80,-18,173,3,True,1,,,False
191,1,173,145,-7,184,54,True,0,,,False
191,1,174,94,-3,188,160,True,0,,,False
191,1,175,20,-24,167,131,True,1,,,False
191,1,176,51,18,18,5,True,1,,,False
191,1,177,14,9,9,9,True,0,,,False
191,1,178,99,3,3,86,True,0,,,False
191,1,179,96,-10,181,110,True,1,,,False
191,1,180,97,-4,187,138,True,1,,,False
191,1,181,154,4,4,77,True,1,,,False
191,1,182,115,-18,173,30,True,1,,,False
191,1,183,135,26,26,36,True,1,,,False
191,1,184,111,-21,170,161,True,0,,,False
191,1,185,29,5,5,144,True,0,,,False
191,1,186,58,-24,167,62,True,3,,,False
191,1,187,128,16,16,189,True,1,,,False
191,1,188,178,-15,176,165,True,0,,,False
191,1,189,89,16,16,78,True,3,,,False
191,1,190,186,25,25,58,True,0,,,False
191,7,0,9,0,0,132,False,3,,,False
191,7,1,2,9,9,52,True,0,,,False
191,7,2,77,-1,190,189,True,0,,,False
191,7,3,109,-15,176,57,True,0,,,False
191,7,4,161,18,18,82,True,1,,,False
191,7,5,26,-8,183,113,True,3,,,False
191,7,6,164,18,18,1,True,1,,,False
191,7,7,15,25,25,48,True,0,,,False
191,7,8,107,0,0,105,False,3,,,False
191,7,9,91,2,2,179,True,1,,,False
191,7,10,49,-24,167,13,True,3,,,False
191,7,11,162,-17,174,177,True,0,,,False
191,7,12,42,12,12,63,True,1,,,False
191,7,13,118,-15,176,77,True,0,,,False
191,7,14,176,0,0,140,False,1,,,False
191,7,15,129,-11,180,104,True,0,,,False
191,7,16,69,-3,188,58,True,0,,,False
191,7,17,45,-4,187,91,True,3,,,False
191,7,18,86,-11,180,5,True,0,,,False
191,7,19,17,-3,188,171,True,0,,,False
191,7,20,27,-17,174,72,True,0,,,False
191,7,21,70,8,8,125,True,1,,,False
191,7,22,119,-6,185,23,True,1,,,False
191,7,23,146,14,14,133,True,1,,,False
191,7,24,34,-3,188,10,True,0,,,False
191,7,25,166,24,24,138,True,1,,,False
191,7,26,130,-19,172,186,True,0,,,False
191,7,27,7,20,20,46,True,1,,,False
191,7,28,62,12,12,29,True,1,,,False
191,7,29,83,-18,173,39,True,1,,,False
191,7,30,173,-8,183,139,True,1,,,False
191,7,31,148,-10,181,104,True,1,,,False
191,7,32,117,-15,176,4,True,0,,,False
191,7,33,37,26,26,147,True,1,,,False
191,7,34,48,13,13,110,True,0,,,False
191,7,35,190,-18,173,143,True,1,,,False
191,7,36,12,27,27,63,True,0,,,False
191,7,37,66,0,0,151,False,1,,,False
191,7,38,28,4,4,172,True,1,,,False
191,7,39,24,23,23,117,True,0,,,False
191,7,40,71,6,6,156,True,1,,,False
191,7,41,39,9,9,11,True,0,,,False
191,7,42,82,12,12,61,True,1,,,False
191,7,43,44,4,4,27,True,1,,,False
191,7,44,52,-3,188,160,True,0,,,False
191,7,45,147,19,19,106,True,0,,,False
191,7,46,68,12,12,33,True,3,,,False
191,7,47,188,18,18,158,True,1,,,False
191,7,48,169,0,0,29,False,3,,,False
191,7,49,18,8,8,170,True,3,,,False
191,7,50,158,-13,178,175,True,0,,,False
191,7,51,54,-8,183,47,True,3,,,False
191,7,52,110,-6,185,16,True,1,,,False
191,7,53,141,24,24,4,True,1,,,False
191,7,54,157,-10,181,134,True,1,,,False
191,7,55,47,-12,179,51,True,1,,,False
191,7,56,172,9,9,158,True,0,,,False
191,7,57,25,-16,175,73,True,3,,,False
191,7,58,131,12,12,37,True,1,,,False
191,7,59,140,-16,175,107,True,1,,,False
191,7,60,151,-8,183,151,True,1,,,False
191,7,61,152,6,6,96,True,1,,,False
191,7,62,81,-7,184,134,True,0,,,False
191,7,63,153,1,1,95,True,0,,,False
191,7,64,144,3,3,165,True,0,,,False
191,7,65,13,25,25,125,True,0,,,False
191,7,66,156,20,20,46,True,3,,,False
191,7,67,38,16,16,130,True,1,,,False
191,7,68,187,10,10,99,True,1,,,False
191,7,69,155,-24,167,92,True,1,,,False
191,7,70,132,22,22,21,True,1,,,False
191,7,71,174,-6,185,159,True,1,,,False
191,7,73,134,-8,183,55,True,3,,,False
191,7,74,60,7,7,76,True,0,,,False
191,7,75,93,-4,187,51,True,1,,,False
191,7,76,138,0,0,155,False,3,,,False
191,7,77,53,-16,175,86,True,1,,,False
191,7,78,185,-12,179,85,True,1,,,False
191,7,79,183,22,22,45,True,1,,,False
191,7,80,32,3,3,13,True,0,,,False
191,7,81,56,-14,177,174,True,1,,,False
191,7,82,123,-2,189,174,True,1,,,False
191,7,83,31,14,14,105,True,1,,,False
191,7,84,122,20,20,62,True,1,,,False
191,7,85,90,-24,167,52,True,3,,,False
191,7,86,163,1,1,81,True,0,,,False
191,7,87,59,-24,167,2,True,3,,,False
191,7,88,168,10,10,45,True,1,,,False
191,7,89,78,13,13,2,True,0,,,False
191,7,90,175,-12,179,133,True,1,,,False
191,7,91,36,15,15,67,True,0,,,False
191,7,92,10,-12,179,143,True,3,,,False
191,7,93,182,6,6,160,True,1,,,False
191,7,94,114,10,10,110,True,1,,,False
191,7,95,43,15,15,21,True,0,,,False
191,7,96,43,-15,176,21,True,0,,,False
191,7,97,114,-10,181,110,True,1,,,False
191,7,98,182,-6,185,160,True,1,,,False
191,7,99,10,12,12,143,True,3,,,False
191,7,100,36,-15,176,67,True,0,,,False
191,7,101,175,12,12,133,True,1,,,False
191,7,102,78,-13,178,2,True,0,,,False
191,7,103,168,-10,181,45,True,1,,,False
191,7,104,59,24,24,2,True,3,,,False
191,7,105,163,-1,190,81,True,0,,,False
191,7,106,90,24,24,52,True,3,,,False
191,7,107,122,-20,171,62,True,1,,,False
191,7,108,31,-14,177,105,True,1,,,False
191,7,109,123,2,2,174,True,1,,,False
191,7,110,56,14,14,174,True,1,,,False
191,7,111,32,-3,188,13,True,0,,,False
191,7,112,183,-22,169,45,True,1,,,False
191,7,113,185,12,12,85,True,1,,,False
191,7,114,53,16,16,86,True,1,,,False
191,7,115,138,0,0,155,False,3,,,False
191,7,116,93,4,4,51,True,1,,,False
191,7,117,60,-7,184,76,True,0,,,False
191,7,118,134,8,8,55,True,3,,,False
191,7,120,174,6,6,159,True,1,,,False
191,7,121,132,-22,169,21,True,1,,,False
191,7,122,155,24,24,92,True,1,,,False
191,7,123,187,-10,181,99,True,1,,,False
191,7,124,38,-16,175,130,True,1,,,False
191,7,125,156,-20,171,46,True,3,,,False
191,7,126,13,-25,166,125,True,0,,,False
191,7,127,144,-3,188,165,True,0,,,False
191,7,128,153,-1,190,95,True,0,,,False
191,7,129,81,7,7,134,True,0,,,False
191,7,130,152,-6,185,96,True,1,,,False
191,7,131,151,8,8,151,True,1,,,False
191,7,132,140,16,16,107,True,1,,,False
191,7,133,131,-12,179,37,True,1,,,False
191,7,134,25,16,16,73,True,3,,,False
191,7,135,172,-9,182,158,True,0,,,False
191,7,136,47,12,12,51,True,1,,,False
191,7,137,157,10,10,134,True,1,,,False
191,7,138,141,-24,167,4,True,1,,,False
191,7,139,110,6,6,16,True,1,,,False
191,7,140,54,8,8,47,True,3,,,False
191,7,141,158,13,13,175,True,0,,,False
191,7,142,18,-8,183,170,True,3,,,False
191,7,143,169,0,0,29,False,3,,,False
191,7,144,188,-18,173,158,True,1,,,False
191,7,145,68,-12,179,33,True,3,,,False
191,7,146,147,-19,172,106,True,0,,,False
191,7,147,52,3,3,160,True,0,,,False
191,7,148,44,-4,187,27,True,1,,,False
191,7,149,82,-12,179,61,True,1,,,False
191,7,150,39,-9,182,11,True,0,,,False
191,7,151,71,-6,185,156,True,1,,,False
191,7,152,24,-23,168,117,True,0,,,False
191,7,153,28,-4,187,172,True,1,,,False
191,7,154,66,0,0,151,False,1,,,False
191,7,155,12,-27,164,63,True,0,,,False
191,7,156,190,18,18,143,True,1,,,False
191,7,157,48,-13,178,110,True,0,,,False
191,7,158,37,-26,165,147,True,1,,,False
191,7,159,117,15,15,4,True,0,,,False
191,7,160,148,10,10,104,True,1,,,False
191,7,161,173,8,8,139,True,1,,,False
191,7,162,83,18,18,39,True,1,,,False
191,7,163,62,-12,179,29,True,1,,,False
191,7,164,7,-20,171,46,True,1,,,False
191,7,165,130,19,19,186,True,0,,,False
191,7,166,166,-24,167,138,True,1,,,False
191,7,167,34,3,3,10,True,0,,,False
191,7,168,146,-14,177,133,True,1,,,False
191,7,169,119,6,6,23,True,1,,,False
191,7,170,70,-8,183,125,True,1,,,False
191,7,171,27,17,17,72,True,0,,,False
191,7,172,17,3,3,171,True,0,,,False
191,7,173,86,11,11,5,True,0,,,False
191,7,174,45,4,4,91,True,3,,,False
191,7,175,69,3,3,58,True,0,,,False
191,7,176,129,11,11,104,True,0,,,False
191,7,177,176,0,0,140,False,1,,,False
191,7,178,118,15,15,77,True,0,,,False
191,7,179,42,-12,179,63,True,1,,,False
191,7,180,162,17,17,177,True,0,,,False
191,7,181,49,24,24,13,True,3,,,False
191,7,182,91,-2,189,179,True,1,,,False
191,7,183,107,0,0,105,False,3,,,False
191,7,184,15,-25,166,48,True,0,,,False
191,7,185,164,-18,173,1,True,1,,,False
191,7,186,26,8,8,113,True,3,,,False
191,7,187,161,-18,173,82,True,1,,,False
191,7,188,109,15,15,57,True,0,,,False
191,7,189,77,1,1,189,True,0,,,False
191,7,190,2,-9,182,52,True,0,,,False
193,0,1,0,2,2,0,True,3,0,0,True
193,0,2,0,23,23,0,True,0,0,0,True
193,0,4,0,-25,168,0,True,0,0,0,True
193,0,5,0,-23,170,0,True,0,0,0,True
193,0,10,0,25,25,0,True,0,0,0,True
193,0,11,0,-2,191,0,True,3,0,0,True
193,1,0,184,-14,179,0,True,3,0,0,True
193,1,1,86,-7,186,52,True,0,,,False
193,1,2,172,-14,179,149,True,3,,,True
193,1,3,128,2,2,18,True,3,3,3,True
193,1,4,7,19,19,173,True,0,,,False
193,1,5,100,1,1,63,True,0,,,False
193,1,6,102,-4,189,164,True,1,,,False
193,1,7,98,-7,186,127,True,0,,,False
193,1,8,123,10,10,123,True,1,,,False
193,1,9,113,-16,177,157,True,1,,,False
193,1,10,175,2,2,117,True,3,3,3,True
193,1,11,158,-4,189,20,True,1,,,False
193,1,12,23,-3,190,159,True,0,,,False
193,1,13,54,13,13,152,True,0,,,False
193,1,14,129,-18,175,175,True,3,,,False
193,1,15,72,5,5,139,True,0,,,False
193,1,16,170,13,13,86,True,0,,,False
193,1,17,146,14,14,166,True,1,,,True
193,1,18,83,-14,179,12,True,3,,,True
193,1,19,185,21,21,100,True,0,,,False
193,1,20,9,-5,188,49,True,0,,,False
193,1,21,134,-5,188,168,True,0,,,False
193,1,22,164,-4,189,167,True,1,,,False
193,1,23,70,8,8,90,True,1,,,False
193,1,24,13,-18,175,48,True,1,,,False
193,1,25,61,-2,191,101,True,1,4,4,True
193,1,26,20,-18,175,115,True,1,,,False
193,1,27,157,11,11,83,True,0,,,False
193,1,28,167,-26,167,88,True,1,,,False
193,1,29,166,18,18,96,True,3,,,False
193,1,30,168,-2,191,33,True,3,2,2,True
193,1,31,82,4,4,138,True,1,,,False
193,1,32,94,-6,187,79,True,1,,,False
193,1,33,149,-16,177,114,True,1,,,False
193,1,34,186,-10,183,46,True,3,,,False
193,1,35,30,4,4,143,True,1,,,False
193,1,36,27,-18,175,168,True,3,,,False
193,1,37,111,2,2,11,True,1,4,4,True
193,1,38,187,-19,174,28,True,0,,,False
193,1,39,133,12,12,93,True,1,,,False
193,1,40,84,19,19,81,True,0,,,False
193,1,41,192,3,3,190,True,0,,,False
193,1,42,90,2,2,142,True,1,4,4,True
193,1,43,155,20,20,109,True,1,,,False
193,1,44,130,11,11,16,True,0,,,False
193,1,45,38,-14,179,23,True,1,,,True
193,1,46,92,-11,182,164,True,0,,,False
193,1,47,35,24,24,167,True,1,,,True
193,1,48,17,22,22,11,True,1,,,False
193,1,49,127,14,14,164,True,1,,,True
193,1,50,177,-17,176,165,True,0,,,False
193,1,51,112,6,6,182,True,3,,,False
193,1,52,26,-14,179,58,True,1,,,True
193,1,53,18,5,5,35,True,0,,,False
193,1,54,101,1,1,94,True,0,,,False
193,1,55,57,16,16,54,True,1,,,False
193,1,56,171,4,4,58,True,1,,,False
193,1,57,132,-26,167,44,True,1,,,False
193,1,58,44,4,4,192,True,1,,,False
193,1,60,80,-10,183,152,True,1,,,False
193,1,61,104,-24,169,134,True,1,,,True
193,1,62,56,1,1,135,True,0,,,False
193,1,63,29,12,12,85,True,1,,,False
193,1,64,50,6,6,100,True,3,,,False
193,1,65,46,-25,168,94,True,0,,,True
193,1,66,173,-6,187,78,True,1,,,False
193,1,67,181,-13,180,55,True,0,,,False
193,1,68,73,26,26,124,True,1,,,False
193,1,69,116,26,26,54,True,1,,,False
193,1,70,140,4,4,160,True,1,,,False
193,1,71,16,23,23,152,True,0,,,True
193,1,72,106,-12,181,85,True,1,,,False
193,1,73,11,-6,187,34,True,1,,,False
193,1,74,191,26,26,34,True,3,,,False
193,1,75,3,-9,184,155,True,0,,,False
193,1,76,190,15,15,114,True,0,,,False
193,1,77,154,4,4,133,True,1,,,False
193,1,78,52,-16,177,50,True,1,,,False
193,1,79,51,-14,179,179,True,1,,,True
193,1,80,75,13,13,30,True,0,,,False
193,1,81,161,17,17,92,True,0,,,False
193,1,82,105,-14,179,124,True,1,2,2,True
193,1,83,78,-20,173,124,True,1,,,False
193,1,84,14,-6,187,106,True,3,,,False
193,1,85,71,12,12,49,True,1,,,False
193,1,86,138,-10,183,122,True,3,,,False
193,1,87,79,-4,189,102,True,1,,,False
193,1,88,174,14,14,59,True,1,,,True
193,1,89,63,19,19,159,True,0,,,False
193,1,90,10,22,22,110,True,1,,,False
193,1,91,121,-3,190,133,True,0,,,False
193,1,92,114,-10,183,114,True,1,,,False
193,1,93,12,-10,183,87,True,3,,,False
193,1,94,109,-1,192,183,True,0,,,False
193,1,95,68,-24,169,186,True,1,,,True
193,1,96,55,11,11,52,True,0,,,False
193,2,0,184,14,14,0,True,3,0,0,True
193,2,1,54,-13,180,9,True,0,,,False
193,2,2,20,18,18,3,True,1,,,False
193,2,3,133,-12,181,182,True,1,,,False
193,2,4,26,14,14,72,True,1,,,True
193,2,5,46,25,25,130,True,0,,,True
193,2,6,52,16,16,102,True,1,,,False
193,2,7,121,3,3,32,True,0,,,False
193,2,8,63,-19,174,162,True,0,,,False
193,2,9,190,-15,178,138,True,0,,,False
193,2,10,29,-12,181,174,True,1,,,False
193,2,11,177,17,17,88,True,0,,,False
193,2,12,111,-2,191,186,True,1,4,4,True
193,2,13,13,18,18,180,True,1,,,False
193,2,14,158,4,4,75,True,1,,,False
193,2,15,172,14,14,165,True,3,,,True
193,2,16,72,-5,188,106,True,0,,,False
193,2,17,167,26,26,56,True,1,,,False
193,2,18,192,-3,190,156,True,0,,,False
193,2,19,101,-1,192,130,True,0,,,False
193,2,20,181,13,13,35,True,0,,,False
193,2,21,75,-13,180,177,True,0,,,False
193,2,22,12,10,10,108,True,3,,,False
193,2,23,79,4,4,93,True,1,,,False
193,2,24,191,-26,167,31,True,3,,,False
193,2,25,104,24,24,20,True,1,,,True
193,2,26,17,-22,171,186,True,1,,,False
193,2,27,30,-4,189,102,True,1,,,False
193,2,28,164,4,4,192,True,1,,,False
193,2,29,113,16,16,58,True,1,,,False
193,2,30,7,-19,174,75,True,0,,,False
193,2,31,146,-14,179,53,True,1,,,True
193,2,32,168,2,2,21,True,3,2,2,True
193,2,33,155,-20,173,122,True,1,,,False
193,2,34,171,-4,189,72,True,1,,,False
193,2,35,116,-26,167,87,True,1,,,False
193,2,36,105,14,14,114,True,1,2,2,True
193,2,37,68,24,24,171,True,1,,,True
193,2,38,71,-12,181,39,True,1,,,False
193,2,39,106,12,12,174,True,1,,,False
193,2,41,92,11,11,36,True,0,,,False
193,2,42,149,16,16,138,True,1,,,False
193,2,43,9,5,5,39,True,0,,,False
193,2,44,98,7,7,42,True,0,,,False
193,2,45,102,4,4,157,True,1,,,False
193,2,46,185,-21,172,11,True,0,,,False
193,2,47,94,6,6,138,True,1,,,False
193,2,48,38,14,14,155,True,1,,,True
193,2,49,44,-4,189,52,True,1,,,False
193,2,50,16,-23,170,9,True,0,,,True
193,2,51,14,6,6,85,True,3,,,False
193,2,52,55,-11,182,2,True,0,,,False
193,2,53,78,20,20,79,True,1,,,False
193,2,54,140,-4,189,21,True,1,,,False
193,2,55,132,26,26,165,True,1,,,False
193,2,56,130,-11,182,60,True,0,,,False
193,2,57,82,-4,189,35,True,1,,,False
193,2,58,83,14,14,45,True,3,,,True
193,2,59,100,-1,192,188,True,0,,,False
193,2,60,123,-10,183,166,True,1,,,False
193,2,61,134,5,5,142,True,0,,,False
193,2,62,186,10,10,117,True,3,,,False
193,2,63,35,-24,169,1,True,1,,,True
193,2,64,80,10,10,9,True,1,,,False
193,2,65,11,6,6,162,True,1,,,False
193,2,66,138,10,10,25,True,3,,,False
193,2,67,109,1,1,59,True,0,,,False
193,2,68,161,-17,176,152,True,0,,,False
193,2,69,73,-26,167,79,True,1,,,False
193,2,70,57,-16,177,106,True,1,,,False
193,2,71,90,-2,191,50,True,1,4,4,True
193,2,72,166,-18,175,167,True,3,,,False
193,2,73,170,-13,180,33,True,0,,,False
193,2,74,128,-2,191,164,True,3,3,3,True
193,2,75,175,-2,191,92,True,3,3,3,True
193,2,76,70,-8,185,145,True,1,,,False
193,2,77,27,18,18,142,True,3,,,False
193,2,78,127,-14,179,157,True,1,,,True
193,2,79,56,-1,192,121,True,0,,,False
193,2,80,3,9,9,46,True,0,,,False
193,2,81,174,-14,179,20,True,1,,,True
193,2,82,114,10,10,138,True,1,,,False
193,2,83,51,14,14,44,True,1,,,True
193,2,84,173,6,6,3,True,1,,,False
193,2,85,18,-5,188,83,True,0,,,False
193,2,86,84,-19,174,159,True,0,,,False
193,2,87,157,-11,182,70,True,0,,,False
193,2,88,129,18,18,29,True,3,,,False
193,2,89,86,7,7,2,True,0,,,False
193,2,90,23,3,3,31,True,0,,,False
193,2,91,61,2,2,152,True,1,4,4,True
193,2,92,187,19,19,88,True,0,,,False
193,2,93,112,-6,187,186,True,3,,,False
193,2,94,50,-6,187,11,True,3,,,False
193,2,95,154,-4,189,32,True,1,,,False
193,2,96,10,-22,171,70,True,1,,,False
193,5,0,184,-24,169,0,True,1,0,0,True
193,5,1,42,0,0,40,False,1,,,False
193,5,2,131,10,10,59,True,1,,,False
193,5,3,62,8,8,179,True,1,,,False
193,5,4,189,-2,191,151,True,1,4,4,True
193,5,5,144,-16,177,65,True,1,,,False
193,5,6,159,-22,171,144,True,3,,,False
193,5,7,15,-22,171,182,True,3,,,False
193,5,8,95,-16,177,129,True,1,,,False
193,5,9,107,4,4,22,True,1,,,False
193,5,10,77,11,11,35,True,0,,,False
193,5,11,148,-14,179,161,True,3,,,True
193,5,12,145,4,4,145,True,1,,,False
193,5,13,93,20,20,13,True,1,,,False
193,5,14,66,-7,186,189,True,0,,,False
193,5,15,25,-2,191,77,True,1,4,4,True
193,5,16,165,10,10,66,True,1,,,False
193,5,17,33,3,3,49,True,0,,,False
193,5,18,40,14,14,129,True,3,,,True
193,5,19,136,-11,182,148,True,0,,,False
193,5,20,85,-10,183,134,True,1,,,False
193,5,21,41,-5,188,42,True,0,,,False
193,5,22,162,-16,177,123,True,1,,,False
193,5,23,28,16,16,171,True,1,,,False
193,5,24,4,22,22,181,True,1,,,False
193,5,25,65,-22,171,158,True,1,,,False
193,5,26,135,13,13,181,True,0,,,False
193,5,27,69,-6,187,189,True,1,,,False
193,5,28,151,14,14,176,True,1,2,2,True
193,5,29,126,6,6,144,True,1,,,False
193,5,30,122,9,9,157,True,0,,,False
193,5,31,22,2,2,158,True,3,3,3,True
193,5,32,150,-12,181,117,True,1,,,False
193,5,33,182,15,15,141,True,0,,,False
193,5,34,118,-16,177,23,True,1,,,False
193,5,35,119,14,14,116,True,3,1,1,True
193,5,36,32,-14,179,93,True,1,,,True
193,5,37,89,-5,188,134,True,0,,,False
193,5,38,81,-6,187,140,True,1,,,False
193,5,39,34,-19,174,26,True,0,,,False
193,5,40,124,12,12,88,True,1,,,False
193,5,41,67,22,22,88,True,1,,,False
193,5,42,97,-2,191,87,True,1,4,4,True
193,5,43,103,-26,167,12,True,3,,,False
193,5,44,76,9,9,27,True,0,,,False
193,5,45,53,5,5,115,True,0,,,False
193,5,46,60,21,21,21,True,0,,,False
193,5,47,59,-16,177,153,True,1,,,False
193,5,48,49,10,10,1,True,1,,,False
193,5,49,45,-23,170,97,True,0,,,True
193,5,50,183,14,14,113,True,3,,,True
193,5,51,21,20,20,20,True,1,,,False
193,5,52,180,9,9,176,True,0,,,False
193,5,53,87,22,22,137,True,3,,,False
193,5,54,24,-18,175,143,True,1,,,False
193,5,55,163,-5,188,121,True,0,,,False
193,5,56,120,-1,192,165,True,0,,,False
193,5,57,6,-4,189,137,True,1,,,False
193,5,58,137,8,8,181,True,1,,,False
193,5,59,117,-23,170,82,True,0,,,True
193,5,60,141,-7,186,44,True,0,,,False
193,5,61,115,-14,179,47,True,3,,,True
193,5,62,36,14,14,98,True,1,,,True
193,5,63,58,2,2,61,True,3,3,3,True
193,5,64,110,16,16,144,True,1,,,False
193,5,65,47,5,5,31,True,0,,,False
193,5,66,160,-9,184,1,True,0,,,False
193,5,67,8,-22,171,85,True,1,,,False
193,5,68,169,0,0,68,False,1,,,False
193,5,69,147,8,8,152,True,1,,,False
193,5,70,153,2,2,16,True,3,1,1,True
193,5,71,179,4,4,76,True,1,,,False
193,5,72,125,27,27,6,True,0,,,False
193,5,73,139,16,16,120,True,1,,,False
193,5,74,188,-19,174,80,True,0,,,False
193,5,75,88,-6,187,127,True,3,,,False
193,5,76,96,2,2,12,True,1,4,4,True
193,5,77,74,-21,172,44,True,0,,,False
193,5,78,19,-23,170,45,True,0,,,True
193,5,79,1,18,18,130,True,1,,,False
193,5,80,156,17,17,151,True,0,,,False
193,5,81,108,-2,191,63,True,1,4,4,True
193,5,82,176,11,11,70,True,0,,,False
193,5,83,5,17,17,59,True,0,,,False
193,5,84,31,4,4,157,True,1,,,False
193,5,85,2,10,10,49,True,1,,,False
193,5,86,48,-4,189,78,True,1,,,False
193,5,87,143,-6,187,145,True,1,,,False
193,5,88,64,24,24,127,True,1,,,True
193,5,89,39,-15,178,19,True,0,,,False
193,5,90,142,-10,183,118,True,3,,,False
193,5,91,37,-2,191,104,True,3,2,2,True
193,5,92,99,18,18,185,True,3,,,False
193,5,93,178,-11,182,2,True,0,,,False
193,5,94,152,-25,168,159,True,0,,,True
193,5,95,43,6,6,118,True,1,,,False
193,5,96,91,1,1,142,True,0,,,False
193,10,0,184,24,24,0,True,1,0,0,True
193,10,1,93,-20,173,96,True,1,,,False
193,10,2,135,-13,180,45,True,0,,,False
193,10,3,34,19,19,192,True,0,,,False
193,10,4,180,-9,184,112,True,0,,,False
193,10,5,47,-5,188,125,True,0,,,False
193,10,6,19,23,23,169,True,0,,,True
193,10,7,37,2,2,189,True,3,2,2,True
193,10,8,39,15,15,23,True,0,,,False
193,10,9,96,-2,191,45,True,1,4,4,True
193,10,10,58,-2,191,84,True,3,3,3,True
193,10,11,183,-14,179,86,True,3,,,True
193,10,12,89,5,5,20,True,0,,,False
193,10,13,4,-22,171,148,True,1,,,False
193,10,14,148,14,14,73,True,3,,,True
193,10,15,131,-10,183,20,True,1,,,False
193,10,16,25,2,2,49,True,1,4,4,True
193,10,17,151,-14,179,112,True,1,2,2,True
193,10,18,67,-22,171,56,True,1,,,False
193,10,19,24,18,18,91,True,1,,,False
193,10,20,8,22,22,19,True,1,,,False
193,10,21,156,-17,176,61,True,0,,,False
193,10,22,178,11,11,89,True,0,,,False
193,10,23,143,6,6,13,True,1,,,False
193,10,24,188,19,19,107,True,0,,,False
193,10,25,115,14,14,128,True,3,,,True
193,10,26,49,-10,183,52,True,1,,,False
193,10,27,119,-14,179,49,True,3,1,1,True
193,10,28,162,16,16,27,True,1,,,False
193,10,29,107,-4,189,179,True,1,,,False
193,10,30,189,2,2,61,True,1,4,4,True
193,10,31,33,-3,190,154,True,0,,,False
193,10,32,122,-9,184,135,True,0,,,False
193,10,33,103,26,26,148,True,3,,,False
193,10,34,120,1,1,105,True,0,,,False
193,10,35,147,-8,185,9,True,1,,,False
193,10,36,176,-11,182,27,True,0,,,False
193,10,37,43,-6,187,40,True,1,,,False
193,10,38,2,-10,183,39,True,1,,,False
193,10,39,125,-27,166,119,True,0,,,False
193,10,40,117,23,23,18,True,0,,,True
193,10,41,60,-21,172,127,True,0,,,False
193,10,42,182,-15,178,191,True,0,,,False
193,10,43,85,10,10,20,True,1,,,False
193,10,44,15,22,22,7,True,3,,,False
193,10,45,159,22,22,39,True,3,,,False
193,10,46,136,11,11,24,True,0,,,False
193,10,47,150,12,12,92,True,1,,,False
193,10,48,53,-5,188,3,True,0,,,False
193,10,49,137,-8,185,45,True,1,,,False
193,10,50,179,-4,189,101,True,1,,,False
193,10,51,31,-4,189,135,True,1,,,False
193,10,52,91,-1,192,50,True,0,,,False
193,10,53,5,-17,176,173,True,0,,,False
193,10,54,153,-2,191,60,True,3,1,1,True
193,10,55,6,4,4,176,True,1,,,False
193,10,56,76,-9,184,53,True,0,,,False
193,10,57,22,-2,191,110,True,3,3,3,True
193,10,58,40,-14,179,146,True,3,,,True
193,10,59,144,16,16,99,True,1,,,False
193,10,60,95,16,16,47,True,1,,,False
193,10,61,41,5,5,132,True,0,,,False
193,10,62,118,16,16,155,True,1,,,False
193,10,63,59,16,16,150,True,1,,,False
193,10,64,141,7,7,28,True,0,,,False
193,10,65,139,-16,177,129,True,1,,,False
193,10,66,48,4,4,190,True,1,,,False
193,10,67,152,25,25,162,True,0,,,True
193,10,68,108,2,2,188,True,1,4,4,True
193,10,69,169,0,0,62,False,1,,,False
193,10,70,163,5,5,116,True,0,,,False
193,10,71,97,2,2,85,True,1,4,4,True
193,10,72,126,-6,187,154,True,1,,,False
193,10,73,165,-10,183,151,True,1,,,False
193,10,74,62,-8,185,44,True,1,,,False
193,10,75,77,-11,182,110,True,0,,,False
193,10,76,28,-16,177,179,True,1,,,False
193,10,77,32,14,14,182,True,1,,,True
193,10,78,45,23,23,167,True,0,,,True
193,10,79,36,-14,179,115,True,1,,,True
193,10,80,88,6,6,151,True,3,,,False
193,10,81,64,-24,169,151,True,1,,,True
193,10,82,99,-18,175,163,True,3,,,False
193,10,83,1,-18,175,5,True,1,,,False
193,10,84,160,9,9,52,True,0,,,False
193,10,85,87,-22,171,176,True,3,,,False
193,10,86,124,-12,181,137,True,1,,,False
193,10,87,69,6,6,178,True,1,,,False
193,10,88,66,7,7,178,True,0,,,False
193,10,89,42,0,0,150,False,1,,,False
193,10,90,145,-4,189,180,True,1,,,False
193,10,91,65,22,22,83,True,1,,,False
193,10,92,81,6,6,54,True,1,,,False
193,10,93,21,-20,173,118,True,1,,,False
193,10,94,110,-16,177,39,True,1,,,False
193,10,95,74,21,21,28,True,0,,,False
193,10,96,142,10,10,40,True,3,,,False
197,0,1,0,0,0,54,False,1,,,False
197,0,2,0,0,0,48,False,1,,,False
197,1,0,152,2,2,0,True,3,0,0,True
197,1,1,134,-24,173,35,True,1,,,False
197,1,2,118,6,6,127,True,3,,,False
197,1,3,154,18,18,88,True,1,,,False
197,1,4,52,-23,174,67,True,0,,,False
197,1,5,186,6,6,96,True,3,,,False
197,1,6,20,-7,190,160,True,0,,,False
197,1,7,155,6,6,90,True,1,,,False
197,1,8,14,-15,182,78,True,0,,,False
197,1,9,91,-11,186,100,True,0,,,False
197,1,10,69,-6,191,10,True,3,,,False
197,1,11,169,4,4,90,True,1,,,False
197,1,12,53,8,8,78,True,1,,,False
197,1,13,192,21,21,79,True,0,,,False
197,1,14,162,-9,188,97,True,0,,,False
197,1,15,119,18,18,152,True,3,,,False
197,1,16,104,-6,191,176,True,1,,,False
197,1,17,132,-12,185,144,True,1,,,False
197,1,18,26,-18,179,80,True,1,,,False
197,1,19,163,-2,195,111,True,1,,,True
197,1,20,63,10,10,57,True,1,,,False
197,1,21,24,-8,189,178,True,1,,,False
197,1,22,110,5,5,74,True,0,,,False
197,1,23,157,-2,195,14,True,1,,,True
197,1,24,82,-26,171,62,True,3,,,False
197,1,25,31,6,6,135,True,3,,,False
197,1,26,124,-7,190,120,True,0,,,False
197,1,27,29,2,2,73,True,1,,,True
197,1,28,176,-13,184,183,True,0,,,False
197,1,29,39,-16,181,83,True,1,,,False
197,1,30,65,14,14,85,True,1,,,False
197,1,31,48,3,3,81,True,0,,,False
197,1,32,96,-12,185,137,True,1,,,False
197,1,33,128,14,14,179,True,3,,,False
197,1,34,195,-27,170,58,True,0,,,False
197,1,35,196,-24,173,154,True,1,,,False
197,1,36,87,-6,191,98,True,3,,,False
197,1,37,54,8,8,3,True,1,,,False
197,1,38,41,-4,193,51,True,1,,,False
197,1,39,164,-16,181,157,True,1,,,False
197,1,40,123,-19,178,152,True,0,,,False
197,1,41,151,22,22,133,True,3,,,False
197,1,42,145,23,23,126,True,0,,,False
197,1,43,172,-10,187,178,True,1,,,False
197,1,44,114,-6,191,14,True,1,,,False
197,1,45,70,-14,183,28,True,1,,,False
197,1,46,167,15,15,42,True,0,,,False
197,1,47,22,0,0,103,False,1,,,False
197,1,48,103,7,7,156,True,0,,,False
197,1,49,187,2,2,127,True,1,,,True
197,1,50,135,26,26,107,True,1,,,False
197,1,51,34,-6,191,165,True,1,,,False
197,1,52,160,-18,179,123,True,1,,,False
197,1,53,107,26,26,71,True,1,,,False
197,1,54,89,13,13,70,True,0,,,False
197,1,55,189,19,19,185,True,0,,,False
197,1,56,98,3,3,100,True,0,,,False
197,1,57,67,10,10,87,True,3,,,False
197,1,58,185,2,2,143,True,3,,,True
197,1,59,153,3,3,106,True,0,,,False
197,1,60,126,-6,191,7,True,3,,,False
197,1,61,17,-6,191,145,True,3,,,False
197,1,62,138,12,12,166,True,1,,,False
197,1,63,180,3,3,120,True,0,,,False
197,1,64,85,-20,177,101,True,1,,,False
197,1,65,38,-15,182,162,True,0,,,False
197,1,66,115,-9,188,102,True,0,,,False
197,1,67,42,6,6,108,True,1,,,False
197,1,68,81,14,14,84,True,1,,,False
197,1,69,2,18,18,188,True,3,,,False
197,1,70,150,12,12,149,True,1,,,False
197,1,71,159,18,18,47,True,3,,,False
197,1,72,33,12,12,92,True,1,,,False
197,1,73,100,-6,191,4,True,1,,,False
197,1,74,173,8,8,118,True,1,,,False
197,1,75,121,-20,177,72,True,1,,,False
197,1,76,49,-22,175,144,True,1,,,False
197,1,77,61,2,2,100,True,1,,,True
197,1,78,113,13,13,41,True,0,,,False
197,1,79,8,21,21,36,True,0,,,False
197,1,80,23,-18,179,141,True,1,,,False
197,1,81,144,18,18,41,True,1,,,False
197,1,82,7,22,22,1,True,1,,,False
197,1,83,56,-17,180,95,True,0,,,False
197,1,84,1,12,12,163,True,1,,,False
197,1,85,129,-7,190,184,True,0,,,False
197,1,86,130,-27,170,36,True,0,,,False
197,1,87,28,16,16,98,True,1,,,False
197,1,88,37,2,2,142,True,1,,,True
197,1,89,83,18,18,111,True,1,,,False
197,1,90,99,1,1,84,True,0,,,False
197,1,91,45,9,9,70,True,0,,,False
197,1,92,182,8,8,63,True,1,,,False
197,1,93,190,12,12,195,True,1,,,False
197,1,94,177,-13,184,47,True,0,,,False
197,1,95,18,-3,194,93,True,0,,,False
197,1,96,111,15,15,40,True,0,,,False
197,1,97,71,-27,170,163,True,0,,,False
197,1,98,194,-10,187,55,True,3,,,False
197,2,0,152,-28,169,0,True,1,0,0,True
197,2,1,19,-18,179,132,True,3,,,False
197,2,2,46,-18,179,125,True,1,,,False
197,2,3,27,-8,189,108,True,1,,,False
197,2,4,92,22,22,160,True,3,,,False
197,2,5,171,-26,171,178,True,3,,,False
197,2,6,59,-1,196,27,True,0,,,False
197,2,7,60,15,15,31,True,0,,,False
197,2,8,35,-24,173,70,True,1,,,False
197,2,9,139,8,8,1,True,1,,,False
197,2,10,116,1,1,67,True,0,,,False
197,2,11,147,-2,195,13,True,1,,,True
197,2,12,72,0,0,194,False,1,,,False
197,2,13,76,11,11,65,True,0,,,False
197,2,14,106,-22,175,111,True,1,,,False
197,2,16,47,17,17,187,True,0,,,False
197,2,17,32,24,24,105,True,1,,,False
197,2,18,156,3,3,62,True,0,,,False
197,2,19,73,2,2,168,True,1,1,1,True
197,2,20,86,18,18,144,True,1,,,False
197,2,21,170,-10,187,155,True,1,,,False
197,2,22,122,-10,187,112,True,1,,,False
197,2,23,183,-6,191,48,True,1,,,False
197,2,24,44,22,22,13,True,1,,,False
197,2,25,13,-12,185,192,True,1,,,False
197,2,26,188,22,22,8,True,3,,,False
197,2,27,101,-9,188,184,True,0,,,False
197,2,28,133,-6,191,176,True,3,,,False
197,2,29,11,-6,191,104,True,1,,,False
197,2,30,15,-11,186,87,True,0,,,False
197,2,31,97,22,22,172,True,3,,,False
197,2,32,25,-11,186,108,True,0,,,False
197,2,33,141,14,14,125,True,1,,,False
197,2,34,108,-24,173,70,True,1,,,False
197,2,35,84,-2,195,100,True,1,,,True
197,2,36,175,3,3,97,True,0,,,False
197,2,37,112,-18,179,130,True,3,,,False
197,2,38,66,-18,179,73,True,1,,,False
197,2,39,94,-8,189,126,True,1,,,False
197,2,40,79,18,18,58,True,1,,,False
197,2,41,88,2,2,22,True,3,,,True
197,2,42,131,0,0,27,False,1,,,False
197,2,43,174,25,25,111,True,0,,,False
197,2,44,75,-22,175,94,True,1,,,False
197,2,45,178,-5,192,3,True,0,,,False
197,2,46,4,5,5,18,True,0,,,False
197,2,47,90,7,7,96,True,0,,,False
197,2,48,120,0,0,180,False,1,,,False
197,2,49,140,18,18,36,True,1,,,False
197,2,50,143,-23,174,96,True,0,,,False
197,2,51,105,6,6,142,True,3,,,False
197,2,52,148,9,9,143,True,0,,,False
197,2,53,149,8,8,142,True,1,,,False
197,2,54,40,18,18,118,True,3,,,False
197,2,55,30,-16,181,4,True,1,,,False
197,2,56,43,-10,187,3,True,3,,,False
197,2,57,181,-3,194,2,True,0,,,False
197,2,58,191,3,3,161,True,0,,,False
197,2,59,50,-20,177,33,True,1,,,False
197,2,60,3,-20,177,3,True,1,,,False
197,2,61,93,1,1,172,True,0,,,False
197,2,62,136,-2,195,111,True,3,,,True
197,2,63,78,-12,185,78,True,1,,,False
197,2,64,16,-1,196,46,True,0,,,False
197,2,65,21,-10,187,13,True,1,,,False
197,2,66,184,-18,179,196,True,1,,,False
197,2,67,179,12,12,73,True,1,,,False
197,2,68,80,12,12,138,True,1,,,False
197,2,69,55,21,21,92,True,0,,,False
197,2,70,58,10,10,90,True,1,,,False
197,2,71,77,12,12,65,True,1,,,False
197,2,72,95,4,4,1,True,1,,,False
197,2,73,127,-3,194,144,True,0,,,False
197,2,74,51,15,15,28,True,0,,,False
197,2,75,125,-4,193,84,True,1,,,False
197,2,76,36,-5,192,173,True,0,,,False
197,2,77,57,6,6,134,True,1,,,False
197,2,78,68,-12,185,98,True,1,,,False
197,2,79,168,9,9,179,True,0,,,False
197,2,80,146,13,13,93,True,0,,,False
197,2,81,64,-23,174,104,True,0,,,False
197,2,82,158,2,2,160,True,3,,,True
197,2,83,102,24,24,182,True,1,,,False
197,2,84,165,-12,185,17,True,1,,,False
197,2,85,12,22,22,145,True,1,,,False
197,2,86,193,15,15,136,True,0,,,False
197,2,87,5,12,12,35,True,1,,,False
197,2,88,74,-12,185,24,True,1,,,False
197,2,89,6,21,21,43,True,0,,,False
197,2,90,142,-21,176,2,True,0,,,False
197,2,91,137,-6,191,123,True,3,,,False
197,2,92,161,-15,182,18,True,0,,,False
197,2,93,166,-8,189,4,True,1,,,False
197,2,94,9,17,17,69,True,0,,,False
197,2,95,117,6,6,5,True,1,,,False
197,2,96,10,-15,182,134,True,0,,,False
197,2,97,62,10,10,114,True,3,,,False
197,2,98,109,14,14,178,True,3,,,False
197,4,0,152,-2,195,0,True,3,0,0,True
197,4,1,173,-8,189,158,True,1,,,False
197,4,2,187,-2,195,57,True,1,,,True
197,4,3,31,-6,191,124,True,3,,,False
197,4,4,194,10,10,110,True,3,,,False
197,4,5,82,26,26,124,True,3,,,False
197,4,6,135,-26,171,180,True,1,,,False
197,4,7,100,6,6,8,True,1,,,False
197,4,8,134,24,24,127,True,1,,,False
197,4,9,121,20,20,53,True,1,,,False
197,4,10,103,-7,190,115,True,0,,,False
197,4,11,124,7,7,154,True,0,,,False
197,4,12,71,27,27,129,True,0,,,False
197,4,13,157,2,2,28,True,1,,,True
197,4,14,34,6,6,64,True,1,,,False
197,4,15,33,-12,185,184,True,1,,,False
197,4,16,118,-6,191,140,True,3,,,False
197,4,17,49,22,22,106,True,1,,,False
197,4,18,22,0,0,9,False,1,,,False
197,4,19,29,-2,195,51,True,1,,,True
197,4,20,111,-15,182,80,True,0,,,False
197,4,21,110,-5,192,148,True,0,,,False
197,4,22,160,18,18,148,True,1,,,False
197,4,23,159,-18,179,94,True,3,,,False
197,4,24,154,-18,179,21,True,1,,,False
197,4,25,61,-2,195,194,True,1,,,True
197,4,26,167,-15,182,84,True,0,,,False
197,4,27,176,13,13,28,True,0,,,False
197,4,28,18,3,3,186,True,0,,,False
197,4,29,24,8,8,159,True,1,,,False
197,4,30,107,-26,171,55,True,1,,,False
197,4,31,150,-12,185,101,True,1,,,False
197,4,32,52,23,23,63,True,0,,,False
197,4,33,113,-13,184,115,True,0,,,False
197,4,34,70,14,14,56,True,1,,,False
197,4,35,39,16,16,31,True,1,,,False
197,4,36,177,13,13,94,True,0,,,False
197,4,37,63,-10,187,114,True,1,,,False
197,4,38,89,-13,184,57,True,0,,,False
197,4,39,2,-18,179,179,True,3,,,False
197,4,40,186,-6,191,5,True,3,,,False
197,4,41,8,-21,176,125,True,0,,,False
197,4,42,114,6,6,28,True,1,,,False
197,4,43,65,-14,183,27,True,1,,,False
197,4,44,190,-12,185,193,True,1,,,False
197,4,45,163,2,2,25,True,1,,,True
197,4,46,189,-19,178,24,True,0,,,False
197,4,47,81,-14,183,168,True,1,,,False
197,4,48,20,7,7,74,True,0,,,False
197,4,49,23,18,18,112,True,1,,,False
197,4,50,172,10,10,159,True,1,,,False
197,4,51,48,-3,194,35,True,0,,,False
197,4,52,182,-8,189,126,True,1,,,False
197,4,53,26,18,18,160,True,1,,,False
197,4,54,98,-3,194,194,True,0,,,False
197,4,55,42,-6,191,19,True,1,,,False
197,4,56,155,-6,191,17,True,1,,,False
197,4,57,144,-18,179,115,True,1,,,False
197,4,58,145,-23,174,55,True,0,,,False
197,4,59,96,12,12,120,True,1,,,False
197,4,60,45,-9,188,140,True,0,,,False
197,4,61,132,12,12,91,True,1,,,False
197,4,62,67,-10,187,23,True,3,,,False
197,4,63,115,9,9,7,True,0,,,False
197,4,64,14,15,15,41,True,0,,,False
197,4,65,7,-22,175,195,True,1,,,False
197,4,66,151,-22,175,69,True,3,,,False
197,4,67,128,-14,183,36,True,3,,,False
197,4,68,99,-1,196,168,True,0,,,False
197,4,69,104,6,6,155,True,1,,,False
197,4,70,185,-2,195,108,True,3,,,True
197,4,71,38,15,15,127,True,0,,,False
197,4,72,91,11,11,194,True,0,,,False
197,4,73,56,17,17,7,True,0,,,False
197,4,74,123,19,19,107,True,0,,,False
197,4,75,195,27,27,81,True,0,,,False
197,4,76,83,-18,179,25,True,1,,,False
197,4,77,119,-18,179,107,True,3,,,False
197,4,78,153,-3,194,182,True,0,,,False
197,4,79,85,20,20,5,True,1,,,False
197,4,80,69,6,6,177,True,3,,,False
197,4,81,1,-12,185,68,True,1,,,False
197,4,82,164,16,16,117,True,1,,,False
197,4,83,196,24,24,86,True,1,,,False
197,4,84,37,-2,195,87,True,1,,,True
197,4,85,162,9,9,194,True,0,,,False
197,4,86,126,6,6,183,True,3,,,False
197,4,87,180,-3,194,43,True,0,,,False
197,4,88,169,-4,193,17,True,1,,,False
197,4,89,129,7,7,26,True,0,,,False
197,4,90,41,4,4,102,True,1,,,False
197,4,91,87,6,6,1,True,3,,,False
197,4,92,28,-16,181,196,True,1,,,False
197,4,93,192,-21,176,158,True,0,,,False
197,4,94,17,6,6,104,True,3,,,False
197,4,95,138,-12,185,135,True,1,,,False
197,4,96,53,-8,189,41,True,1,,,False
197,4,97,130,27,27,125,True,0,,,False
197,4,98,54,-8,189,6,True,1,,,False
197,8,0,152,28,28,0,True,1,0,0,True
197,8,1,51,-15,182,141,True,0,,,False
197,8,2,140,-18,179,72,True,1,,,False
197,8,3,13,12,12,10,True,1,,,False
197,8,4,109,-14,183,159,True,3,,,False
197,8,5,44,-22,175,26,True,1,,,False
197,8,6,143,23,23,5,True,0,,,False
197,8,7,127,3,3,91,True,0,,,False
197,8,8,19,18,18,130,True,3,,,False
197,8,9,125,4,4,29,True,1,,,False
197,8,10,120,0,0,163,False,1,,,False
197,8,11,188,-22,175,181,True,3,,,False
197,8,12,62,-10,187,31,True,3,,,False
197,8,13,183,6,6,96,True,1,,,False
197,8,14,105,-6,191,110,True,3,,,False
197,8,15,95,-4,193,2,True,1,,,False
197,8,16,46,18,18,144,True,1,,,False
197,8,17,36,5,5,48,True,0,,,False
197,8,18,90,-7,190,192,True,0,,,False
197,8,19,101,9,9,26,True,0,,,False
197,8,20,10,15,15,71,True,0,,,False
197,8,21,122,10,10,27,True,1,,,False
197,8,22,148,-9,188,108,True,0,,,False
197,8,23,77,-12,185,130,True,1,,,False
197,8,24,27,8,8,178,True,1,,,False
197,8,25,57,-6,191,126,True,1,,,False
197,8,26,4,-5,192,36,True,0,,,False
197,8,27,133,6,6,42,True,3,,,False
197,8,28,117,-6,191,10,True,1,,,False
197,8,29,170,10,10,113,True,1,,,False
197,8,30,149,-8,189,110,True,1,,,False
197,8,31,58,-10,187,180,True,1,,,False
197,8,32,92,-22,175,74,True,3,,,False
197,8,33,68,12,12,1,True,1,,,False
197,8,34,178,5,5,6,True,0,,,False
197,8,35,11,6,6,186,True,1,,,False
197,8,36,9,-17,180,138,True,0,,,False
197,8,37,86,-18,179,91,True,1,,,False
197,8,38,40,-18,179,158,True,3,,,False
197,8,39,55,-21,176,184,True,0,,,False
197,8,40,171,26,26,38,True,3,,,False
197,8,41,168,-9,188,36,True,0,,,False
197,8,42,75,22,22,188,True,1,,,False
197,8,43,15,11,11,23,True,0,,,False
197,8,44,166,8,8,8,True,1,,,False
197,8,45,73,-2,195,139,True,1,1,1,True
197,8,46,30,16,16,189,True,1,,,False
197,8,47,80,-12,185,79,True,1,,,False
197,8,48,59,1,1,143,True,0,,,False
197,8,49,146,-13,184,11,True,0,,,False
197,8,50,174,-25,172,25,True,0,,,False
197,8,51,97,-22,175,50,True,3,,,False
197,8,52,161,15,15,36,True,0,,,False
197,8,53,156,-3,194,124,True,0,,,False
197,8,54,43,10,10,191,True,3,,,False
197,8,55,179,-12,185,146,True,1,,,False
197,8,56,60,-15,182,135,True,0,,,False
197,8,57,64,23,23,186,True,0,,,False
197,8,58,131,0,0,54,False,1,,,False
197,8,59,25,11,11,178,True,0,,,False
197,8,60,137,6,6,49,True,3,,,False
197,8,61,32,-24,173,13,True,1,,,False
197,8,62,181,3,3,193,True,0,,,False
197,8,63,184,18,18,195,True,1,,,False
197,8,64,35,24,24,57,True,1,,,False
197,8,65,158,-2,195,74,True,3,,,True
197,8,66,88,-2,195,44,True,3,,,True
197,8,67,141,-14,183,144,True,1,,,False
197,8,68,142,21,21,4,True,0,,,False
197,8,69,47,-17,180,177,True,0,,,False
197,8,70,191,-3,194,72,True,0,,,False
197,8,71,21,10,10,26,True,1,,,False
197,8,72,139,-8,189,195,True,1,,,False
197,8,73,102,-24,173,30,True,1,,,False
197,8,74,79,-18,179,116,True,1,,,False
197,8,75,108,24,24,57,True,1,,,False
197,8,76,6,-21,176,86,True,0,,,False
197,8,78,50,20,20,131,True,1,,,False
197,8,79,16,1,1,92,True,0,,,False
197,8,80,116,-1,196,63,True,0,,,False
197,8,81,165,12,12,163,True,1,,,False
197,8,82,94,8,8,55,True,1,,,False
197,8,83,84,2,2,194,True,1,,,True
197,8,84,74,12,12,48,True,1,,,False
197,8,85,106,22,22,25,True,1,,,False
197,8,86,3,20,20,191,True,1,,,False
197,8,87,78,12,12,156,True,1,,,False
197,8,88,147,2,2,171,True,1,,,True
197,8,89,12,-22,175,104,True,1,,,False
197,8,90,66,18,18,146,True,1,,,False
197,8,91,175,-3,194,3,True,0,,,False
197,8,92,5,-12,185,70,True,1,,,False
197,8,93,76,-11,186,130,True,0,,,False
197,8,94,93,-1,196,50,True,0,,,False
197,8,95,136,2,2,25,True,3,,,True
197,8,96,72,0,0,6,False,1,,,False
197,8,97,193,-15,182,122,True,0,,,False
197,8,98,112,18,18,63,True,3,,,False
199,0,1,0,-28,171,0,True,3,0,0,True
199,0,2,0,11,11,0,True,0,0,0,True
199,0,3,0,-11,188,0,True,0,0,0,True
199,0,4,0,17,17,0,True,0,0,0,True
199,0,6,0,-17,182,0,True,0,0,0,True
199,0,11,0,28,28,0,True,3,0,0,True
199,1,0,136,0,0,197,False,1,,,False
199,1,1,101,-18,181,73,True,1,,,False
199,1,2,147,0,0,194,False,1,,,False
199,1,3,144,3,3,173,True,0,,,False
199,1,4,140,0,0,41,False,3,,,False
199,1,5,94,19,19,173,True,0,,,False
199,1,6,118,10,10,143,True,1,,,False
199,1,7,40,0,0,194,False,3,,,False
199,1,8,38,4,4,145,True,1,,,False
199,1,9,73,10,10,119,True,1,,,False
199,1,10,105,16,16,36,True,1,,,False
199,1,11,52,-9,190,126,True,0,,,False
199,1,12,30,-26,173,121,True,1,,,False
199,1,13,65,17,17,160,True,0,,,True
199,1,14,148,-14,185,137,True,1,,,False
199,1,15,162,16,16,67,True,3,,,False
199,1,16,62,-21,178,32,True,0,,,False
199,1,17,107,12,12,145,True,1,,,False
199,1,18,63,21,21,42,True,0,,,False
199,1,20,78,24,24,169,True,1,,,False
199,1,21,43,-4,195,158,True,3,,,False
199,1,22,49,-11,188,69,True,0,,,True
199,1,23,11,18,18,130,True,1,,,False
199,1,24,16,-7,192,130,True,0,,,False
199,1,25,7,13,13,189,True,0,,,False
199,1,26,112,25,25,66,True,0,,,False
199,1,27,18,25,25,60,True,0,,,False
199,1,28,58,-8,191,144,True,3,,,False
199,1,29,173,8,8,36,True,1,,,False
199,1,30,174,-20,179,195,True,1,,,False
199,1,31,19,16,16,186,True,1,,,False
199,1,32,28,-21,178,3,True,0,,,False
199,1,33,125,-12,187,115,True,3,,,False
199,1,34,142,-4,195,124,True,1,,,False
199,1,35,74,-18,181,80,True,1,,,False
199,1,36,9,-13,186,178,True,0,,,False
199,1,37,35,-17,182,114,True,0,,,True
199,1,38,21,16,16,75,True,1,,,False
199,1,39,51,11,11,17,True,0,,,True
199,1,40,187,15,15,48,True,0,,,False
199,1,41,81,-1,198,67,True,0,,,False
199,1,42,145,5,5,151,True,0,,,False
199,1,43,120,-4,195,146,True,1,,,False
199,1,44,102,-1,198,110,True,0,,,False
199,1,45,92,24,24,56,True,3,,,False
199,1,46,15,-8,191,0,True,1,,,False
199,1,47,1,-7,192,83,True,0,,,False
199,1,48,75,10,10,0,True,1,,,False
199,1,49,29,-4,195,184,True,3,,,False
199,1,50,170,4,4,5,True,1,,,False
199,1,51,165,-8,191,9,True,3,,,False
199,1,52,12,-6,193,57,True,1,,,False
199,1,53,190,-26,173,159,True,1,,,False
199,1,54,191,2,2,107,True,1,,,False
199,1,55,24,-8,191,151,True,1,,,False
199,1,56,31,-4,195,69,True,3,,,False
199,1,57,182,-3,196,144,True,0,,,False
199,1,58,169,-16,183,119,True,3,,,False
199,1,59,195,-10,189,190,True,1,,,False
199,1,60,153,4,4,21,True,1,,,False
199,1,61,110,-16,183,80,True,1,,,False
199,1,62,114,15,15,136,True,0,,,False
199,1,63,117,3,3,175,True,0,,,False
199,1,64,55,24,24,196,True,1,,,False
199,1,65,87,-20,179,73,True,1,,,False
199,1,66,163,-20,179,39,True,1,,,False
199,1,67,34,20,20,101,True,1,,,False
199,1,68,22,-8,191,169,True,1,,,False
199,1,69,84,14,14,69,True,1,,,False
199,1,70,98,0,0,109,False,3,,,False
199,1,71,130,-16,183,86,True,3,,,False
199,1,72,124,-5,194,128,True,0,,,False
199,1,73,134,2,2,101,True,1,,,False
199,1,74,53,-8,191,182,True,3,,,False
199,1,75,193,11,11,115,True,0,,,True
199,1,76,44,14,14,180,True,1,,,False
199,1,77,135,12,12,170,True,1,,,False
199,1,78,61,0,0,44,False,3,,,False
199,1,79,6,-20,179,130,True,1,,,False
199,1,80,96,6,6,146,True,1,,,False
199,1,81,188,-11,188,36,True,0,,,True
199,1,82,108,10,10,120,True,1,,,False
199,1,83,121,-7,192,181,True,0,,,False
199,1,84,2,-17,182,176,True,0,,,True
199,1,85,161,-5,194,89,True,0,,,False
199,1,86,106,15,15,14,True,0,,,False
199,1,87,42,-20,179,100,True,1,,,False
199,1,88,172,21,21,22,True,0,,,False
199,1,89,71,28,28,110,True,1,1,1,True
199,1,90,115,20,20,150,True,3,,,False
199,1,91,113,-14,185,11,True,1,,,False
199,1,92,166,26,26,102,True,1,,,False
199,1,93,93,18,18,192,True,1,,,False
199,1,94,26,-13,186,8,True,0,,,False
199,1,95,127,2,2,165,True,1,,,False
199,1,96,85,-16,183,17,True,1,,,False
199,1,97,129,14,14,111,True,1,,,False
199,1,98,23,-1,198,111,True,0,,,False
199,1,99,83,2,2,98,True,1,,,False
199,1,100,83,-2,197,98,True,1,,,False
199,1,101,23,1,1,111,True,0,,,False
199,1,102,129,-14,185,111,True,1,,,False
199,1,103,85,16,16,17,True,1,,,False
199,1,104,127,-2,197,165,True,1,,,False
199,1,105,26,13,13,8,True,0,,,False
199,1,106,93,-18,181,192,True,1,,,False
199,1,107,166,-26,173,102,True,1,,,False
199,1,108,113,14,14,11,True,1,,,False
199,1,109,115,-20,179,150,True,3,,,False
199,1,110,71,-28,171,110,True,1,1,1,True
199,1,111,172,-21,178,22,True,0,,,False
199,1,112,42,20,20,100,True,1,,,False
199,1,113,106,-15,184,14,True,0,,,False
199,1,114,161,5,5,89,True,0,,,False
199,1,115,2,17,17,176,True,0,,,True
199,1,116,121,7,7,181,True,0,,,False
199,1,117,108,-10,189,120,True,1,,,False
199,1,118,188,11,11,36,True,0,,,True
199,1,119,96,-6,193,146,True,1,,,False
199,1,120,6,20,20,130,True,1,,,False
199,1,121,61,0,0,44,False,3,,,False
199,1,122,135,-12,187,170,True,1,,,False
199,1,123,44,-14,185,180,True,1,,,False
199,1,124,193,-11,188,115,True,0,,,True
199,1,125,53,8,8,182,True,3,,,False
199,1,126,134,-2,197,101,True,1,,,False
199,1,127,124,5,5,128,True,0,,,False
199,1,128,130,16,16,86,True,3,,,False
199,1,129,98,0,0,109,False,3,,,False
199,1,130,84,-14,185,69,True,1,,,False
199,1,131,22,8,8,169,True,1,,,False
199,1,132,34,-20,179,101,True,1,,,False
199,1,133,163,20,20,39,True,1,,,False
199,1,134,87,20,20,73,True,1,,,False
199,1,135,55,-24,175,196,True,1,,,False
199,1,136,117,-3,196,175,True,0,,,False
199,1,137,114,-15,184,136,True,0,,,False
199,1,138,110,16,16,80,True,1,,,False
199,1,139,153,-4,195,21,True,1,,,False
199,1,140,195,10,10,190,True,1,,,False
199,1,141,169,16,16,119,True,3,,,False
199,1,142,182,3,3,144,True,0,,,False
199,1,143,31,4,4,69,True,3,,,False
199,1,144,24,8,8,151,True,1,,,False
199,1,145,191,-2,197,107,True,1,,,False
199,1,146,190,26,26,159,True,1,,,False
199,1,147,12,6,6,57,True,1,,,False
199,1,148,165,8,8,9,True,3,,,False
199,1,149,170,-4,195,5,True,1,,,False
199,1,150,29,4,4,184,True,3,,,False
199,1,151,75,-10,189,0,True,1,,,False
199,1,152,1,7,7,83,True,0,,,False
199,1,153,15,8,8,0,True,1,,,False
199,1,154,92,-24,175,56,True,3,,,False
199,1,155,102,1,1,110,True,0,,,False
199,1,156,120,4,4,146,True,1,,,False
199,1,157,145,-5,194,151,True,0,,,False
199,1,158,81,1,1,67,True,0,,,False
199,1,159,187,-15,184,48,True,0,,,False
199,1,160,51,-11,188,17,True,0,,,True
199,1,161,21,-16,183,75,True,1,,,False
199,1,162,35,17,17,114,True,0,,,True
199,1,163,9,13,13,178,True,0,,,False
199,1,164,74,18,18,80,True,1,,,False
199,1,165,142,4,4,124,True,1,,,False
199,1,166,125,12,12,115,True,3,,,False
199,1,167,28,21,21,3,True,0,,,False
199,1,168,19,-16,183,186,True,1,,,False
199,1,169,174,20,20,195,True,1,,,False
199,1,170,173,-8,191,36,True,1,,,False
199,1,171,58,8,8,144,True,3,,,False
199,1,172,18,-25,174,60,True,0,,,False
199,1,173,112,-25,174,66,True,0,,,False
199,1,174,7,-13,186,189,True,0,,,False
199,1,175,16,7,7,130,True,0,,,False
199,1,176,11,-18,181,130,True,1,,,False
199,1,177,49,11,11,69,True,0,,,True
199,1,178,43,4,4,158,True,3,,,False
199,1,179,78,-24,175,169,True,1,,,False
199,1,181,63,-21,178,42,True,0,,,False
199,1,182,107,-12,187,145,True,1,,,False
199,1,183,62,21,21,32,True,0,,,False
199,1,184,162,-16,183,67,True,3,,,False
199,1,185,148,14,14,137,True,1,,,False
199,1,186,65,-17,182,160,True,0,,,True
199,1,187,30,26,26,121,True,1,,,False
199,1,188,52,9,9,126,True,0,,,False
199,1,189,105,-16,183,36,True,1,,,False
199,1,190,73,-10,189,119,True,1,,,False
199,1,191,38,-4,195,145,True,1,,,False
199,1,192,40,0,0,194,False,3,,,False
199,1,193,118,-10,189,143,True,1,,,False
199,1,194,94,-19,180,173,True,0,,,False
199,1,195,140,0,0,41,False,3,,,False
199,1,196,144,-3,196,173,True,0,,,False
199,1,197,147,0,0,194,False,1,,,False
199,1,198,101,18,18,73,True,1,,,False
199,3,0,136,0,0,171,False,3,,,False
199,3,1,69,20,20,121,True,3,,,False
199,3,2,68,5,5,164,True,0,,,False
199,3,3,149,13,13,197,True,0,,,False
199,3,4,67,20,20,79,True,3,,,False
199,3,5,156,-25,174,108,True,0,,,False
199,3,6,133,11,11,47,True,0,,,True
199,3,7,198,27,27,178,True,0,,,False
199,3,8,8,0,0,118,False,1,,,False
199,3,9,86,14,14,63,True,1,,,False
199,3,10,143,19,19,84,True,0,,,False
199,3,11,154,-8,191,131,True,3,,,False
199,3,12,122,10,10,44,True,1,,,False
199,3,13,25,16,16,73,True,1,,,False
199,3,14,146,-4,195,185,True,3,,,False
199,3,15,111,-20,179,198,True,1,,,False
199,3,16,97,11,11,173,True,0,,,True
199,3,17,82,-24,175,151,True,3,,,False
199,3,18,123,-6,193,196,True,1,,,False
199,3,19,80,-4,195,24,True,1,,,False
199,3,20,157,18,18,35,True,1,,,False
199,3,21,164,-8,191,60,True,3,,,False
199,3,22,37,-7,192,121,True,0,,,False
199,3,23,91,4,4,130,True,1,,,False
199,3,24,167,-11,188,183,True,0,,,True
199,3,25,17,3,3,87,True,0,,,False
199,3,26,160,4,4,85,True,1,,,False
199,3,27,4,-10,189,113,True,1,,,False
199,3,28,131,-2,197,169,True,1,,,False
199,3,29,137,-24,175,63,True,3,,,False
199,3,30,64,0,0,167,False,1,,,False
199,3,31,88,7,7,29,True,0,,,False
199,3,32,119,-16,183,194,True,3,,,False
199,3,33,168,-1,198,57,True,0,,,False
199,3,34,183,16,16,182,True,3,,,False
199,3,35,152,-16,183,101,True,3,,,False
199,3,36,99,-8,191,134,True,3,,,False
199,3,37,132,-24,175,85,True,1,,,False
199,3,38,151,16,16,184,True,1,,,False
199,3,39,179,-7,192,109,True,0,,,False
199,3,40,178,8,8,8,True,1,,,False
199,3,41,100,10,10,118,True,1,,,False
199,3,42,184,10,10,153,True,1,,,False
199,3,43,150,-5,194,69,True,0,,,False
199,3,44,13,-20,179,173,True,1,,,False
199,3,45,116,-24,175,60,True,1,,,False
199,3,46,194,-11,188,197,True,0,,,True
199,3,47,89,-8,191,72,True,1,,,False
199,3,48,33,22,22,17,True,1,,,False
199,3,49,32,-20,179,92,True,1,,,False
199,3,50,39,-19,180,137,True,0,,,False
199,3,51,185,11,11,4,True,0,,,True
199,3,52,141,-25,174,149,True,0,,,False
199,3,53,57,22,22,180,True,1,,,False
199,3,54,10,-10,189,86,True,1,,,False
199,3,55,139,12,12,21,True,1,,,False
199,3,56,60,9,9,12,True,0,,,False
199,3,57,5,-18,181,78,True,1,,,False
199,3,58,176,5,5,75,True,0,,,False
199,3,59,138,16,16,55,True,3,,,False
199,3,60,79,2,2,4,True,1,,,False
199,3,61,104,-14,185,136,True,1,,,False
199,3,62,20,-10,189,27,True,1,,,False
199,3,63,36,-4,195,44,True,1,,,False
199,3,64,177,-14,185,32,True,1,,,False
199,3,65,186,-8,191,175,True,3,,,False
199,3,66,14,-8,191,130,True,1,,,False
199,3,67,3,-8,191,176,True,3,,,False
199,3,68,77,-17,182,74,True,0,,,True
199,3,69,41,-7,192,123,True,0,,,False
199,3,70,54,7,7,1,True,0,,,False
199,3,71,76,16,16,87,True,3,,,False
199,3,72,181,-3,196,179,True,0,,,False
199,3,73,66,2,2,169,True,1,,,False
199,3,74,46,22,22,27,True,1,,,False
199,3,75,27,-9,190,38,True,0,,,False
199,3,76,171,24,24,109,True,3,,,False
199,3,77,109,-9,190,131,True,0,,,False
199,3,78,180,4,4,178,True,1,,,False
199,3,79,70,-4,195,66,True,1,,,False
199,3,80,192,-23,176,80,True,0,,,False
199,3,81,126,-22,177,40,True,1,,,False
199,3,82,59,15,15,46,True,0,,,False
199,3,83,103,-6,193,12,True,1,,,False
199,3,84,56,14,14,33,True,1,,,False
199,3,85,189,-25,174,89,True,0,,,False
199,3,86,90,0,0,113,False,1,,,False
199,3,87,158,-2,197,189,True,1,,,False
199,3,88,50,16,16,156,True,1,,,False
199,3,89,47,2,2,88,True,1,,,False
199,3,90,48,-23,176,172,True,0,,,False
199,3,91,197,-19,180,108,True,0,,,False
199,3,92,175,-2,197,152,True,1,,,False
199,3,93,72,-8,191,111,True,1,,,False
199,3,94,196,-26,173,72,True,1,,,False
199,3,95,45,10,10,105,True,1,,,False
199,3,96,159,-15,184,35,True,0,,,False
199,3,97,155,14,14,37,True,1,,,False
199,3,98,95,-7,192,125,True,0,,,False
199,3,99,128,-4,195,116,True,1,,,False
199,3,100,128,4,4,116,True,1,,,False
199,3,101,95,7,7,125,True,0,,,False
199,3,102,155,-14,185,37,True,1,,,False
199,3,103,159,15,15,35,True,0,,,False
199,3,104,45,-10,189,105,True,1,,,False
199,3,105,196,26,26,72,True,1,,,False
199,3,106,72,8,8,111,True,1,,,False
199,3,107,175,2,2,152,True,1,,,False
199,3,108,197,19,19,108,True,0,,,False
199,3,109,48,23,23,172,True,0,,,False
199,3,110,47,-2,197,88,True,1,,,False
199,3,111,50,-16,183,156,True,1,,,False
199,3,112,158,2,2,189,True,1,,,False
199,3,113,90,0,0,113,False,1,,,False
199,3,114,189,25,25,89,True,0,,,False
199,3,115,56,-14,185,33,True,1,,,False
199,3,116,103,6,6,12,True,1,,,False
199,3,117,59,-15,184,46,True,0,,,False
199,3,118,126,22,22,40,True,1,,,False
199,3,119,192,23,23,80,True,0,,,False
199,3,120,70,4,4,66,True,1,,,False
199,3,121,180,-4,195,178,True,1,,,False
199,3,122,109,9,9,131,True,0,,,False
199,3,123,171,-24,175,109,True,3,,,False
199,3,124,27,9,9,38,True,0,,,False
199,3,125,46,-22,177,27,True,1,,,False
199,3,126,66,-2,197,169,True,1,,,False
199,3,127,181,3,3,179,True,0,,,False
199,3,128,76,-16,183,87,True,3,,,False
199,3,129,54,-7,192,1,True,0,,,False
199,3,130,41,7,7,123,True,0,,,False
199,3,131,77,17,17,74,True,0,,,True
199,3,132,3,8,8,176,True,3,,,False
199,3,133,14,8,8,130,True,1,,,False
199,3,134,186,8,8,175,True,3,,,False
199,3,135,177,14,14,32,True,1,,,False
199,3,136,36,4,4,44,True,1,,,False
199,3,137,20,10,10,27,True,1,,,False
199,3,138,104,14,14,136,True,1,,,False
199,3,139,79,-2,197,4,True,1,,,False
199,3,140,138,-16,183,55,True,3,,,False
199,3,141,176,-5,194,75,True,0,,,False
199,3,142,5,18,18,78,True,1,,,False
199,3,143,60,-9,190,12,True,0,,,False
199,3,144,139,-12,187,21,True,1,,,False
199,3,145,10,10,10,86,True,1,,,False
199,3,146,57,-22,177,180,True,1,,,False
199,3,147,141,25,25,149,True,0,,,False
199,3,148,185,-11,188,4,True,0,,,True
199,3,149,39,19,19,137,True,0,,,False
199,3,150,32,20,20,92,True,1,,,False
199,3,151,33,-22,177,17,True,1,,,False
199,3,152,89,8,8,72,True,1,,,False
199,3,153,194,11,11,197,True,0,,,True
199,3,154,116,24,24,60,True,1,,,False
199,3,155,13,20,20,173,True,1,,,False
199,3,156,150,5,5,69,True,0,,,False
199,3,157,184,-10,189,153,True,1,,,False
199,3,158,100,-10,189,118,True,1,,,False
199,3,159,178,-8,191,8,True,1,,,False
199,3,160,179,7,7,109,True,0,,,False
199,3,161,151,-16,183,184,True,1,,,False
199,3,162,132,24,24,85,True,1,,,False
199,3,163,99,8,8,134,True,3,,,False
199,3,164,152,16,16,101,True,3,,,False
199,3,165,183,-16,183,182,True,3,,,False
199,3,166,168,1,1,57,True,0,,,False
199,3,167,119,16,16,194,True,3,,,False
199,3,168,88,-7,192,29,True,0,,,False
199,3,169,64,0,0,167,False,1,,,False
199,3,170,137,24,24,63,True,3,,,False
199,3,171,131,2,2,169,True,1,,,False
199,3,172,4,10,10,113,True,1,,,False
199,3,173,160,-4,195,85,True,1,,,False
199,3,174,17,-3,196,87,True,0,,,False
199,3,175,167,11,11,183,True,0,,,True
199,3,176,91,-4,195,130,True,1,,,False
199,3,177,37,7,7,121,True,0,,,False
199,3,178,164,8,8,60,True,3,,,False
199,3,179,157,-18,181,35,True,1,,,False
199,3,180,80,4,4,24,True,1,,,False
199,3,181,123,6,6,196,True,1,,,False
199,3,182,82,24,24,151,True,3,,,False
199,3,183,97,-11,188,173,True,0,,,True
199,3,184,111,20,20,198,True,1,,,False
199,3,185,146,4,4,185,True,3,,,False
199,3,186,25,-16,183,73,True,1,,,False
199,3,187,122,-10,189,44,True,1,,,False
199,3,188,154,8,8,131,True,3,,,False
199,3,189,143,-19,180,84,True,0,,,False
199,3,190,86,-14,185,63,True,1,,,False
199,3,191,8,0,0,118,False,1,,,False
199,3,192,198,-27,172,178,True,0,,,False
199,3,193,133,-11,188,47,True,0,,,True
199,3,194,156,25,25,108,True,0,,,False
199,3,195,67,-20,179,79,True,3,,,False
199,3,196,149,-13,186,197,True,0,,,False
199,3,197,68,-5,194,164,True,0,,,False
199,3,198,69,-20,179,121,True,3,,,False
211,0,1,0,-16,195,0,True,3,0,0,True
211,0,2,0,13,13,0,True,0,0,0,True
211,0,4,0,29,29,0,True,0,0,0,True
211,0,8,0,16,16,0,True,3,0,0,True
211,0,16,0,-13,198,0,True,0,0,0,True
211,0,29,0,-29,182,0,True,0,0,0,True
211,1,0,40,0,0,76,False,1,,,False
211,1,1,46,-11,200,191,True,0,,,False
211,1,2,122,12,12,23,True,3,,,False
211,1,3,192,-16,195,171,True,1,,,True
211,1,4,132,-14,197,52,True,1,,,False
211,1,5,31,20,20,12,True,1,,,False
211,1,6,14,20,20,72,True,3,,,False
211,1,7,13,5,5,156,True,0,,,False
211,1,8,42,-18,193,82,True,1,,,False
211,1,9,15,2,2,161,True,1,,,False
211,1,10,50,-8,203,90,True,1,,,False
211,1,11,109,12,12,182,True,3,,,False
211,1,12,87,13,13,53,True,0,,,True
211,1,13,26,10,10,61,True,1,,,False
211,1,14,88,-12,199,194,True,1,,,False
211,1,15,207,-2,209,203,True,1,,,False
211,1,16,37,8,8,144,True,3,,,False
211,1,18,152,-10,201,127,True,1,,,False
211,1,19,27,-12,199,97,True,1,,,False
211,1,20,200,4,4,1,True,1,,,False
211,1,21,35,20,20,60,True,1,,,False
211,1,22,195,-16,195,29,True,1,1,1,True
211,1,23,198,0,0,196,False,1,,,False
211,1,24,70,13,13,26,True,0,,,True
211,1,25,51,23,23,63,True,0,,,False
211,1,26,59,1,1,42,True,0,,,False
211,1,27,108,26,26,185,True,1,,,False
211,1,28,96,-23,188,84,True,0,,,False
211,1,29,187,16,16,49,True,1,,,True
211,1,30,161,-8,203,23,True,3,,,False
211,1,31,131,26,26,169,True,1,,,False
211,1,32,168,-20,191,155,True,1,,,False
211,1,33,186,12,12,11,True,1,,,False
211,1,34,57,2,2,125,True,1,,,False
211,1,35,67,-6,205,72,True,1,,,False
211,1,36,65,-12,199,80,True,3,,,False
211,1,37,44,1,1,130,True,0,,,False
211,1,38,11,9,9,89,True,0,,,False
211,1,39,129,22,22,210,True,1,,,False
211,1,40,1,12,12,130,True,3,,,False
211,1,41,136,-7,204,113,True,0,,,False
211,1,42,83,17,17,183,True,0,,,False
211,1,43,209,-23,188,129,True,0,,,False
211,1,44,143,3,3,120,True,0,,,False
211,1,45,146,-6,205,148,True,1,,,False
211,1,46,184,3,3,155,True,0,,,False
211,1,47,183,3,3,105,True,0,,,False
211,1,48,155,-2,209,85,True,1,,,False
211,1,49,128,-22,189,60,True,1,,,False
211,1,50,201,-20,191,97,True,3,,,False
211,1,51,206,-6,205,73,True,1,,,False
211,1,52,97,24,24,161,True,1,,,False
211,1,53,49,-5,206,82,True,0,,,False
211,1,54,56,1,1,122,True,0,,,False
211,1,55,84,23,23,44,True,0,,,False
211,1,56,181,14,14,71,True,1,,,False
211,1,57,113,27,27,84,True,0,,,False
211,1,58,105,20,20,22,True,3,,,False
211,1,59,72,-22,189,109,True,1,,,False
211,1,60,48,-20,191,189,True,1,,,False
211,1,61,95,-4,207,65,True,3,,,False
211,1,62,203,-3,208,162,True,0,,,False
211,1,63,123,-15,196,29,True,0,,,False
211,1,64,5,-9,202,109,True,0,,,False
211,1,65,115,-24,187,109,True,1,,,False
211,1,66,99,1,1,158,True,0,,,False
211,1,67,156,-18,193,27,True,1,,,False
211,1,68,138,20,20,145,True,1,,,False
211,1,69,68,-18,193,73,True,1,,,False
211,1,70,53,-5,206,93,True,0,,,False
211,1,71,10,14,14,48,True,1,,,False
211,1,72,197,-4,207,110,True,1,,,False
211,1,73,130,-10,201,132,True,1,,,False
211,1,74,93,-13,198,2,True,0,,,True
211,1,75,63,6,6,46,True,1,,,False
211,1,76,45,-4,207,73,True,3,,,False
211,1,77,188,-4,207,80,True,3,,,False
211,1,78,205,-10,201,84,True,1,,,False
211,1,79,25,13,13,145,True,0,,,True
211,1,80,179,19,19,67,True,0,,,False
211,1,81,112,-8,203,7,True,1,,,False
211,1,82,121,-21,190,108,True,0,,,False
211,1,83,176,5,5,123,True,0,,,False
211,1,84,3,-2,209,168,True,1,,,False
211,1,85,139,-28,183,108,True,3,,,False
211,1,86,119,-13,198,149,True,0,,,True
211,1,87,90,-12,199,180,True,1,,,False
211,1,88,76,27,27,204,True,0,,,False
211,1,89,54,-20,191,17,True,3,,,False
211,1,90,64,5,5,105,True,0,,,False
211,1,91,120,20,20,68,True,3,,,False
211,1,92,175,-4,207,15,True,1,,,False
211,1,93,39,-10,201,62,True,1,,,False
211,1,94,30,-11,200,135,True,0,,,False
211,1,95,75,-8,203,58,True,1,,,False
211,1,96,163,-1,210,90,True,0,,,False
211,1,97,194,7,7,153,True,0,,,False
211,1,98,158,-4,207,123,True,1,,,False
211,1,99,164,22,22,75,True,1,,,False
211,1,100,9,20,20,117,True,3,,,False
211,1,101,202,-10,201,181,True,1,,,False
211,1,102,29,10,10,195,True,1,,,False
211,1,103,142,-20,191,148,True,1,,,False
211,1,104,154,-16,195,113,True,3,,,True
211,1,105,167,-22,189,192,True,1,,,False
211,1,106,167,22,22,192,True,1,,,False
211,1,107,154,16,16,113,True,3,,,True
211,1,108,142,20,20,148,True,1,,,False
211,1,109,29,-10,201,195,True,1,,,False
211,1,110,202,10,10,181,True,1,,,False
211,1,111,9,-20,191,117,True,3,,,False
211,1,112,164,-22,189,75,True,1,,,False
211,1,113,158,4,4,123,True,1,,,False
211,1,114,194,-7,204,153,True,0,,,False
211,1,115,163,1,1,90,True,0,,,False
211,1,116,75,8,8,58,True,1,,,False
211,1,117,30,11,11,135,True,0,,,False
211,1,118,39,10,10,62,True,1,,,False
211,1,119,175,4,4,15,True,1,,,False
211,1,120,120,-20,191,68,True,3,,,False
211,1,121,64,-5,206,105,True,0,,,False
211,1,122,54,20,20,17,True,3,,,False
211,1,123,76,-27,184,204,True,0,,,False
211,1,124,90,12,12,180,True,1,,,False
211,1,125,119,13,13,149,True,0,,,True
211,1,126,139,28,28,108,True,3,,,False
211,1,127,3,2,2,168,True,1,,,False
211,1,128,176,-5,206,123,True,0,,,False
211,1,129,121,21,21,108,True,0,,,False
211,1,130,112,8,8,7,True,1,,,False
211,1,131,179,-19,192,67,True,0,,,False
211,1,132,25,-13,198,145,True,0,,,True
211,1,133,205,10,10,84,True,1,,,False
211,1,134,188,4,4,80,True,3,,,False
211,1,135,45,4,4,73,True,3,,,False
211,1,136,63,-6,205,46,True,1,,,False
211,1,137,93,13,13,2,True,0,,,True
211,1,138,130,10,10,132,True,1,,,False
211,1,139,197,4,4,110,True,1,,,False
211,1,140,10,-14,197,48,True,1,,,False
211,1,141,53,5,5,93,True,0,,,False
211,1,142,68,18,18,73,True,1,,,False
211,1,143,138,-20,191,145,True,1,,,False
211,1,144,156,18,18,27,True,1,,,False
211,1,145,99,-1,210,158,True,0,,,False
211,1,146,115,24,24,109,True,1,,,False
211,1,147,5,9,9,109,True,0,,,False
211,1,148,123,15,15,29,True,0,,,False
211,1,149,203,3,3,162,True,0,,,False
211,1,150,95,4,4,65,True,3,,,False
211,1,151,48,20,20,189,True,1,,,False
211,1,152,72,22,22,109,True,1,,,False
211,1,153,105,-20,191,22,True,3,,,False
211,1,154,113,-27,184,84,True,0,,,False
211,1,155,181,-14,197,71,True,1,,,False
211,1,156,84,-23,188,44,True,0,,,False
211,1,157,56,-1,210,122,True,0,,,False
211,1,158,49,5,5,82,True,0,,,False
211,1,159,97,-24,187,161,True,1,,,False
211,1,160,206,6,6,73,True,1,,,False
211,1,161,201,20,20,97,True,3,,,False
211,1,162,128,22,22,60,True,1,,,False
211,1,163,155,2,2,85,True,1,,,False
211,1,164,183,-3,208,105,True,0,,,False
211,1,165,184,-3,208,155,True,0,,,False
211,1,166,146,6,6,148,True,1,,,False
211,1,167,143,-3,208,120,True,0,,,False
211,1,168,209,23,23,129,True,0,,,False
211,1,169,83,-17,194,183,True,0,,,False
211,1,170,136,7,7,113,True,0,,,False
211,1,171,1,-12,199,130,True,3,,,False
211,1,172,129,-22,189,210,True,1,,,False
211,1,173,11,-9,202,89,True,0,,,False
211,1,174,44,-1,210,130,True,0,,,False
211,1,175,65,12,12,80,True,3,,,False
211,1,176,67,6,6,72,True,1,,,False
211,1,177,57,-2,209,125,True,1,,,False
211,1,178,186,-12,199,11,True,1,,,False
211,1,179,168,20,20,155,True,1,,,False
211,1,180,131,-26,185,169,True,1,,,False
211,1,181,161,8,8,23,True,3,,,False
211,1,182,187,-16,195,49,True,1,,,True
211,1,183,96,23,23,84,True,0,,,False
211,1,184,108,-26,185,185,True,1,,,False
211,1,185,59,-1,210,42,True,0,,,False
211,1,186,51,-23,188,63,True,0,,,False
211,1,187,70,-13,198,26,True,0,,,True
211,1,188,198,0,0,196,False,1,,,False
211,1,189,195,16,16,29,True,1,1,1,True
211,1,190,35,-20,191,60,True,1,,,False
211,1,191,200,-4,207,1,True,1,,,False
211,1,192,27,12,12,97,True,1,,,False
211,1,193,152,10,10,127,True,1,,,False
211,1,195,37,-8,203,144,True,3,,,False
211,1,196,207,2,2,203,True,1,,,False
211,1,197,88,12,12,194,True,1,,,False
211,1,198,26,-10,201,61,True,1,,,False
211,1,199,87,-13,198,53,True,0,,,True
211,1,200,109,-12,199,182,True,3,,,False
211,1,201,50,8,8,90,True,1,,,False
211,1,202,15,-2,209,161,True,1,,,False
211,1,203,42,18,18,82,True,1,,,False
211,1,204,13,-5,206,156,True,0,,,False
211,1,205,14,-20,191,72,True,3,,,False
211,1,206,31,-20,191,12,True,1,,,False
211,1,207,132,14,14,52,True,1,,,False
211,1,208,192,16,16,171,True,1,,,True
211,1,209,122,-12,199,23,True,3,,,False
211,1,210,46,11,11,191,True,0,,,False
211,2,0,40,0,0,106,False,3,,,False
211,2,1,36,8,8,66,True,1,,,False
211,2,2,190,-19,192,166,True,0,,,False
211,2,3,20,8,8,74,True,1,,,False
211,2,4,141,-5,206,12,True,0,,,False
211,2,5,23,-3,208,40,True,0,,,False
211,2,6,8,4,4,124,True,3,,,False
211,2,7,159,5,5,62,True,0,,,False
211,2,8,135,-3,208,110,True,0,,,False
211,2,9,4,22,22,194,True,1,,,False
211,2,10,133,13,13,21,True,0,,,True
211,2,11,19,8,8,123,True,1,,,False
211,2,12,52,8,8,152,True,1,,,False
211,2,13,85,5,5,194,True,0,,,False
211,2,14,151,12,12,186,True,1,,,False
211,2,15,34,-22,189,187,True,1,,,False
211,2,16,77,17,17,33,True,0,,,False
211,2,17,106,-8,203,98,True,3,,,False
211,2,18,41,5,5,51,True,0,,,False
211,2,19,58,-4,207,193,True,1,,,False
211,2,20,21,-10,201,7,True,1,,,False
211,2,21,43,14,14,33,True,1,,,False
211,2,22,118,-8,203,58,True,3,,,False
211,2,23,185,-8,203,156,True,1,,,False
211,2,24,98,15,15,187,True,0,,,False
211,2,25,149,4,4,125,True,3,,,False
211,2,26,153,-15,196,3,True,0,,,False
211,2,27,124,9,9,139,True,0,,,False
211,2,28,55,12,12,23,True,1,,,False
211,2,29,60,12,12,169,True,3,,,False
211,2,30,38,-25,186,98,True,0,,,False
211,2,31,33,-19,192,30,True,0,,,False
211,2,32,22,19,19,59,True,0,,,False
211,2,33,28,0,0,110,False,3,,,False
211,2,34,80,-8,203,61,True,1,,,False
211,2,35,147,12,12,134,True,3,,,False
211,2,36,204,-16,195,152,True,1,,,True
211,2,37,169,-14,197,204,True,1,,,False
211,2,38,196,-4,207,50,True,1,,,False
211,2,39,174,1,1,145,True,0,,,False
211,2,40,137,10,10,102,True,1,,,False
211,2,41,180,16,16,79,True,1,,,True
211,2,42,178,-10,201,181,True,1,,,False
211,2,43,89,9,9,37,True,0,,,False
211,2,44,17,11,11,184,True,0,,,False
211,2,45,73,4,4,105,True,1,,,False
211,2,46,24,-22,189,196,True,1,,,False
211,2,47,144,-4,207,149,True,1,,,False
211,2,48,166,23,23,82,True,0,,,False
211,2,49,170,-20,191,200,True,1,,,False
211,2,50,177,25,25,49,True,0,,,False
211,2,51,102,15,15,177,True,0,,,False
211,2,52,199,12,12,189,True,1,,,False
211,2,53,47,-2,209,61,True,1,,,False
211,2,54,104,-4,207,32,True,3,,,False
211,2,55,110,5,5,28,True,0,,,False
211,2,56,193,-14,197,210,True,1,,,False
211,2,57,140,23,23,200,True,0,,,False
211,2,58,91,-25,186,114,True,0,,,False
211,2,59,92,-13,198,65,True,0,,,True
211,2,60,189,14,14,124,True,1,,,False
211,2,61,94,-4,207,128,True,3,,,False
211,2,62,160,17,17,209,True,0,,,False
211,2,63,2,28,28,57,True,3,,,False
211,2,64,162,16,16,151,True,3,,,True
211,2,65,86,-24,187,121,True,3,,,False
211,2,66,148,0,0,134,False,1,,,False
211,2,67,103,4,4,74,True,1,,,False
211,2,68,171,22,22,34,True,1,,,False
211,2,69,16,28,28,111,True,1,,,False
211,2,70,127,-25,186,58,True,0,,,False
211,2,71,125,6,6,173,True,1,,,False
211,2,72,150,-10,201,6,True,1,,,False
211,2,73,66,8,8,166,True,1,,,False
211,2,74,62,-2,209,187,True,1,,,False
211,2,75,145,17,17,124,True,0,,,False
211,2,76,100,-26,185,131,True,1,,,False
211,2,77,12,21,21,110,True,0,,,False
211,2,78,116,-4,207,174,True,3,,,False
211,2,79,101,-22,189,46,True,1,,,False
211,2,80,74,-7,204,91,True,0,,,False
211,2,81,107,18,18,135,True,1,,,False
211,2,82,81,-14,197,4,True,1,,,False
211,2,83,173,8,8,127,True,1,,,False
211,2,84,78,-28,183,100,True,1,,,False
211,2,85,6,-14,197,115,True,1,,,False
211,2,86,18,15,15,133,True,0,,,False
211,2,87,191,-20,191,175,True,3,,,False
211,2,88,134,-16,195,27,True,1,,,True
211,2,89,111,11,11,198,True,0,,,False
211,2,90,208,-10,201,171,True,1,,,False
211,2,91,82,0,0,78,False,1,,,False
211,2,92,126,16,16,131,True,1,,,True
211,2,93,172,20,20,116,True,1,,,False
211,2,94,165,20,20,110,True,3,,,False
211,2,95,7,13,13,179,True,0,,,True
211,2,96,69,26,26,133,True,1,,,False
211,2,97,157,-4,207,88,True,3,,,False
211,2,98,71,-24,187,83,True,1,,,False
211,2,99,182,-2,209,87,True,1,,,False
211,2,100,114,0,0,184,False,1,,,False
211,2,101,61,-7,204,132,True,0,,,False
211,2,102,79,6,6,159,True,1,,,False
211,2,103,117,8,8,120,True,1,,,False
211,2,104,32,13,13,24,True,0,,,True
211,2,105,210,12,12,76,True,3,,,False
211,2,106,210,-12,199,76,True,3,,,False
211,2,107,32,-13,198,24,True,0,,,True
211,2,108,117,-8,203,120,True,1,,,False
211,2,109,79,-6,205,159,True,1,,,False
211,2,110,61,7,7,132,True,0,,,False
211,2,111,114,0,0,184,False,1,,,False
211,2,112,182,2,2,87,True,1,,,False
211,2,113,71,24,24,83,True,1,,,False
211,2,114,157,4,4,88,True,3,,,False
211,2,115,69,-26,185,133,True,1,,,False
211,2,116,7,-13,198,179,True,0,,,True
211,2,117,165,-20,191,110,True,3,,,False
211,2,118,172,-20,191,116,True,1,,,False
211,2,119,126,-16,195,131,True,1,,,True
211,2,120,82,0,0,78,False,1,,,False
211,2,121,208,10,10,171,True,1,,,False
211,2,122,111,-11,200,198,True,0,,,False
211,2,123,134,16,16,27,True,1,,,True
211,2,124,191,20,20,175,True,3,,,False
211,2,125,18,-15,196,133,True,0,,,False
211,2,126,6,14,14,115,True,1,,,False
211,2,127,78,28,28,100,True,1,,,False
211,2,128,173,-8,203,127,True,1,,,False
211,2,129,81,14,14,4,True,1,,,False
211,2,130,107,-18,193,135,True,1,,,False
211,2,131,74,7,7,91,True,0,,,False
211,2,132,101,22,22,46,True,1,,,False
211,2,133,116,4,4,174,True,3,,,False
211,2,134,12,-21,190,110,True,0,,,False
211,2,135,100,26,26,131,True,1,,,False
211,2,136,145,-17,194,124,True,0,,,False
211,2,137,62,2,2,187,True,1,,,False
211,2,138,66,-8,203,166,True,1,,,False
211,2,139,150,10,10,6,True,1,,,False
211,2,140,125,-6,205,173,True,1,,,False
211,2,141,127,25,25,58,True,0,,,False
211,2,142,16,-28,183,111,True,1,,,False
211,2,143,171,-22,189,34,True,1,,,False
211,2,144,103,-4,207,74,True,1,,,False
211,2,145,148,0,0,134,False,1,,,False
211,2,146,86,24,24,121,True,3,,,False
211,2,147,162,-16,195,151,True,3,,,True
211,2,148,2,-28,183,57,True,3,,,False
211,2,149,160,-17,194,209,True,0,,,False
211,2,150,94,4,4,128,True,3,,,False
211,2,151,189,-14,197,124,True,1,,,False
211,2,152,92,13,13,65,True,0,,,True
211,2,153,91,25,25,114,True,0,,,False
211,2,154,140,-23,188,200,True,0,,,False
211,2,155,193,14,14,210,True,1,,,False
211,2,156,110,-5,206,28,True,0,,,False
211,2,157,104,4,4,32,True,3,,,False
211,2,158,47,2,2,61,True,1,,,False
211,2,159,199,-12,199,189,True,1,,,False
211,2,160,102,-15,196,177,True,0,,,False
211,2,161,177,-25,186,49,True,0,,,False
211,2,162,170,20,20,200,True,1,,,False
211,2,163,166,-23,188,82,True,0,,,False
211,2,164,144,4,4,149,True,1,,,False
211,2,165,24,22,22,196,True,1,,,False
211,2,166,73,-4,207,105,True,1,,,False
211,2,167,17,-11,200,184,True,0,,,False
211,2,168,89,-9,202,37,True,0,,,False
211,2,169,178,10,10,181,True,1,,,False
211,2,170,180,-16,195,79,True,1,,,True
211,2,171,137,-10,201,102,True,1,,,False
211,2,172,174,-1,210,145,True,0,,,False
211,2,173,196,4,4,50,True,1,,,False
211,2,174,169,14,14,204,True,1,,,False
211,2,175,204,16,16,152,True,1,,,True
211,2,176,147,-12,199,134,True,3,,,False
211,2,177,80,8,8,61,True,1,,,False
211,2,178,28,0,0,110,False,3,,,False
211,2,179,22,-19,192,59,True,0,,,False
211,2,180,33,19,19,30,True,0,,,False
211,2,181,38,25,25,98,True,0,,,False
211,2,182,60,-12,199,169,True,3,,,False
211,2,183,55,-12,199,23,True,1,,,False
211,2,184,124,-9,202,139,True,0,,,False
211,2,185,153,15,15,3,True,0,,,False
211,2,186,149,-4,207,125,True,3,,,False
211,2,187,98,-15,196,187,True,0,,,False
211,2,188,185,8,8,156,True,1,,,False
211,2,189,118,8,8,58,True,3,,,False
211,2,190,43,-14,197,33,True,1,,,False
211,2,191,21,10,10,7,True,1,,,False
211,2,192,58,4,4,193,True,1,,,False
211,2,193,41,-5,206,51,True,0,,,False
211,2,194,106,8,8,98,True,3,,,False
211,2,195,77,-17,194,33,True,0,,,False
211,2,196,34,22,22,187,True,1,,,False
211,2,197,151,-12,199,186,True,1,,,False
211,2,198,85,-5,206,194,True,0,,,False
211,2,199,52,-8,203,152,True,1,,,False
211,2,200,19,-8,203,123,True,1,,,False
211,2,201,133,-13,198,21,True,0,,,True
211,2,202,4,-22,189,194,True,1,,,False
211,2,203,135,3,3,110,True,0,,,False
211,2,204,159,-5,206,62,True,0,,,False
211,2,205,8,-4,207,124,True,3,,,False
211,2,206,23,3,3,40,True,0,,,False
211,2,207,141,5,5,12,True,0,,,False
211,2,208,20,-8,203,74,True,1,,,False
211,2,209,190,19,19,166,True,0,,,False
211,2,210,36,-8,203,66,True,1,,,False
223,0,1,0,-28,195,0,True,3,0,0,True
223,0,3,0,-23,200,0,True,0,0,0,True
223,0,5,0,-5,218,0,True,0,0,0,True
223,0,9,0,5,5,0,True,0,0,0,True
223,0,13,0,28,28,0,True,3,0,0,True
223,0,19,0,23,23,0,True,0,0,0,True
223,1,0,167,0,0,31,False,1,,,False
223,1,1,187,-20,203,173,True,1,,,False
223,1,2,221,0,0,143,False,1,,,False
223,1,3,65,20,20,30,True,3,,,False
223,1,4,67,-2,221,15,True,1,,,False
223,1,5,156,5,5,134,True,0,,,True
223,1,6,146,19,19,198,True,0,,,False
223,1,7,142,-2,221,113,True,1,,,False
223,1,8,193,0,0,9,False,1,,,False
223,1,9,183,-1,222,49,True,0,,,False
223,1,10,215,6,6,152,True,1,,,False
223,1,11,220,-11,212,15,True,0,,,False
223,1,12,170,10,10,64,True,1,,,False
223,1,13,25,-1,222,32,True,0,,,False
223,1,14,4,9,9,153,True,0,,,False
223,1,15,173,14,14,58,True,1,,,False
223,1,16,74,11,11,54,True,0,,,False
223,1,17,111,18,18,127,True,1,,,False
223,1,18,150,4,4,116,True,1,,,False
223,1,19,117,-14,209,50,True,1,,,False
223,1,20,194,16,16,66,True,1,,,False
223,1,21,143,-1,222,70,True,0,,,False
223,1,22,21,10,10,55,True,1,,,False
223,1,23,104,-8,215,44,True,1,,,False
223,1,24,95,24,24,18,True,1,,,False
223,1,25,181,25,25,175,True,0,,,False
223,1,26,171,-21,202,46,True,0,,,False
223,1,27,46,14,14,159,True,1,,,False
223,1,28,103,-8,215,173,True,1,,,False
223,1,29,51,-10,213,33,True,1,,,False
223,1,30,149,16,16,28,True,1,,,False
223,1,31,180,4,4,131,True,1,,,False
223,1,33,100,-5,218,222,True,0,,,True
223,1,34,56,-24,199,175,True,3,,,False
223,1,35,110,4,4,81,True,3,,,False
223,1,36,119,15,15,145,True,0,,,False
223,1,37,35,-8,215,199,True,1,,,False
223,1,38,196,15,15,37,True,0,,,False
223,1,39,40,22,22,149,True,1,,,False
223,1,40,50,4,4,119,True,3,,,False
223,1,41,53,-23,200,123,True,0,,,True
223,1,42,57,-22,201,51,True,1,,,False
223,1,43,116,17,17,123,True,0,,,False
223,1,44,102,20,20,152,True,1,,,False
223,1,45,76,16,16,125,True,3,,,False
223,1,46,144,-16,207,89,True,3,,,False
223,1,47,61,4,4,91,True,1,,,False
223,1,48,134,-10,213,196,True,1,,,False
223,1,49,18,-11,212,49,True,0,,,False
223,1,50,199,5,5,26,True,0,,,True
223,1,51,16,27,27,193,True,0,,,False
223,1,52,49,0,0,112,False,3,,,False
223,1,53,33,12,12,21,True,3,,,False
223,1,54,118,-18,205,221,True,1,,,False
223,1,55,106,16,16,99,True,3,,,False
223,1,56,115,15,15,192,True,0,,,False
223,1,57,38,13,13,5,True,0,,,False
223,1,58,201,19,19,28,True,0,,,False
223,1,59,64,-21,202,105,True,0,,,False
223,1,60,158,2,2,9,True,1,,,False
223,1,61,129,4,4,32,True,1,,,False
223,1,62,200,7,7,220,True,0,,,False
223,1,63,151,-14,209,125,True,1,,,False
223,1,64,93,-2,221,127,True,1,,,False
223,1,65,23,22,22,221,True,1,,,False
223,1,66,169,-17,206,207,True,0,,,False
223,1,67,17,8,8,196,True,3,,,False
223,1,68,8,8,8,130,True,3,,,False
223,1,69,210,0,0,74,False,3,,,False
223,1,70,24,-16,207,41,True,1,,,False
223,1,71,11,-26,197,163,True,1,,,False
223,1,72,127,-8,215,203,True,3,,,False
223,1,73,30,-3,220,64,True,0,,,False
223,1,74,191,6,6,59,True,1,,,False
223,1,75,209,-10,213,201,True,1,,,False
223,1,76,175,-19,204,46,True,0,,,False
223,1,77,190,24,24,88,True,1,,,False
223,1,78,48,-2,221,64,True,1,,,False
223,1,79,84,16,16,110,True,1,,,False
223,1,80,85,14,14,43,True,1,,,False
223,1,81,5,-20,203,87,True,1,,,False
223,1,82,52,12,12,20,True,1,,,False
223,1,83,107,-28,195,33,True,1,,,True
223,1,84,3,-26,197,160,True,1,,,False
223,1,85,160,-28,195,11,True,1,,,True
223,1,86,2,-24,199,61,True,3,,,False
223,1,87,9,-1,222,162,True,0,,,False
223,1,88,68,15,15,156,True,0,,,False
223,1,89,207,18,18,5,True,1,,,False
223,1,90,189,12,12,12,True,1,,,False
223,1,91,203,13,13,161,True,0,,,False
223,1,92,83,7,7,118,True,0,,,False
223,1,93,63,-8,215,41,True,3,,,False
223,1,94,164,24,24,136,True,3,,,False
223,1,95,197,9,9,186,True,0,,,False
223,1,96,7,24,24,173,True,3,,,False
223,1,97,165,-10,213,56,True,1,,,False
223,1,98,217,-16,207,54,True,3,,,False
223,1,99,137,14,14,199,True,1,,,False
223,1,100,132,-19,204,165,True,0,,,False
223,1,101,60,-19,204,191,True,0,,,False
223,1,102,82,-19,204,119,True,0,,,False
223,1,103,159,-24,199,28,True,1,,,False
223,1,104,121,-17,206,217,True,0,,,False
223,1,105,163,12,12,187,True,1,,,False
223,1,106,72,7,7,145,True,0,,,False
223,1,107,91,10,10,108,True,1,,,False
223,1,108,219,-24,199,179,True,1,,,False
223,1,109,162,-5,218,1,True,0,,,True
223,1,110,99,4,4,167,True,1,,,False
223,1,111,114,-2,221,72,True,1,,,False
223,1,112,114,2,2,72,True,1,,,False
223,1,113,99,-4,219,167,True,1,,,False
223,1,114,162,5,5,1,True,0,,,True
223,1,115,219,24,24,179,True,1,,,False
223,1,116,91,-10,213,108,True,1,,,False
223,1,117,72,-7,216,145,True,0,,,False
223,1,118,163,-12,211,187,True,1,,,False
223,1,119,121,17,17,217,True,0,,,False
223,1,120,159,24,24,28,True,1,,,False
223,1,121,82,19,19,119,True,0,,,False
223,1,122,60,19,19,191,True,0,,,False
223,1,123,132,19,19,165,True,0,,,False
223,1,124,137,-14,209,199,True,1,,,False
223,1,125,217,16,16,54,True,3,,,False
223,1,126,165,10,10,56,True,1,,,False
223,1,127,7,-24,199,173,True,3,,,False
223,1,128,197,-9,214,186,True,0,,,False
223,1,129,164,-24,199,136,True,3,,,False
223,1,130,63,8,8,41,True,3,,,False
223,1,131,83,-7,216,118,True,0,,,False
223,1,132,203,-13,210,161,True,0,,,False
223,1,133,189,-12,211,12,True,1,,,False
223,1,134,207,-18,205,5,True,1,,,False
223,1,135,68,-15,208,156,True,0,,,False
223,1,136,9,1,1,162,True,0,,,False
223,1,137,2,24,24,61,True,3,,,False
223,1,138,160,28,28,11,True,1,,,True
223,1,139,3,26,26,160,True,1,,,False
223,1,140,107,28,28,33,True,1,,,True
223,1,141,52,-12,211,20,True,1,,,False
223,1,142,5,20,20,87,True,1,,,False
223,1,143,85,-14,209,43,True,1,,,False
223,1,144,84,-16,207,110,True,1,,,False
223,1,145,48,2,2,64,True,1,,,False
223,1,146,190,-24,199,88,True,1,,,False
223,1,147,175,19,19,46,True,0,,,False
223,1,148,209,10,10,201,True,1,,,False
223,1,149,191,-6,217,59,True,1,,,False
223,1,150,30,3,3,64,True,0,,,False
223,1,151,127,8,8,203,True,3,,,False
223,1,152,11,26,26,163,True,1,,,False
223,1,153,24,16,16,41,True,1,,,False
223,1,154,210,0,0,74,False,3,,,False
223,1,155,8,-8,215,130,True,3,,,False
223,1,156,17,-8,215,196,True,3,,,False
223,1,157,169,17,17,207,True,0,,,False
223,1,158,23,-22,201,221,True,1,,,False
223,1,159,93,2,2,127,True,1,,,False
223,1,160,151,14,14,125,True,1,,,False
223,1,161,200,-7,216,220,True,0,,,False
223,1,162,129,-4,219,32,True,1,,,False
223,1,163,158,-2,221,9,True,1,,,False
223,1,164,64,21,21,105,True,0,,,False
223,1,165,201,-19,204,28,True,0,,,False
223,1,166,38,-13,210,5,True,0,,,False
223,1,167,115,-15,208,192,True,0,,,False
223,1,168,106,-16,207,99,True,3,,,False
223,1,169,118,18,18,221,True,1,,,False
223,1,170,33,-12,211,21,True,3,,,False
223,1,171,49,0,0,112,False,3,,,False
223,1,172,16,-27,196,193,True,0,,,False
223,1,173,199,-5,218,26,True,0,,,True
223,1,174,18,11,11,49,True,0,,,False
223,1,175,134,10,10,196,True,1,,,False
223,1,176,61,-4,219,91,True,1,,,False
223,1,177,144,16,16,89,True,3,,,False
223,1,178,76,-16,207,125,True,3,,,False
223,1,179,102,-20,203,152,True,1,,,False
223,1,180,116,-17,206,123,True,0,,,False
223,1,181,57,22,22,51,True,1,,,False
223,1,182,53,23,23,123,True,0,,,True
223,1,183,50,-4,219,119,True,3,,,False
223,1,184,40,-22,201,149,True,1,,,False
223,1,185,196,-15,208,37,True,0,,,False
223,1,186,35,8,8,199,True,1,,,False
223,1,187,119,-15,208,145,True,0,,,False
223,1,188,110,-4,219,81,True,3,,,False
223,1,189,56,24,24,175,True,3,,,False
223,1,190,100,5,5,222,True,0,,,True
223,1,192,180,-4,219,131,True,1,,,False
223,1,193,149,-16,207,28,True,1,,,False
223,1,194,51,10,10,33,True,1,,,False
223,1,195,103,8,8,173,True,1,,,False
223,1,196,46,-14,209,159,True,1,,,False
223,1,197,171,21,21,46,True,0,,,False
223,1,198,181,-25,198,175,True,0,,,False
223,1,199,95,-24,199,18,True,1,,,False
223,1,200,104,8,8,44,True,1,,,False
223,1,201,21,-10,213,55,True,1,,,False
223,1,202,143,1,1,70,True,0,,,False
223,1,203,194,-16,207,66,True,1,,,False
223,1,204,117,14,14,50,True,1,,,False
223,1,205,150,-4,219,116,True,1,,,False
223,1,206,111,-18,205,127,True,1,,,False
223,1,207,74,-11,212,54,True,0,,,False
223,1,208,173,-14,209,58,True,1,,,False
223,1,209,4,-9,214,153,True,0,,,False
223,1,210,25,1,1,32,True,0,,,False
223,1,211,170,-10,213,64,True,1,,,False
223,1,212,220,11,11,15,True,0,,,False
223,1,213,215,-6,217,152,True,1,,,False
223,1,214,183,1,1,49,True,0,,,False
223,1,215,193,0,0,9,False,1,,,False
223,1,216,142,2,2,113,True,1,,,False
223,1,217,146,-19,204,198,True,0,,,False
223,1,218,156,-5,218,134,True,0,,,True
223,1,219,67,2,2,15,True,1,,,False
223,1,220,65,-20,203,30,True,3,,,False
223,1,221,221,0,0,143,False,1,,,False
223,1,222,187,20,20,173,True,1,,,False
223,3,0,167,0,0,4,False,3,,,False
223,3,1,89,14,14,85,True,1,,,False
223,3,2,195,0,0,18,False,3,,,False
223,3,3,120,-6,217,2,True,1,,,False
223,3,4,78,14,14,120,True,1,,,False
223,3,5,123,-5,218,85,True,0,,,True
223,3,6,39,-16,207,191,True,1,,,False
223,3,7,122,29,29,203,True,0,,,False
223,3,8,141,-21,202,124,True,0,,,False
223,3,9,202,8,8,49,True,1,,,False
223,3,10,15,26,26,165,True,1,,,False
223,3,11,66,-26,197,123,True,1,,,False
223,3,12,113,11,11,58,True,0,,,False
223,3,13,58,10,10,8,True,1,,,False
223,3,14,97,-16,207,12,True,3,,,False
223,3,15,37,-16,207,219,True,1,,,False
223,3,16,6,-13,210,99,True,0,,,False
223,3,17,86,-8,215,34,True,1,,,False
223,3,18,206,1,1,159,True,0,,,False
223,3,19,212,2,2,95,True,1,,,False
223,3,20,154,16,16,167,True,3,,,False
223,3,21,1,12,12,154,True,1,,,False
223,3,22,69,10,10,42,True,1,,,False
223,3,23,41,6,6,154,True,1,,,False
223,3,24,218,14,14,92,True,1,,,False
223,3,25,184,16,16,221,True,3,,,False
223,3,26,81,-4,219,32,True,1,,,False
223,3,27,108,9,9,214,True,0,,,False
223,3,28,208,-3,220,161,True,0,,,False
223,3,29,19,-20,203,128,True,1,,,False
223,3,30,130,2,2,150,True,1,,,False
223,3,31,168,-19,204,24,True,0,,,False
223,3,32,182,8,8,218,True,3,,,False
223,3,33,71,-7,216,221,True,0,,,False
223,3,34,109,-16,207,81,True,1,,,False
223,3,35,178,22,22,115,True,1,,,False
223,3,36,135,-16,207,138,True,1,,,False
223,3,37,172,10,10,194,True,1,,,False
223,3,38,75,-17,206,47,True,0,,,False
223,3,39,31,-20,203,5,True,1,,,False
223,3,40,140,-23,200,43,True,0,,,True
223,3,41,214,-4,219,97,True,3,,,False
223,3,42,14,-12,211,24,True,1,,,False
223,3,43,42,-7,216,100,True,0,,,False
223,3,44,10,13,13,139,True,0,,,False
223,3,45,152,16,16,123,True,1,,,False
223,3,46,148,14,14,193,True,1,,,False
223,3,47,105,8,8,222,True,1,,,False
223,3,48,20,-23,200,138,True,0,,,True
223,3,49,79,-23,200,21,True,0,,,True
223,3,50,188,4,4,105,True,1,,,False
223,3,51,22,4,4,214,True,3,,,False
223,3,52,216,24,24,117,True,3,,,False
223,3,53,153,-26,197,4,True,1,,,False
223,3,54,138,20,20,214,True,1,,,False
223,3,55,12,11,11,74,True,0,,,False
223,3,56,161,1,1,44,True,0,,,False
223,3,57,80,29,29,107,True,0,,,False
223,3,58,126,-8,215,25,True,1,,,False
223,3,59,43,4,4,167,True,1,,,False
223,3,60,192,-28,195,20,True,3,,,True
223,3,61,98,6,6,113,True,1,,,False
223,3,62,133,-16,207,140,True,1,,,False
223,3,63,136,18,18,93,True,1,,,False
223,3,64,70,-7,216,105,True,0,,,False
223,3,65,28,24,24,116,True,1,,,False
223,3,66,29,-4,219,204,True,1,,,False
223,3,67,27,9,9,28,True,0,,,False
223,3,68,73,-4,219,78,True,1,,,False
223,3,69,155,-21,202,199,True,0,,,False
223,3,70,112,-6,217,36,True,1,,,False
223,3,71,77,25,25,187,True,0,,,False
223,3,72,34,28,28,150,True,1,1,1,True
223,3,73,47,4,4,5,True,1,,,False
223,3,74,54,9,9,112,True,0,,,False
223,3,75,128,0,0,9,False,1,,,False
223,3,76,62,-2,221,1,True,1,,,False
223,3,77,185,19,19,193,True,0,,,False
223,3,78,213,-8,215,117,True,1,,,False
223,3,79,222,1,1,32,True,0,,,False
223,3,80,177,-26,197,30,True,1,,,False
223,3,81,157,21,21,4,True,0,,,False
223,3,82,88,8,8,143,True,3,,,False
223,3,83,145,-16,207,145,True,3,,,False
223,3,84,179,-26,197,72,True,1,,,False
223,3,85,211,2,2,39,True,1,,,False
223,3,86,87,12,12,212,True,3,,,False
223,3,87,124,-2,221,80,True,1,,,False
223,3,88,90,8,8,48,True,3,,,False
223,3,89,13,1,1,135,True,0,,,False
223,3,90,44,-16,207,127,True,3,,,False
223,3,91,59,3,3,99,True,0,,,False
223,3,92,186,-19,204,36,True,0,,,False
223,3,93,147,20,20,123,True,3,,,False
223,3,94,92,5,5,143,True,0,,,True
223,3,95,45,-8,215,12,True,3,,,False
223,3,96,139,-4,219,21,True,1,,,False
223,3,97,204,-1,222,86,True,0,,,False
223,3,98,176,11,11,216,True,0,,,False
223,3,99,32,12,12,138,True,1,,,False
223,3,100,36,14,14,214,True,1,,,False
223,3,101,101,-26,197,215,True,1,,,False
223,3,102,55,8,8,6,True,1,,,False
223,3,103,174,9,9,56,True,0,,,False
223,3,104,198,16,16,102,True,3,,,False
223,3,105,94,28,28,17,True,1,,,True
223,3,106,166,-2,221,166,True,1,,,False
223,3,107,131,-14,209,58,True,1,,,False
223,3,108,96,17,17,219,True,0,,,False
223,3,109,125,21,21,28,True,0,,,False
223,3,110,205,8,8,159,True,3,,,False
223,3,111,26,-9,214,152,True,0,,,False
223,3,112,26,9,9,152,True,0,,,False
223,3,113,205,-8,215,159,True,3,,,False
223,3,114,125,-21,202,28,True,0,,,False
223,3,115,96,-17,206,219,True,0,,,False
223,3,116,131,14,14,58,True,1,,,False
223,3,117,166,2,2,166,True,1,,,False
223,3,118,94,-28,195,17,True,1,,,True
223,3,119,198,-16,207,102,True,3,,,False
223,3,120,174,-9,214,56,True,0,,,False
223,3,121,55,-8,215,6,True,1,,,False
223,3,122,101,26,26,215,True,1,,,False
223,3,123,36,-14,209,214,True,1,,,False
223,3,124,32,-12,211,138,True,1,,,False
223,3,125,176,-11,212,216,True,0,,,False
223,3,126,204,1,1,86,True,0,,,False
223,3,127,139,4,4,21,True,1,,,False
223,3,128,45,8,8,12,True,3,,,False
223,3,129,92,-5,218,143,True,0,,,True
223,3,130,147,-20,203,123,True,3,,,False
223,3,131,186,19,19,36,True,0,,,False
223,3,132,59,-3,220,99,True,0,,,False
223,3,133,44,16,16,127,True,3,,,False
223,3,134,13,-1,222,135,True,0,,,False
223,3,135,90,-8,215,48,True,3,,,False
223,3,136,124,2,2,80,True,1,,,False
223,3,137,87,-12,211,212,True,3,,,False
223,3,138,211,-2,221,39,True,1,,,False
223,3,139,179,26,26,72,True,1,,,False
223,3,140,145,16,16,145,True,3,,,False
223,3,141,88,-8,215,143,True,3,,,False
223,3,142,157,-21,202,4,True,0,,,False
223,3,143,177,26,26,30,True,1,,,False
223,3,144,222,-1,222,32,True,0,,,False
223,3,145,213,8,8,117,True,1,,,False
223,3,146,185,-19,204,193,True,0,,,False
223,3,147,62,2,2,1,True,1,,,False
223,3,148,128,0,0,9,False,1,,,False
223,3,149,54,-9,214,112,True,0,,,False
223,3,150,47,-4,219,5,True,1,,,False
223,3,151,34,-28,195,150,True,1,1,1,True
223,3,152,77,-25,198,187,True,0,,,False
223,3,153,112,6,6,36,True,1,,,False
223,3,154,155,21,21,199,True,0,,,False
223,3,155,73,4,4,78,True,1,,,False
223,3,156,27,-9,214,28,True,0,,,False
223,3,157,29,4,4,204,True,1,,,False
223,3,158,28,-24,199,116,True,1,,,False
223,3,159,70,7,7,105,True,0,,,False
223,3,160,136,-18,205,93,True,1,,,False
223,3,161,133,16,16,140,True,1,,,False
223,3,162,98,-6,217,113,True,1,,,False
223,3,163,192,28,28,20,True,3,,,True
223,3,164,43,-4,219,167,True,1,,,False
223,3,165,126,8,8,25,True,1,,,False
223,3,166,80,-29,194,107,True,0,,,False
223,3,167,161,-1,222,44,True,0,,,False
223,3,168,12,-11,212,74,True,0,,,False
223,3,169,138,-20,203,214,True,1,,,False
223,3,170,153,26,26,4,True,1,,,False
223,3,171,216,-24,199,117,True,3,,,False
223,3,172,22,-4,219,214,True,3,,,False
223,3,173,188,-4,219,105,True,1,,,False
223,3,174,79,23,23,21,True,0,,,True
223,3,175,20,23,23,138,True,0,,,True
223,3,176,105,-8,215,222,True,1,,,False
223,3,177,148,-14,209,193,True,1,,,False
223,3,178,152,-16,207,123,True,1,,,False
223,3,179,10,-13,210,139,True,0,,,False
223,3,180,42,7,7,100,True,0,,,False
223,3,181,14,12,12,24,True,1,,,False
223,3,182,214,4,4,97,True,3,,,False
223,3,183,140,23,23,43,True,0,,,True
223,3,184,31,20,20,5,True,1,,,False
223,3,185,75,17,17,47,True,0,,,False
223,3,186,172,-10,213,194,True,1,,,False
223,3,187,135,16,16,138,True,1,,,False
223,3,188,178,-22,201,115,True,1,,,False
223,3,189,109,16,16,81,True,1,,,False
223,3,190,71,7,7,221,True,0,,,False
223,3,191,182,-8,215,218,True,3,,,False
223,3,192,168,19,19,24,True,0,,,False
223,3,193,130,-2,221,150,True,1,,,False
223,3,194,19,20,20,128,True,1,,,False
223,3,195,208,3,3,161,True,0,,,False
223,3,196,108,-9,214,214,True,0,,,False
223,3,197,81,4,4,32,True,1,,,False
223,3,198,184,-16,207,221,True,3,,,False
223,3,199,218,-14,209,92,True,1,,,False
223,3,200,41,-6,217,154,True,1,,,False
223,3,201,69,-10,213,42,True,1,,,False
223,3,202,1,-12,211,154,True,1,,,False
223,3,203,154,-16,207,167,True,3,,,False
223,3,204,212,-2,221,95,True,1,,,False
223,3,205,206,-1,222,159,True,0,,,False
223,3,206,86,8,8,34,True,1,,,False
223,3,207,6,13,13,99,True,0,,,False
223,3,208,37,16,16,219,True,1,,,False
223,3,209,97,16,16,12,True,3,,,False
223,3,210,58,-10,213,8,True,1,,,False
223,3,211,113,-11,212,58,True,0,,,False
223,3,212,66,26,26,123,True,1,,,False
223,3,213,15,-26,197,165,True,1,,,False
223,3,214,202,-8,215,49,True,1,,,False
223,3,215,141,21,21,124,True,0,,,False
223,3,216,122,-29,194,203,True,0,,,False
223,3,217,39,16,16,191,True,1,,,False
223,3,218,123,5,5,85,True,0,,,True
223,3,219,78,-14,209,120,True,1,,,False
223,3,220,120,6,6,2,True,1,,,False
223,3,221,195,0,0,18,False,3,,,False
223,3,222,89,-14,209,85,True,1,,,False
227,0,1,0,0,0,179,False,1,,,False
227,0,2,0,0,0,42,False,1,,,False
227,1,0,139,0,0,106,False,1,,,False
227,1,1,201,0,0,79,False,3,,,False
227,1,2,159,-8,219,213,True,1,,,False
227,1,3,164,24,24,0,True,3,,,False
227,1,4,70,18,18,51,True,1,,,False
227,1,5,176,-12,215,83,True,1,,,False
227,1,6,115,-7,220,132,True,0,,,False
227,1,7,36,-28,199,93,True,1,,,False
227,1,8,15,-15,212,173,True,0,,,False
227,1,9,151,-13,214,98,True,0,,,False
227,1,10,63,-18,209,204,True,1,,,False
227,1,11,67,23,23,57,True,0,,,False
227,1,12,65,-6,221,182,True,1,,,False
227,1,13,29,-14,213,148,True,1,,,False
227,1,14,74,16,16,49,True,1,,,False
227,1,15,116,28,28,192,True,1,,,False
227,1,16,168,9,9,190,True,0,,,False
227,1,17,19,-6,221,179,True,1,,,False
227,1,18,217,-20,207,82,True,3,,,False
227,1,19,126,9,9,152,True,0,,,False
227,1,20,142,24,24,86,True,3,,,False
227,1,21,124,11,11,141,True,0,,,False
227,1,22,110,0,0,125,False,1,,,False
227,1,23,90,22,22,99,True,1,,,False
227,1,24,103,-10,217,91,True,1,,,False
227,1,25,161,-12,215,161,True,1,,,False
227,1,26,72,12,12,117,True,3,,,False
227,1,27,13,12,12,3,True,3,,,False
227,1,28,24,25,25,93,True,0,,,False
227,1,29,195,-24,203,80,True,1,,,False
227,1,30,143,-28,199,52,True,3,,,False
227,1,31,132,0,0,168,False,1,,,False
227,1,32,30,0,0,86,False,1,,,False
227,1,33,107,-7,220,134,True,0,,,False
227,1,34,94,28,28,20,True,3,,,False
227,1,35,20,-25,202,108,True,0,,,False
227,1,36,158,9,9,96,True,0,,,False
227,1,37,224,-23,204,136,True,0,,,False
227,1,38,129,24,24,137,True,1,,,False
227,1,39,22,8,8,127,True,3,,,False
227,1,40,75,22,22,123,True,1,,,False
227,1,41,140,21,21,36,True,0,,,False
227,1,42,69,18,18,144,True,1,,,False
227,1,43,62,-20,207,217,True,1,,,False
227,1,44,146,-4,223,35,True,3,,,False
227,1,45,45,-17,210,175,True,0,,,False
227,1,46,112,-18,209,70,True,1,,,False
227,1,47,99,-6,221,183,True,1,,,False
227,1,48,137,-13,214,183,True,0,,,False
227,1,49,171,8,8,140,True,1,,,False
227,1,50,92,-10,217,36,True,1,,,False
227,1,51,223,-5,222,81,True,0,,,False
227,1,52,187,4,4,56,True,3,,,False
227,1,53,27,-24,203,68,True,1,,,False
227,1,54,162,1,1,17,True,0,,,False
227,1,55,147,0,0,156,False,1,,,False
227,1,56,202,-15,212,112,True,0,,,False
227,1,57,215,20,20,154,True,3,,,False
227,1,58,216,-3,224,61,True,0,,,False
227,1,59,165,9,9,108,True,0,,,False
227,1,60,144,-18,209,193,True,1,,,False
227,1,61,14,-3,224,110,True,0,,,False
227,1,62,109,-2,225,142,True,1,,,False
227,1,63,113,-6,221,37,True,1,,,False
227,1,64,7,-6,221,65,True,1,,,False
227,1,65,226,3,3,203,True,0,,,False
227,1,66,185,2,2,8,True,1,,,False
227,1,67,32,-12,215,21,True,3,,,False
227,1,68,51,12,12,124,True,3,,,False
227,1,69,189,-6,221,13,True,1,,,False
227,1,70,77,-12,215,85,True,1,,,False
227,1,71,208,-3,224,110,True,0,,,False
227,1,72,218,-3,224,64,True,0,,,False
227,1,73,26,-8,219,194,True,1,,,False
227,1,74,76,-28,199,19,True,1,,,False
227,1,75,205,18,18,95,True,1,,,False
227,1,76,47,2,2,148,True,1,,,False
227,1,77,98,-27,200,102,True,0,,,False
227,1,78,148,-7,220,159,True,0,,,False
227,1,79,190,-10,217,181,True,1,,,False
227,1,80,181,2,2,144,True,1,,,False
227,1,81,56,29,29,3,True,0,,,False
227,1,82,83,-25,202,10,True,0,,,False
227,1,83,117,-9,218,3,True,0,,,False
227,1,84,207,18,18,75,True,1,,,False
227,1,85,149,20,20,174,True,3,,,False
227,1,86,119,-13,214,105,True,0,,,False
227,1,87,93,-5,222,117,True,0,,,False
227,1,88,222,18,18,25,True,1,,,False
227,1,89,150,1,1,162,True,0,,,False
227,1,90,120,6,6,35,True,1,,,False
227,1,91,88,-12,215,44,True,3,,,False
227,1,92,46,-17,210,141,True,0,,,False
227,1,93,136,14,14,214,True,1,,,False
227,1,94,125,23,23,54,True,0,,,False
227,1,95,64,-2,225,83,True,1,,,False
227,1,96,219,10,10,23,True,1,,,False
227,1,97,3,-12,215,191,True,1,,,False
227,1,98,141,8,8,162,True,1,,,False
227,1,99,225,14,14,32,True,1,,,False
227,1,100,10,-8,219,131,True,1,,,False
227,1,101,41,-13,214,110,True,0,,,False
227,1,102,23,-12,215,132,True,1,,,False
227,1,103,198,-12,215,187,True,3,,,False
227,1,104,204,-12,215,200,True,3,,,False
227,1,105,40,-4,223,177,True,1,,,False
227,1,106,49,16,16,149,True,1,,,False
227,1,107,220,-27,200,192,True,0,,,False
227,1,108,179,17,17,86,True,0,,,False
227,1,109,82,-20,207,50,True,1,,,False
227,1,110,2,-3,224,30,True,0,,,False
227,1,111,177,18,18,221,True,1,,,False
227,1,112,183,12,12,7,True,3,,,False
227,1,113,57,12,12,91,True,1,,,False
227,1,114,57,-12,215,91,True,1,,,False
227,1,115,183,-12,215,7,True,3,,,False
227,1,116,177,-18,209,221,True,1,,,False
227,1,117,2,3,3,30,True,0,,,False
227,1,118,82,20,20,50,True,1,,,False
227,1,119,179,-17,210,86,True,0,,,False
227,1,120,220,27,27,192,True,0,,,False
227,1,121,49,-16,211,149,True,1,,,False
227,1,122,40,4,4,177,True,1,,,False
227,1,123,204,12,12,200,True,3,,,False
227,1,124,198,12,12,187,True,3,,,False
227,1,125,23,12,12,132,True,1,,,False
227,1,126,41,13,13,110,True,0,,,False
227,1,127,10,8,8,131,True,1,,,False
227,1,128,225,-14,213,32,True,1,,,False
227,1,129,141,-8,219,162,True,1,,,False
227,1,130,3,12,12,191,True,1,,,False
227,1,131,219,-10,217,23,True,1,,,False
227,1,132,64,2,2,83,True,1,,,False
227,1,133,125,-23,204,54,True,0,,,False
227,1,134,136,-14,213,214,True,1,,,False
227,1,135,46,17,17,141,True,0,,,False
227,1,136,88,12,12,44,True,3,,,False
227,1,137,120,-6,221,35,True,1,,,False
227,1,138,150,-1,226,162,True,0,,,False
227,1,139,222,-18,209,25,True,1,,,False
227,1,140,93,5,5,117,True,0,,,False
227,1,141,119,13,13,105,True,0,,,False
227,1,142,149,-20,207,174,True,3,,,False
227,1,143,207,-18,209,75,True,1,,,False
227,1,144,117,9,9,3,True,0,,,False
227,1,145,83,25,25,10,True,0,,,False
227,1,146,56,-29,198,3,True,0,,,False
227,1,147,181,-2,225,144,True,1,,,False
227,1,148,190,10,10,181,True,1,,,False
227,1,149,148,7,7,159,True,0,,,False
227,1,150,98,27,27,102,True,0,,,False
227,1,151,47,-2,225,148,True,1,,,False
227,1,152,205,-18,209,95,True,1,,,False
227,1,153,76,28,28,19,True,1,,,False
227,1,154,26,8,8,194,True,1,,,False
227,1,155,218,3,3,64,True,0,,,False
227,1,156,208,3,3,110,True,0,,,False
227,1,157,77,12,12,85,True,1,,,False
227,1,158,189,6,6,13,True,1,,,False
227,1,159,51,-12,215,124,True,3,,,False
227,1,160,32,12,12,21,True,3,,,False
227,1,161,185,-2,225,8,True,1,,,False
227,1,162,226,-3,224,203,True,0,,,False
227,1,163,7,6,6,65,True,1,,,False
227,1,164,113,6,6,37,True,1,,,False
227,1,165,109,2,2,142,True,1,,,False
227,1,166,14,3,3,110,True,0,,,False
227,1,167,144,18,18,193,True,1,,,False
227,1,168,165,-9,218,108,True,0,,,False
227,1,169,216,3,3,61,True,0,,,False
227,1,170,215,-20,207,154,True,3,,,False
227,1,171,202,15,15,112,True,0,,,False
227,1,172,147,0,0,156,False,1,,,False
227,1,173,162,-1,226,17,True,0,,,False
227,1,174,27,24,24,68,True,1,,,False
227,1,175,187,-4,223,56,True,3,,,False
227,1,176,223,5,5,81,True,0,,,False
227,1,177,92,10,10,36,True,1,,,False
227,1,178,171,-8,219,140,True,1,,,False
227,1,179,137,13,13,183,True,0,,,False
227,1,180,99,6,6,183,True,1,,,False
227,1,181,112,18,18,70,True,1,,,False
227,1,182,45,17,17,175,True,0,,,False
227,1,183,146,4,4,35,True,3,,,False
227,1,184,62,20,20,217,True,1,,,False
227,1,185,69,-18,209,144,True,1,,,False
227,1,186,140,-21,206,36,True,0,,,False
227,1,187,75,-22,205,123,True,1,,,False
227,1,188,22,-8,219,127,True,3,,,False
227,1,189,129,-24,203,137,True,1,,,False
227,1,190,224,23,23,136,True,0,,,False
227,1,191,158,-9,218,96,True,0,,,False
227,1,192,20,25,25,108,True,0,,,False
227,1,193,94,-28,199,20,True,3,,,False
227,1,194,107,7,7,134,True,0,,,False
227,1,195,30,0,0,86,False,1,,,False
227,1,196,132,0,0,168,False,1,,,False
227,1,197,143,28,28,52,True,3,,,False
227,1,198,195,24,24,80,True,1,,,False
227,1,199,24,-25,202,93,True,0,,,False
227,1,200,13,-12,215,3,True,3,,,False
227,1,201,72,-12,215,117,True,3,,,False
227,1,202,161,12,12,161,True,1,,,False
227,1,203,103,10,10,91,True,1,,,False
227,1,204,90,-22,205,99,True,1,,,False
227,1,205,110,0,0,125,False,1,,,False
227,1,206,124,-11,216,141,True,0,,,False
227,1,207,142,-24,203,86,True,3,,,False
227,1,208,126,-9,218,152,True,0,,,False
227,1,209,217,20,20,82,True,3,,,False
227,1,210,19,6,6,179,True,1,,,False
227,1,211,168,-9,218,190,True,0,,,False
227,1,212,116,-28,199,192,True,1,,,False
227,1,213,74,-16,211,49,True,1,,,False
227,1,214,29,14,14,148,True,1,,,False
227,1,215,65,6,6,182,True,1,,,False
227,1,216,67,-23,204,57,True,0,,,False
227,1,217,63,18,18,204,True,1,,,False
227,1,218,151,13,13,98,True,0,,,False
227,1,219,15,15,15,173,True,0,,,False
227,1,220,36,28,28,93,True,1,,,False
227,1,221,115,7,7,132,True,0,,,False
227,1,222,176,12,12,83,True,1,,,False
227,1,223,70,-18,209,51,True,1,,,False
227,1,224,164,-24,203,0,True,3,,,False
227,1,225,159,8,8,213,True,1,,,False
227,1,226,201,0,0,79,False,3,,,False
227,2,0,139,0,0,1,False,3,,,False
227,2,1,60,12,12,69,True,1,,,False
227,2,2,155,3,3,195,True,0,,,False
227,2,3,17,26,26,68,True,1,,,False
227,2,4,127,8,8,25,True,1,,,False
227,2,5,206,14,14,221,True,1,,,False
227,2,6,122,7,7,223,True,0,,,False
227,2,7,78,-7,220,75,True,0,,,False
227,2,8,180,22,22,21,True,1,,,False
227,2,9,211,22,22,215,True,1,,,False
227,2,10,102,-27,200,2,True,0,,,False
227,2,11,18,4,4,115,True,1,,,False
227,2,12,192,8,8,11,True,3,,,False
227,2,13,85,27,27,190,True,0,,,False
227,2,14,52,12,12,71,True,1,,,False
227,2,15,128,-18,209,128,True,1,,,False
227,2,16,145,-8,219,201,True,1,,,False
227,2,17,71,-21,206,25,True,0,,,False
227,2,18,79,3,3,112,True,0,,,False
227,2,19,121,20,20,104,True,3,,,False
227,2,20,44,-3,224,40,True,0,,,False
227,2,21,1,7,7,161,True,0,,,False
227,2,22,194,14,14,91,True,1,,,False
227,2,23,188,4,4,205,True,3,,,False
227,2,24,73,-11,216,197,True,0,,,False
227,2,25,197,-20,207,121,True,1,,,False
227,2,26,175,-15,212,51,True,0,,,False
227,2,27,203,3,3,100,True,0,,,False
227,2,28,152,-24,203,154,True,1,,,False
227,2,29,213,-21,206,28,True,0,,,False
227,2,30,114,0,0,193,False,1,,,False
227,2,31,80,-18,209,213,True,1,,,False
227,2,32,39,-12,215,116,True,1,,,False
227,2,33,89,-4,223,178,True,3,,,False
227,2,34,134,-24,203,195,True,3,,,False
227,2,35,61,-18,209,126,True,1,,,False
227,2,36,33,-7,220,218,True,0,,,False
227,2,37,91,-14,213,198,True,1,,,False
227,2,38,193,22,22,160,True,1,,,False
227,2,39,68,8,8,109,True,1,,,False
227,2,40,8,-6,221,55,True,1,,,False
227,2,41,31,24,24,190,True,1,,,False
227,2,42,100,-28,199,170,True,3,,,False
227,2,43,9,9,9,22,True,0,,,False
227,2,44,28,-17,210,30,True,0,,,False
227,2,46,25,3,3,179,True,0,,,False
227,2,47,21,4,4,109,True,3,,,False
227,2,48,214,-4,223,61,True,3,,,False
227,2,49,160,0,0,182,False,3,,,False
227,2,50,184,2,2,145,True,1,,,False
227,2,51,54,14,14,162,True,1,,,False
227,2,52,111,-24,203,127,True,1,,,False
227,2,53,86,20,20,130,True,1,,,False
227,2,54,200,-4,223,100,True,1,,,False
227,2,55,42,-4,223,154,True,1,,,False
227,2,56,66,-2,225,125,True,1,,,False
227,2,57,199,4,4,59,True,1,,,False
227,2,58,59,11,11,222,True,0,,,False
227,2,59,186,-19,208,16,True,0,,,False
227,2,60,178,-10,217,100,True,1,,,False
227,2,61,104,3,3,15,True,0,,,False
227,2,62,153,12,12,80,True,1,,,False
227,2,63,16,-3,224,9,True,0,,,False
227,2,64,138,12,12,163,True,1,,,False
227,2,65,81,13,13,181,True,0,,,False
227,2,66,108,8,8,201,True,3,,,False
227,2,67,48,-19,208,5,True,0,,,False
227,2,68,118,18,18,130,True,1,,,False
227,2,69,95,8,8,215,True,1,,,False
227,2,70,212,-21,206,92,True,0,,,False
227,2,71,35,24,24,45,True,1,,,False
227,2,72,167,4,4,103,True,3,,,False
227,2,73,182,15,15,159,True,0,,,False
227,2,74,84,16,16,5,True,3,,,False
227,2,75,163,-18,209,46,True,1,,,False
227,2,76,166,5,5,150,True,0,,,False
227,2,77,101,12,12,20,True,3,,,False
227,2,78,210,-12,215,154,True,3,,,False
227,2,79,131,15,15,32,True,0,,,False
227,2,80,55,30,30,103,True,1,,,False
227,2,81,169,-21,206,45,True,0,,,False
227,2,82,50,-18,209,23,True,1,,,False
227,2,83,96,14,14,209,True,1,,,False
227,2,84,221,12,12,102,True,3,,,False
227,2,85,43,-12,215,85,True,3,,,False
227,2,86,53,27,27,34,True,0,,,False
227,2,87,97,-20,207,212,True,3,,,False
227,2,88,191,0,0,215,False,1,,,False
227,2,89,37,-18,209,57,True,1,,,False
227,2,90,105,6,6,77,True,1,,,False
227,2,91,34,21,21,25,True,0,,,False
227,2,92,11,12,12,73,True,3,,,False
227,2,93,133,-3,224,160,True,0,,,False
227,2,94,5,2,2,34,True,1,,,False
227,2,95,6,6,6,184,True,1,,,False
227,2,96,87,1,1,23,True,0,,,False
227,2,97,123,-26,201,114,True,1,,,False
227,2,98,209,-11,216,26,True,0,,,False
227,2,99,4,-9,218,32,True,0,,,False
227,2,100,38,4,4,89,True,1,,,False
227,2,101,58,-12,215,151,True,1,,,False
227,2,102,170,22,22,36,True,1,,,False
227,2,103,135,10,10,72,True,1,,,False
227,2,104,172,-21,206,183,True,0,,,False
227,2,105,156,20,20,138,True,1,,,False
227,2,106,130,16,16,100,True,1,,,False
227,2,107,196,17,17,140,True,0,,,False
227,2,108,173,-11,216,113,True,0,,,False
227,2,109,12,19,19,173,True,0,,,False
227,2,110,154,-4,223,120,True,1,,,False
227,2,111,157,-24,203,11,True,1,,,False
227,2,112,174,-12,215,164,True,1,,,False
227,2,113,106,-24,203,184,True,1,,,False
227,2,114,106,24,24,184,True,1,,,False
227,2,115,174,12,12,164,True,1,,,False
227,2,116,157,24,24,11,True,1,,,False
227,2,117,154,4,4,120,True,1,,,False
227,2,118,12,-19,208,173,True,0,,,False
227,2,119,173,11,11,113,True,0,,,False
227,2,120,196,-17,210,140,True,0,,,False
227,2,121,130,-16,211,100,True,1,,,False
227,2,122,156,-20,207,138,True,1,,,False
227,2,123,172,21,21,183,True,0,,,False
227,2,124,135,-10,217,72,True,1,,,False
227,2,125,170,-22,205,36,True,1,,,False
227,2,126,58,12,12,151,True,1,,,False
227,2,127,38,-4,223,89,True,1,,,False
227,2,128,4,9,9,32,True,0,,,False
227,2,129,209,11,11,26,True,0,,,False
227,2,130,123,26,26,114,True,1,,,False
227,2,131,87,-1,226,23,True,0,,,False
227,2,132,6,-6,221,184,True,1,,,False
227,2,133,5,-2,225,34,True,1,,,False
227,2,134,133,3,3,160,True,0,,,False
227,2,135,11,-12,215,73,True,3,,,False
227,2,136,34,-21,206,25,True,0,,,False
227,2,137,105,-6,221,77,True,1,,,False
227,2,138,37,18,18,57,True,1,,,False
227,2,139,191,0,0,215,False,1,,,False
227,2,140,97,20,20,212,True,3,,,False
227,2,141,53,-27,200,34,True,0,,,False
227,2,142,43,12,12,85,True,3,,,False
227,2,143,221,-12,215,102,True,3,,,False
227,2,144,96,-14,213,209,True,1,,,False
227,2,145,50,18,18,23,True,1,,,False
227,2,146,169,21,21,45,True,0,,,False
227,2,147,55,-30,197,103,True,1,,,False
227,2,148,131,-15,212,32,True,0,,,False
227,2,149,210,12,12,154,True,3,,,False
227,2,150,101,-12,215,20,True,3,,,False
227,2,151,166,-5,222,150,True,0,,,False
227,2,152,163,18,18,46,True,1,,,False
227,2,153,84,-16,211,5,True,3,,,False
227,2,154,182,-15,212,159,True,0,,,False
227,2,155,167,-4,223,103,True,3,,,False
227,2,156,35,-24,203,45,True,1,,,False
227,2,157,212,21,21,92,True,0,,,False
227,2,158,95,-8,219,215,True,1,,,False
227,2,159,118,-18,209,130,True,1,,,False
227,2,160,48,19,19,5,True,0,,,False
227,2,161,108,-8,219,201,True,3,,,False
227,2,162,81,-13,214,181,True,0,,,False
227,2,163,138,-12,215,163,True,1,,,False
227,2,164,16,3,3,9,True,0,,,False
227,2,165,153,-12,215,80,True,1,,,False
227,2,166,104,-3,224,15,True,0,,,False
227,2,167,178,10,10,100,True,1,,,False
227,2,168,186,19,19,16,True,0,,,False
227,2,169,59,-11,216,222,True,0,,,False
227,2,170,199,-4,223,59,True,1,,,False
227,2,171,66,2,2,125,True,1,,,False
227,2,172,42,4,4,154,True,1,,,False
227,2,173,200,4,4,100,True,1,,,False
227,2,174,86,-20,207,130,True,1,,,False
227,2,175,111,24,24,127,True,1,,,False
227,2,176,54,-14,213,162,True,1,,,False
227,2,177,184,-2,225,145,True,1,,,False
227,2,178,160,0,0,182,False,3,,,False
227,2,179,214,4,4,61,True,3,,,False
227,2,180,21,-4,223,109,True,3,,,False
227,2,181,25,-3,224,179,True,0,,,False
227,2,183,28,17,17,30,True,0,,,False
227,2,184,9,-9,218,22,True,0,,,False
227,2,185,100,28,28,170,True,3,,,False
227,2,186,31,-24,203,190,True,1,,,False
227,2,187,8,6,6,55,True,1,,,False
227,2,188,68,-8,219,109,True,1,,,False
227,2,189,193,-22,205,160,True,1,,,False
227,2,190,91,14,14,198,True,1,,,False
227,2,191,33,7,7,218,True,0,,,False
227,2,192,61,18,18,126,True,1,,,False
227,2,193,134,24,24,195,True,3,,,False
227,2,194,89,4,4,178,True,3,,,False
227,2,195,39,12,12,116,True,1,,,False
227,2,196,80,18,18,213,True,1,,,False
227,2,197,114,0,0,193,False,1,,,False
227,2,198,213,21,21,28,True,0,,,False
227,2,199,152,24,24,154,True,1,,,False
227,2,200,203,-3,224,100,True,0,,,False
227,2,201,175,15,15,51,True,0,,,False
227,2,202,197,20,20,121,True,1,,,False
227,2,203,73,11,11,197,True,0,,,False
227,2,204,188,-4,223,205,True,3,,,False
227,2,205,194,-14,213,91,True,1,,,False
227,2,206,1,-7,220,161,True,0,,,False
227,2,207,44,3,3,40,True,0,,,False
227,2,208,121,-20,207,104,True,3,,,False
227,2,209,79,-3,224,112,True,0,,,False
227,2,210,71,21,21,25,True,0,,,False
227,2,211,145,8,8,201,True,1,,,False
227,2,212,128,18,18,128,True,1,,,False
227,2,213,52,-12,215,71,True,1,,,False
227,2,214,85,-27,200,190,True,0,,,False
227,2,215,192,-8,219,11,True,3,,,False
227,2,216,18,-4,223,115,True,1,,,False
227,2,217,102,27,27,2,True,0,,,False
227,2,218,211,-22,205,215,True,1,,,False
227,2,219,180,-22,205,21,True,1,,,False
227,2,220,78,7,7,75,True,0,,,False
227,2,221,122,-7,220,223,True,0,,,False
227,2,222,206,-14,213,221,True,1,,,False
227,2,223,127,-8,219,25,True,1,,,False
227,2,224,17,-26,201,68,True,1,,,False
227,2,225,155,-3,224,195,True,0,,,False
227,2,226,60,-12,215,69,True,1,,,False
229,0,1,0,-22,207,0,True,3,0,0,True
229,0,2,0,22,22,0,True,3,0,0,True
229,0,3,0,-7,222,0,True,0,0,0,True
229,0,5,0,29,29,0,True,0,0,0,True
229,0,6,0,7,7,0,True,0,0,0,True
229,0,7,0,-29,200,0,True,0,0,0,True
229,1,0,125,-30,199,0,True,3,0,0,True
229,1,1,90,-2,227,70,True,1,,,False
229,1,2,29,10,10,223,True,1,,,False
229,1,3,155,16,16,116,True,1,,,False
229,1,4,123,-24,205,14,True,1,,,False
229,1,5,52,-14,215,226,True,1,,,False
229,1,6,161,21,21,227,True,0,,,False
229,1,7,194,8,8,128,True,1,,,False
229,1,8,224,14,14,114,True,3,,,False
229,1,9,180,-19,210,38,True,0,,,False
229,1,10,176,18,18,135,True,3,,,False
229,1,11,131,-10,219,213,True,1,,,False
229,1,12,187,15,15,184,True,0,,,False
229,1,13,32,-24,205,211,True,1,,,False
229,1,14,112,-2,227,168,True,1,,,False
229,1,15,4,23,23,146,True,0,,,False
229,1,16,210,2,2,16,True,3,,,False
229,1,17,2,-22,207,85,True,1,2,2,True
229,1,18,10,16,16,131,True,1,,,False
229,1,19,157,-14,215,183,True,1,,,False
229,1,20,163,16,16,45,True,1,,,False
229,1,21,14,17,17,65,True,0,,,False
229,1,22,183,25,25,62,True,0,,,False
229,1,23,160,-8,221,164,True,1,,,False
229,1,24,26,6,6,205,True,3,,,False
229,1,25,119,-28,201,103,True,1,,,False
229,1,26,121,9,9,66,True,0,,,False
229,1,27,223,2,2,199,True,1,,,False
229,1,28,225,-18,211,68,True,3,,,False
229,1,29,127,-2,227,195,True,1,,,False
229,1,30,93,0,0,161,False,1,,,False
229,1,31,211,16,16,8,True,1,,,False
229,1,32,168,-6,223,220,True,3,,,False
229,1,33,174,-14,215,48,True,3,,,False
229,1,34,96,20,20,208,True,1,,,False
229,1,35,76,-1,228,8,True,0,,,False
229,1,36,66,-16,213,159,True,1,,,False
229,1,37,164,-8,221,146,True,1,,,False
229,1,38,45,-29,200,130,True,0,,,True
229,1,39,178,23,23,48,True,0,,,False
229,1,40,166,8,8,121,True,1,,,False
229,1,41,99,-13,216,97,True,0,,,False
229,1,43,100,-25,204,48,True,0,,,False
229,1,44,108,-9,220,213,True,0,,,False
229,1,45,8,-18,211,162,True,1,,,False
229,1,46,84,6,6,15,True,1,,,False
229,1,47,86,-6,223,43,True,1,,,False
229,1,48,126,-11,218,40,True,0,,,False
229,1,49,59,-10,219,206,True,1,,,False
229,1,50,80,-22,207,115,True,3,,,True
229,1,51,133,-22,207,146,True,1,,,True
229,1,52,87,4,4,53,True,1,,,True
229,1,53,144,-10,219,55,True,3,,,False
229,1,54,102,-20,209,0,True,1,,,False
229,1,55,18,20,20,13,True,1,,,False
229,1,56,101,30,30,54,True,1,1,1,True
229,1,57,25,14,14,189,True,3,,,False
229,1,58,220,7,7,15,True,0,,,True
229,1,59,175,18,18,184,True,1,,,False
229,1,60,64,15,15,45,True,0,,,False
229,1,61,68,-21,208,151,True,0,,,False
229,1,62,134,10,10,9,True,3,,,False
229,1,63,129,29,29,139,True,0,,,True
229,1,64,17,9,9,145,True,0,,,False
229,1,65,193,5,5,224,True,0,,,False
229,1,66,198,-14,215,135,True,1,,,False
229,1,67,188,-28,201,27,True,1,,,False
229,1,68,35,-22,207,71,True,1,,,True
229,1,69,196,17,17,118,True,0,,,False
229,1,70,173,17,17,208,True,0,,,False
229,1,71,181,-13,216,16,True,0,,,False
229,1,72,44,-15,214,28,True,0,,,False
229,1,73,83,1,1,83,True,0,,,False
229,1,74,158,25,25,3,True,0,,,False
229,1,75,221,-6,223,126,True,1,,,False
229,1,76,6,-22,207,157,True,1,,,True
229,1,77,203,5,5,170,True,0,,,False
229,1,78,73,-26,203,172,True,1,,,False
229,1,79,82,-7,222,126,True,0,,,True
229,1,80,70,2,2,46,True,3,,,False
229,1,81,55,-2,227,108,True,3,,,False
229,1,82,167,13,13,206,True,0,,,False
229,1,83,24,16,16,66,True,1,,,False
229,1,84,111,-7,222,176,True,0,,,True
229,1,85,117,10,10,115,True,1,,,False
229,1,86,177,22,22,106,True,1,2,2,True
229,1,87,49,10,10,192,True,3,,,False
229,1,88,186,3,3,209,True,0,,,False
229,1,89,43,-3,226,123,True,0,,,False
229,1,90,81,13,13,188,True,0,,,False
229,1,91,190,10,10,27,True,1,,,False
229,1,92,179,-22,207,133,True,1,,,True
229,1,93,185,-22,207,21,True,3,1,1,True
229,1,94,228,-6,223,181,True,3,,,False
229,1,95,191,2,2,107,True,1,,,False
229,1,96,39,4,4,18,True,1,,,True
229,1,97,107,14,14,179,True,1,,,False
229,1,98,115,-6,223,179,True,1,,,False
229,1,99,199,-14,215,9,True,1,,,False
229,1,100,197,12,12,194,True,1,,,False
229,1,101,171,1,1,107,True,0,,,False
229,1,102,151,1,1,28,True,0,,,False
229,1,103,13,18,18,28,True,1,,,False
229,1,104,57,6,6,168,True,3,,,False
229,1,105,227,-12,217,48,True,1,,,False
229,1,106,130,1,1,192,True,0,,,False
229,1,107,38,4,4,138,True,1,,,True
229,1,108,61,-6,223,77,True,3,,,False
229,1,109,23,20,20,105,True,1,,,False
229,1,110,156,-10,219,0,True,1,,,False
229,1,111,41,-4,225,27,True,1,,,True
229,1,112,42,13,13,115,True,0,,,False
229,1,113,143,4,4,102,True,1,,,True
229,1,114,169,15,15,17,True,0,,,False
229,2,0,125,4,4,0,True,1,0,0,True
229,2,1,192,20,20,155,True,1,,,False
229,2,2,94,26,26,70,True,1,,,False
229,2,3,77,-10,219,58,True,3,,,False
229,2,4,56,-2,227,13,True,1,,,False
229,2,5,200,-10,219,45,True,3,,,False
229,2,6,212,6,6,9,True,1,,,False
229,2,7,139,23,23,62,True,0,,,False
229,2,8,148,-14,215,202,True,1,,,False
229,2,9,63,-2,227,223,True,3,,,False
229,2,10,208,-5,224,197,True,0,,,False
229,2,11,11,4,4,184,True,1,,,True
229,2,12,216,-6,223,46,True,3,,,False
229,2,13,114,-9,220,146,True,0,,,False
229,2,14,30,-15,214,156,True,0,,,False
229,2,15,92,-11,218,208,True,0,,,False
229,2,16,85,-4,225,213,True,1,,,True
229,2,17,105,19,19,95,True,0,,,False
229,2,18,110,-5,224,22,True,0,,,False
229,2,19,22,9,9,154,True,0,,,False
229,2,20,204,14,14,227,True,1,,,False
229,2,21,33,-8,221,175,True,1,,,False
229,2,22,51,4,4,16,True,1,,,True
229,2,23,226,-4,225,156,True,1,,,True
229,2,24,28,-26,203,220,True,3,,,False
229,2,25,9,-10,219,55,True,1,,,False
229,2,26,67,17,17,160,True,0,,,False
229,2,27,16,-6,223,17,True,1,,,False
229,2,28,65,-7,222,30,True,0,,,True
229,2,29,207,3,3,23,True,0,,,False
229,2,30,219,10,10,213,True,3,,,False
229,2,31,138,-8,221,172,True,1,,,False
229,2,32,20,16,16,196,True,1,,,False
229,2,33,53,24,24,198,True,1,,,False
229,2,34,40,23,23,167,True,0,,,False
229,2,35,62,8,8,133,True,1,,,False
229,2,36,27,0,0,3,False,1,,,False
229,2,37,79,5,5,209,True,0,,,False
229,2,38,19,14,14,65,True,1,,,False
229,2,39,54,-13,216,18,True,0,,,False
229,2,40,124,-10,219,217,True,3,,,False
229,2,41,46,-28,201,92,True,1,,,False
229,2,42,12,22,22,154,True,1,,,True
229,2,43,31,26,26,192,True,3,,,False
229,2,44,153,16,16,176,True,1,,,False
229,2,45,215,-10,219,135,True,1,,,False
229,2,46,60,0,0,19,False,1,,,False
229,2,47,89,-1,228,28,True,0,,,False
229,2,48,222,-13,216,167,True,0,,,False
229,2,49,165,6,6,126,True,1,,,False
229,2,50,75,4,4,150,True,1,,,True
229,2,51,34,-5,224,194,True,0,,,False
229,2,52,136,-27,202,4,True,0,,,False
229,2,53,137,19,19,28,True,0,,,False
229,2,54,201,-7,222,122,True,0,,,True
229,2,55,152,-11,218,195,True,0,,,False
229,2,56,128,14,14,200,True,3,,,False
229,2,57,7,-7,222,52,True,0,,,True
229,2,58,106,-21,208,96,True,0,,,False
229,2,59,189,-11,218,27,True,0,,,False
229,2,60,218,-18,211,160,True,1,,,False
229,2,61,104,-12,217,91,True,1,,,False
229,2,62,142,1,1,60,True,0,,,False
229,2,63,154,20,20,142,True,1,,,False
229,2,64,141,13,13,102,True,0,,,False
229,2,65,132,-10,219,36,True,1,,,False
229,2,66,98,14,14,37,True,3,,,False
229,2,67,140,-22,207,42,True,3,,,True
229,2,68,206,5,5,179,True,0,,,False
229,2,69,78,-22,207,196,True,1,,,True
229,2,70,172,0,0,150,False,1,,,False
229,2,71,5,10,10,139,True,1,,,False
229,2,72,72,22,22,199,True,3,,,True
229,2,73,150,-22,207,24,True,3,,,True
229,2,74,149,20,20,96,True,1,,,False
229,2,75,50,-5,224,77,True,0,,,False
229,2,76,147,2,2,224,True,1,,,False
229,2,77,195,9,9,187,True,0,,,False
229,2,78,1,6,6,102,True,1,,,False
229,2,79,116,13,13,44,True,0,,,False
229,2,80,71,-20,209,38,True,1,,,False
229,2,81,36,-10,219,69,True,1,,,False
229,2,82,88,-21,208,227,True,0,,,False
229,2,83,146,-4,225,115,True,1,,,True
229,2,84,21,14,14,82,True,3,,,False
229,2,85,122,-6,223,104,True,3,,,False
229,2,86,162,-26,203,57,True,3,,,False
229,2,87,91,-26,203,133,True,1,,,False
229,2,88,109,-27,202,166,True,0,,,False
229,2,89,202,-12,217,123,True,1,,,False
229,2,90,170,25,25,216,True,0,,,False
229,2,91,214,0,0,184,False,1,,,False
229,2,92,95,-20,209,7,True,1,,,False
229,2,93,69,19,19,114,True,0,,,False
229,2,94,205,10,10,171,True,3,,,False
229,2,95,47,1,1,185,True,0,,,False
229,2,96,37,26,26,107,True,1,,,False
229,2,97,15,24,24,40,True,1,,,False
229,2,98,3,-14,215,8,True,1,,,False
229,2,99,97,-10,219,75,True,1,,,False
229,2,100,159,-28,201,198,True,1,,,False
229,2,101,217,14,14,0,True,1,,,False
229,2,102,120,-21,208,10,True,0,,,False
229,2,103,145,-6,223,45,True,3,,,False
229,2,104,135,20,20,129,True,1,,,False
229,2,105,48,-2,227,154,True,1,,,False
229,2,106,213,-14,215,187,True,1,,,False
229,2,107,113,26,26,104,True,3,,,False
229,2,108,74,-5,224,194,True,0,,,False
229,2,109,58,-4,225,120,True,1,,,True
229,2,110,182,23,23,210,True,0,,,False
229,2,111,184,-20,209,12,True,1,,,False
229,2,112,209,14,14,107,True,1,,,False
229,2,113,103,8,8,50,True,1,,,False
229,2,114,118,20,20,26,True,1,,,False
229,4,0,125,30,30,0,True,3,0,0,True
229,4,1,177,-22,207,17,True,1,2,2,True
229,4,2,25,-14,215,149,True,3,,,False
229,4,3,127,2,2,68,True,1,,,False
229,4,4,169,-15,214,34,True,0,,,False
229,4,5,225,18,18,136,True,3,,,False
229,4,6,220,-7,222,199,True,0,,,True
229,4,7,117,-10,219,1,True,1,,,False
229,4,8,90,2,2,89,True,1,,,False
229,4,9,49,-10,219,74,True,3,,,False
229,4,10,101,-30,199,108,True,1,1,1,True
229,4,11,93,0,0,136,False,1,,,False
229,4,12,143,-4,225,204,True,1,,,True
229,4,13,223,-2,227,169,True,1,,,False
229,4,14,175,-18,211,90,True,1,,,False
229,4,15,111,7,7,123,True,0,,,True
229,4,16,29,-10,219,12,True,1,,,False
229,4,17,186,-3,226,40,True,0,,,False
229,4,18,18,-20,209,26,True,1,,,False
229,4,19,211,-16,213,213,True,1,,,False
229,4,20,42,-13,216,1,True,0,,,False
229,4,21,121,-9,220,132,True,0,,,False
229,4,22,64,-15,214,139,True,0,,,False
229,4,23,24,-16,213,132,True,1,,,False
229,4,24,155,-16,213,226,True,1,,,False
229,4,25,43,3,3,212,True,0,,,False
229,4,26,102,20,20,0,True,1,,,False
229,4,27,168,6,6,18,True,3,,,False
229,4,28,41,4,4,54,True,1,,,True
229,4,29,119,28,28,206,True,1,,,False
229,4,30,68,21,21,156,True,0,,,False
229,4,31,167,-13,216,183,True,0,,,False
229,4,32,123,24,24,201,True,1,,,False
229,4,33,81,-13,216,82,True,0,,,False
229,4,34,144,10,10,110,True,3,,,False
229,4,35,174,14,14,133,True,3,,,False
229,4,36,156,10,10,0,True,1,,,False
229,4,37,26,-6,223,181,True,3,,,False
229,4,38,134,-10,219,211,True,3,,,False
229,4,39,55,2,2,216,True,3,,,False
229,4,40,52,14,14,6,True,1,,,False
229,4,41,190,-10,219,175,True,1,,,False
229,4,42,87,-4,225,106,True,1,,,True
229,4,43,96,-20,209,42,True,1,,,False
229,4,44,23,-20,209,210,True,1,,,False
229,4,45,160,8,8,99,True,1,,,False
229,4,46,129,-29,200,180,True,0,,,True
229,4,47,70,-2,227,92,True,3,,,False
229,4,48,161,-21,208,4,True,0,,,False
229,4,49,179,22,22,192,True,1,,,True
229,4,50,133,22,22,63,True,1,,,True
229,4,51,76,1,1,213,True,0,,,False
229,4,52,61,6,6,154,True,3,,,False
229,4,53,183,-25,204,124,True,0,,,False
229,4,54,17,-9,220,168,True,0,,,False
229,4,55,82,7,7,23,True,0,,,True
229,4,56,194,-8,221,202,True,1,,,False
229,4,57,185,22,22,187,True,3,1,1,True
229,4,58,80,22,22,1,True,3,,,True
229,4,59,66,16,16,140,True,1,,,False
229,4,60,38,-4,225,47,True,1,,,True
229,4,61,14,-17,212,130,True,0,,,False
229,4,62,193,-5,224,10,True,0,,,False
229,4,63,73,26,26,115,True,1,,,False
229,4,64,224,-14,215,1,True,3,,,False
229,4,65,228,6,6,96,True,3,,,False
229,4,66,59,10,10,183,True,1,,,False
229,4,67,164,8,8,166,True,1,,,False
229,4,68,130,-1,228,155,True,0,,,False
229,4,69,163,-16,213,90,True,1,,,False
229,4,70,198,14,14,188,True,1,,,False
229,4,71,203,-5,224,111,True,0,,,False
229,4,72,180,19,19,153,True,0,,,False
229,4,73,191,-2,227,15,True,1,,,False
229,4,74,126,11,11,80,True,0,,,False
229,4,75,45,29,29,198,True,0,,,True
229,4,76,227,12,12,96,True,1,,,False
229,4,77,157,14,14,137,True,1,,,False
229,4,78,188,28,28,175,True,1,,,False
229,4,79,6,22,22,85,True,1,,,True
229,4,80,176,-18,211,188,True,3,,,False
229,4,81,39,-4,225,193,True,1,,,True
229,4,82,86,6,6,86,True,1,,,False
229,4,83,178,-23,206,133,True,0,,,False
229,4,84,57,-6,223,107,True,3,,,False
229,4,85,10,-16,213,33,True,1,,,False
229,4,86,35,22,22,87,True,1,,,True
229,4,87,221,6,6,23,True,1,,,False
229,4,88,131,10,10,32,True,1,,,False
229,4,89,107,-14,215,100,True,1,,,False
229,4,90,84,-6,223,30,True,1,,,False
229,4,91,166,-8,221,216,True,1,,,False
229,4,92,13,-18,211,56,True,1,,,False
229,4,93,2,22,22,170,True,1,2,2,True
229,4,94,196,-17,212,222,True,0,,,False
229,4,95,158,-25,204,6,True,0,,,False
229,4,96,187,-15,214,90,True,0,,,False
229,4,97,115,6,6,100,True,1,,,False
229,4,98,8,18,18,95,True,1,,,False
229,4,99,99,13,13,35,True,0,,,False
229,4,100,151,-1,228,56,True,0,,,False
229,4,101,210,-2,227,32,True,3,,,False
229,4,102,173,-17,212,42,True,0,,,False
229,4,103,83,-1,228,166,True,0,,,False
229,4,104,32,24,24,36,True,1,,,False
229,4,105,199,14,14,211,True,1,,,False
229,4,106,108,9,9,197,True,0,,,False
229,4,108,171,-1,228,214,True,0,,,False
229,4,109,4,-23,206,63,True,0,,,False
229,4,110,181,13,13,197,True,0,,,False
229,4,111,44,15,15,56,True,0,,,False
229,4,112,112,2,2,122,True,1,,,False
229,4,113,197,-12,217,70,True,1,,,False
229,4,114,100,25,25,96,True,0,,,False
229,7,0,125,-4,225,0,True,1,0,0,True
229,7,1,219,-10,219,155,True,3,,,False
229,7,2,218,18,18,53,True,1,,,False
229,7,3,170,-25,204,83,True,0,,,False
229,7,4,58,4,4,132,True,1,,,True
229,7,5,116,-13,216,140,True,0,,,False
229,7,6,165,-6,223,47,True,1,,,False
229,7,7,22,-9,220,32,True,0,,,False
229,7,8,11,-4,225,164,True,1,,,True
229,7,9,46,28,28,82,True,1,,,False
229,7,10,5,-10,219,99,True,1,,,False
229,7,11,217,-14,215,0,True,1,,,False
229,7,12,3,14,14,192,True,1,,,False
229,7,13,206,-5,224,174,True,0,,,False
229,7,14,19,-14,215,186,True,1,,,False
229,7,15,148,14,14,39,True,1,,,False
229,7,16,51,-4,225,74,True,1,,,True
229,7,17,136,27,27,133,True,0,,,False
229,7,18,88,21,21,48,True,0,,,False
229,7,19,209,-14,215,180,True,1,,,False
229,7,20,91,26,26,215,True,1,,,False
229,7,21,7,7,7,103,True,0,,,True
229,7,22,16,6,6,179,True,1,,,False
229,7,23,77,10,10,211,True,3,,,False
229,7,24,53,-24,205,57,True,1,,,False
229,7,25,154,-20,209,27,True,1,,,False
229,7,26,69,-19,210,12,True,0,,,False
229,7,27,213,14,14,137,True,1,,,False
229,7,28,147,-2,227,109,True,1,,,False
229,7,29,60,0,0,227,False,1,,,False
229,7,30,85,4,4,74,True,1,,,True
229,7,31,30,15,15,149,True,0,,,False
229,7,32,153,-16,213,127,True,1,,,False
229,7,33,149,-20,209,215,True,1,,,False
229,7,34,135,-20,209,110,True,1,,,False
229,7,35,47,-1,228,89,True,0,,,False
229,7,36,132,10,10,177,True,1,,,False
229,7,37,62,-8,221,215,True,1,,,False
229,7,38,200,10,10,164,True,3,,,False
229,7,39,9,10,10,54,True,1,,,False
229,7,40,152,11,11,129,True,0,,,False
229,7,41,122,6,6,23,True,3,,,False
229,7,42,118,-20,209,166,True,1,,,False
229,7,43,21,-14,215,136,True,3,,,False
229,7,44,201,7,7,180,True,0,,,True
229,7,45,28,26,26,13,True,3,,,False
229,7,46,212,-6,223,13,True,1,,,False
229,7,47,27,0,0,157,False,1,,,False
229,7,48,98,-14,215,28,True,3,,,False
229,7,49,37,-26,203,180,True,1,,,False
229,7,50,145,6,6,164,True,3,,,False
229,7,51,150,22,22,118,True,3,,,True
229,7,52,31,-26,203,28,True,3,,,False
229,7,53,114,9,9,69,True,0,,,False
229,7,54,105,-19,210,10,True,0,,,False
229,7,55,89,1,1,15,True,0,,,False
229,7,56,195,-9,220,92,True,0,,,False
229,7,57,113,-26,203,23,True,3,,,False
229,7,58,95,20,20,168,True,1,,,False
229,7,59,142,-1,228,66,True,0,,,False
229,7,60,20,-16,213,124,True,1,,,False
229,7,61,94,-26,203,77,True,1,,,False
229,7,62,65,7,7,196,True,0,,,True
229,7,63,106,21,21,215,True,0,,,False
229,7,64,109,27,27,138,True,0,,,False
229,7,65,184,20,20,59,True,1,,,False
229,7,66,36,10,10,53,True,1,,,False
229,7,67,34,5,5,76,True,0,,,False
229,7,68,33,8,8,78,True,1,,,False
229,7,69,63,2,2,144,True,3,,,False
229,7,70,54,13,13,26,True,0,,,False
229,7,71,78,22,22,105,True,1,,,True
229,7,72,97,10,10,32,True,1,,,False
229,7,73,159,28,28,172,True,1,,,False
229,7,74,172,0,0,165,False,1,,,False
229,7,75,124,10,10,170,True,3,,,False
229,7,76,208,5,5,148,True,0,,,False
229,7,77,204,-14,215,48,True,1,,,False
229,7,78,75,-4,225,64,True,1,,,True
229,7,79,71,20,20,4,True,1,,,False
229,7,80,182,-23,206,227,True,0,,,False
229,7,81,202,12,12,204,True,1,,,False
229,7,82,189,11,11,190,True,0,,,False
229,7,83,207,-3,226,94,True,0,,,False
229,7,84,192,-20,209,173,True,1,,,False
229,7,85,138,8,8,223,True,1,,,False
229,7,86,104,12,12,106,True,1,,,False
229,7,87,214,0,0,164,False,1,,,False
229,7,88,74,5,5,76,True,0,,,False
229,7,89,1,-6,223,158,True,1,,,False
229,7,90,222,13,13,115,True,0,,,False
229,7,91,110,5,5,70,True,0,,,False
229,7,92,216,6,6,41,True,3,,,False
229,7,93,12,-22,207,197,True,1,,,True
229,7,94,72,-22,207,33,True,3,,,True
229,7,95,120,21,21,218,True,0,,,False
229,7,96,15,-24,205,44,True,1,,,False
229,7,97,140,22,22,92,True,3,,,True
229,7,98,79,-5,224,207,True,0,,,False
229,7,99,139,-23,206,114,True,0,,,False
229,7,100,226,4,4,149,True,1,,,True
229,7,101,137,-19,210,15,True,0,,,False
229,7,102,146,4,4,217,True,1,,,True
229,7,103,103,-8,221,174,True,1,,,False
229,7,104,162,26,26,223,True,3,,,False
229,7,105,128,-14,215,220,True,3,,,False
229,7,106,67,-17,212,176,True,0,,,False
229,7,107,56,2,2,146,True,1,,,False
229,7,108,40,-23,206,114,True,0,,,False
229,7,109,141,-13,216,71,True,0,,,False
229,7,110,205,-10,219,18,True,3,,,False
229,7,111,48,2,2,32,True,1,,,False
229,7,112,50,5,5,16,True,0,,,False
229,7,113,215,10,10,34,True,1,,,False
229,7,114,92,11,11,183,True,0,,,False
233,0,1,0,0,0,41,False,1,,,False
233,0,3,0,0,0,196,False,1,,,False
233,1,0,97,26,26,0,True,3,0,0,True
233,1,1,5,-3,230,60,True,0,,,False
233,1,2,95,-22,211,73,True,3,,,False
233,1,3,61,-19,214,82,True,0,,,False
233,1,4,189,-23,210,166,True,0,,,False
233,1,5,167,30,30,143,True,1,,,False
233,1,6,30,12,12,222,True,1,,,False
233,1,7,198,-1,232,104,True,0,,,False
233,1,8,223,-11,222,20,True,0,,,False
233,1,9,19,28,28,73,True,1,,,False
233,1,10,168,10,10,45,True,3,,,False
233,1,11,69,2,2,206,True,3,,,False
233,1,12,224,-14,219,11,True,1,,,False
233,1,13,76,6,6,99,True,1,,,False
233,1,14,90,7,7,203,True,0,,,False
233,1,15,196,18,18,63,True,1,,,False
233,1,16,127,-21,212,66,True,0,,,False
233,1,17,181,-16,217,165,True,1,,,True
233,1,18,83,-21,212,201,True,0,,,False
233,1,19,162,-12,221,4,True,1,,,False
233,1,20,205,-26,207,147,True,1,3,3,True
233,1,21,147,9,9,173,True,0,,,False
233,1,22,55,-18,215,41,True,1,,,False
233,1,23,106,-1,232,175,True,0,,,False
233,1,24,209,-23,210,198,True,0,,,False
233,1,25,187,0,0,114,False,1,,,False
233,1,26,215,2,2,217,True,1,,,False
233,1,27,52,10,10,162,True,1,,,False
233,1,28,228,-11,222,154,True,0,,,False
233,1,29,12,9,9,193,True,0,,,False
233,1,30,96,18,18,134,True,3,,,False
233,1,31,15,-6,227,139,True,1,,,False
233,1,32,29,-4,229,45,True,1,,,False
233,1,33,84,14,14,211,True,3,,,False
233,1,34,13,6,6,62,True,1,,,False
233,1,35,111,-6,227,29,True,3,,,False
233,1,36,130,6,6,19,True,3,,,False
233,1,37,100,10,10,144,True,1,,,False
233,1,38,163,-22,211,169,True,3,,,False
233,1,39,143,-10,223,205,True,3,,,False
233,1,40,91,4,4,128,True,1,,,False
233,1,41,203,-12,221,15,True,1,,,False
233,1,42,153,13,13,157,True,0,,,False
233,1,43,92,8,8,142,True,1,,,False
233,1,44,49,30,30,227,True,1,,,False
233,1,45,93,3,3,75,True,0,,,False
233,1,46,67,3,3,34,True,0,,,False
233,1,47,78,30,30,160,True,3,,,False
233,1,48,155,-6,227,193,True,3,,,False
233,1,49,109,6,6,93,True,1,,,False
233,1,50,213,6,6,163,True,3,,,False
233,1,51,42,-1,232,96,True,0,,,False
233,1,52,131,-4,229,14,True,1,,,False
233,1,53,7,-12,221,147,True,1,,,False
233,1,54,82,10,10,117,True,3,,,False
233,1,55,59,9,9,4,True,0,,,False
233,1,56,4,2,2,181,True,1,,,False
233,1,57,62,20,20,221,True,1,,,False
233,1,58,186,15,15,45,True,0,,,False
233,1,59,65,27,27,18,True,0,,,False
233,1,60,177,0,0,29,False,1,,,False
233,1,61,144,-6,227,151,True,1,,,False
233,1,62,45,-29,204,4,True,0,,,False
233,1,63,6,-19,214,232,True,0,,,False
233,1,64,175,-18,215,158,True,1,,,False
233,1,65,134,-9,224,5,True,0,,,False
233,1,66,149,-25,208,160,True,0,,,False
233,1,67,38,14,14,92,True,1,,,False
233,1,68,41,-6,227,139,True,3,,,False
233,1,69,141,-28,205,0,True,1,,,False
233,1,70,200,-4,229,22,True,1,,,False
233,1,71,231,4,4,149,True,1,,,False
233,1,72,219,-16,217,134,True,1,,,True
233,1,73,188,-1,232,184,True,0,,,False
233,1,74,142,-24,209,126,True,1,,,False
233,1,75,21,3,3,154,True,0,,,False
233,1,76,58,-22,211,49,True,1,,,False
233,1,77,199,15,15,27,True,0,,,False
233,1,78,122,26,26,178,True,3,2,2,True
233,1,79,115,-15,218,194,True,0,,,False
233,1,80,18,12,12,88,True,1,,,False
233,1,81,35,-13,220,27,True,0,,,False
233,1,82,107,12,12,90,True,1,,,False
233,1,83,50,-10,223,79,True,1,,,False
233,1,84,1,18,18,81,True,1,,,False
233,1,85,79,-21,212,154,True,0,,,False
233,1,86,88,5,5,1,True,0,,,False
233,1,87,230,-19,214,17,True,0,,,False
233,1,88,99,22,22,170,True,3,,,False
233,1,89,206,27,27,92,True,0,,,False
233,1,90,102,-4,229,217,True,1,,,False
233,1,91,48,-11,222,57,True,0,,,False
233,1,92,36,22,22,54,True,1,,,False
233,1,93,14,-20,213,227,True,1,,,False
233,1,94,34,-18,215,3,True,3,,,False
233,1,95,2,18,18,54,True,1,,,False
233,1,96,68,-9,224,91,True,0,,,False
233,1,97,117,16,16,105,True,1,,,True
233,1,98,32,6,6,167,True,1,,,False
233,1,99,124,-14,219,190,True,1,,,False
233,1,100,56,12,12,162,True,1,,,False
233,1,101,146,-10,223,18,True,3,,,False
233,1,102,28,-24,209,182,True,1,,,False
233,1,103,170,-6,227,59,True,1,,,False
233,1,104,208,20,20,81,True,1,,,False
233,1,105,121,10,10,207,True,1,,,False
233,1,106,132,8,8,84,True,1,,,False
233,1,107,125,-9,224,136,True,0,,,False
233,1,108,184,24,24,64,True,1,,,False
233,1,109,160,-14,219,29,True,3,,,False
233,1,110,47,-1,232,134,True,0,,,False
233,1,111,85,0,0,75,False,1,,,False
233,1,112,63,18,18,67,True,1,,,False
233,1,113,183,0,0,16,False,1,,,False
233,1,114,39,3,3,212,True,0,,,False
233,1,115,221,21,21,229,True,0,,,False
233,1,116,9,18,18,2,True,1,,,False
233,3,0,97,16,16,0,True,1,0,0,True
233,3,1,31,6,6,81,True,3,,,False
233,3,2,165,-6,227,155,True,1,,,False
233,3,3,227,-22,211,150,True,1,,,False
233,3,4,66,-26,207,174,True,3,2,2,True
233,3,5,158,-14,219,51,True,1,,,False
233,3,6,33,14,14,6,True,3,,,False
233,3,7,148,25,25,105,True,0,,,False
233,3,8,225,-15,218,112,True,0,,,False
233,3,9,180,14,14,178,True,1,,,False
233,3,10,174,8,8,218,True,1,,,False
233,3,11,169,6,6,73,True,3,,,False
233,3,12,53,10,10,167,True,1,,,False
233,3,13,211,-18,215,69,True,1,,,False
233,3,14,193,-2,231,210,True,1,,,False
233,3,15,136,-24,209,53,True,1,,,False
233,3,16,23,17,17,221,True,0,,,False
233,3,17,22,-8,225,108,True,1,,,False
233,3,18,112,-21,212,104,True,0,,,False
233,3,19,10,-6,227,5,True,1,,,False
233,3,20,114,-6,227,55,True,1,,,False
233,3,21,37,-6,227,110,True,3,,,False
233,3,22,60,-18,215,138,True,3,,,False
233,3,23,51,29,29,98,True,0,,,False
233,3,24,171,-21,212,63,True,0,,,False
233,3,25,81,13,13,183,True,0,,,False
233,3,26,139,-10,223,172,True,1,,,False
233,3,27,217,-3,230,9,True,0,,,False
233,3,28,185,-8,225,141,True,1,,,False
233,3,29,25,-18,215,138,True,3,,,False
233,3,30,86,-24,209,4,True,1,,,False
233,3,31,40,-24,209,71,True,1,,,False
233,3,32,72,-2,231,86,True,3,,,False
233,3,33,137,18,18,78,True,1,,,False
233,3,34,202,-6,227,93,True,3,,,False
233,3,35,108,6,6,46,True,1,,,False
233,3,36,191,6,6,197,True,1,,,False
233,3,37,87,-24,209,208,True,1,,,False
233,3,38,73,14,14,217,True,1,,,False
233,3,39,159,-3,230,117,True,0,,,False
233,3,40,210,-11,222,198,True,0,,,False
233,3,41,128,18,18,189,True,3,,,False
233,3,42,161,-21,212,28,True,0,,,False
233,3,43,113,11,11,39,True,0,,,False
233,3,44,140,-6,227,182,True,1,,,False
233,3,45,8,10,10,228,True,3,,,False
233,3,46,27,4,4,137,True,1,,,False
233,3,47,156,-8,225,162,True,1,,,False
233,3,48,173,3,3,39,True,0,,,False
233,3,49,204,21,21,78,True,0,,,False
233,3,50,104,6,6,79,True,3,,,False
233,3,51,98,-3,230,71,True,0,,,False
233,3,52,218,-9,224,169,True,0,,,False
233,3,53,201,-7,226,113,True,0,,,False
233,3,54,176,6,6,223,True,1,,,False
233,3,56,226,27,27,64,True,0,,,False
233,3,57,164,-26,207,184,True,1,3,3,True
233,3,58,74,17,17,210,True,0,,,False
233,3,59,101,-21,212,115,True,0,,,False
233,3,60,57,-16,217,68,True,1,,,True
233,3,61,26,14,14,186,True,3,,,False
233,3,62,11,0,0,214,False,1,,,False
233,3,63,110,-13,220,19,True,0,,,False
233,3,64,214,9,9,130,True,0,,,False
233,3,65,71,25,25,37,True,0,,,False
233,3,66,182,1,1,167,True,0,,,False
233,3,67,20,24,24,119,True,1,,,False
233,3,68,17,-14,219,37,True,1,,,False
233,3,69,179,4,4,38,True,1,,,False
233,3,70,120,-22,211,28,True,3,,,False
233,3,71,70,-18,215,132,True,1,,,False
233,3,72,119,4,4,131,True,1,,,False
233,3,73,3,14,14,220,True,1,,,False
233,3,74,138,24,24,230,True,1,,,False
233,3,75,212,-12,221,122,True,1,,,False
233,3,76,126,10,10,133,True,3,,,False
233,3,77,64,9,9,196,True,0,,,False
233,3,78,44,4,4,175,True,1,,,False
233,3,79,103,26,26,115,True,1,3,3,True
233,3,80,222,-10,223,179,True,1,,,False
233,3,81,197,11,11,102,True,0,,,False
233,3,82,75,16,16,118,True,1,,,True
233,3,83,229,-19,214,98,True,0,,,False
233,3,84,152,18,18,43,True,3,,,False
233,3,85,220,-1,232,29,True,0,,,False
233,3,86,43,18,18,103,True,1,,,False
233,3,87,77,-24,209,121,True,1,,,False
233,3,88,129,-5,228,215,True,0,,,False
233,3,89,207,26,26,215,True,3,1,1,True
233,3,90,166,26,26,78,True,1,3,3,True
233,3,91,46,-15,218,134,True,0,,,False
233,3,92,133,3,3,52,True,0,,,False
233,3,93,216,12,12,226,True,1,,,False
233,3,94,172,-12,221,163,True,1,,,False
233,3,95,154,-6,227,25,True,1,,,False
233,3,96,80,18,18,148,True,1,,,False
233,3,97,157,-7,226,231,True,0,,,False
233,3,98,24,-8,225,66,True,1,,,False
233,3,99,94,-2,231,217,True,1,,,False
233,3,100,145,-10,223,109,True,1,,,False
233,3,101,195,-11,222,112,True,0,,,False
233,3,102,116,-6,227,116,True,3,,,False
233,3,103,54,-8,225,83,True,1,,,False
233,3,104,150,22,22,190,True,1,,,False
233,3,105,232,9,9,177,True,0,,,False
233,3,106,190,-16,217,162,True,1,,,True
233,3,107,192,-20,213,154,True,1,,,False
233,3,108,151,6,6,5,True,1,,,False
233,3,109,194,24,24,228,True,1,,,False
233,3,110,123,15,15,19,True,0,,,False
233,3,111,178,-17,216,93,True,0,,,False
233,3,112,16,-19,214,196,True,0,,,False
233,3,113,135,-6,227,170,True,3,,,False
233,3,114,89,27,27,34,True,0,,,False
233,3,115,118,24,24,28,True,1,,,False
233,3,116,105,5,5,173,True,0,,,False
233,7,0,97,-26,207,0,True,3,0,0,True
233,7,1,41,6,6,56,True,3,,,False
233,7,2,117,-16,217,127,True,1,,,True
233,7,3,12,-9,224,229,True,0,,,False
233,7,4,143,10,10,96,True,3,,,False
233,7,5,125,9,9,33,True,0,,,False
233,7,6,186,-15,218,121,True,0,,,False
233,7,7,168,-10,223,112,True,3,,,False
233,7,8,122,-26,207,122,True,3,2,2,True
233,7,9,230,19,19,25,True,0,,,False
233,7,10,162,12,12,47,True,1,,,False
233,7,11,109,-6,227,14,True,1,,,False
233,7,12,9,-18,215,140,True,1,,,False
233,7,13,155,6,6,229,True,3,,,False
233,7,14,205,26,26,195,True,1,3,3,True
233,7,15,99,-22,211,216,True,3,,,False
233,7,16,199,-15,218,26,True,0,,,False
233,7,17,19,-28,205,217,True,1,,,False
233,7,18,65,-27,206,138,True,0,,,False
233,7,19,132,-8,225,55,True,1,,,False
233,7,20,163,22,22,180,True,3,,,False
233,7,21,96,-18,215,173,True,3,,,False
233,7,22,32,-6,227,193,True,1,,,False
233,7,23,38,-14,219,149,True,1,,,False
233,7,24,5,3,3,227,True,0,,,False
233,7,25,141,28,28,0,True,1,,,False
233,7,26,68,9,9,79,True,0,,,False
233,7,27,228,11,11,62,True,0,,,False
233,7,28,91,-4,229,127,True,1,,,False
233,7,29,184,-24,209,180,True,1,,,False
233,7,30,62,-20,213,92,True,1,,,False
233,7,31,69,-2,231,26,True,3,,,False
233,7,32,115,15,15,167,True,0,,,False
233,7,33,88,-5,228,70,True,0,,,False
233,7,34,83,21,21,90,True,0,,,False
233,7,35,213,-6,227,7,True,3,,,False
233,7,36,221,-21,212,186,True,0,,,False
233,7,37,78,-30,203,16,True,3,,,False
233,7,38,147,-9,224,6,True,0,,,False
233,7,39,206,-27,206,84,True,0,,,False
233,7,40,58,22,22,168,True,1,,,False
233,7,41,223,11,11,2,True,0,,,False
233,7,42,177,0,0,67,False,1,,,False
233,7,43,121,-10,223,44,True,1,,,False
233,7,44,100,-10,223,61,True,1,,,False
233,7,45,15,6,6,56,True,1,,,False
233,7,46,124,14,14,214,True,1,,,False
233,7,47,149,25,25,16,True,0,,,False
233,7,48,95,22,22,16,True,3,,,False
233,7,49,200,4,4,91,True,1,,,False
233,7,50,2,-18,215,52,True,1,,,False
233,7,51,52,-10,223,156,True,1,,,False
233,7,52,203,12,12,115,True,1,,,False
233,7,53,160,14,14,67,True,3,,,False
233,7,54,4,-2,231,88,True,1,,,False
233,7,55,224,14,14,162,True,1,,,False
233,7,56,18,-12,221,131,True,1,,,False
233,7,57,79,21,21,62,True,0,,,False
233,7,58,181,16,16,133,True,1,,,True
233,7,59,42,1,1,37,True,0,,,False
233,7,60,39,-3,230,161,True,0,,,False
233,7,61,67,-3,230,50,True,0,,,False
233,7,62,55,18,18,159,True,1,,,False
233,7,63,102,4,4,188,True,1,,,False
233,7,64,21,-3,230,62,True,0,,,False
233,7,65,198,1,1,57,True,0,,,False
233,7,66,144,6,6,148,True,1,,,False
233,7,67,208,-20,213,78,True,1,,,False
233,7,68,130,-6,227,165,True,3,,,False
233,7,69,29,4,4,112,True,1,,,False
233,7,70,56,-12,221,77,True,1,,,False
233,7,71,134,9,9,117,True,0,,,False
233,7,72,61,19,19,85,True,0,,,False
233,7,73,231,-4,229,55,True,1,,,False
233,7,74,34,18,18,210,True,3,,,False
233,7,75,215,-2,231,45,True,1,,,False
233,7,76,153,-13,220,194,True,0,,,False
233,7,77,47,1,1,173,True,0,,,False
233,7,78,59,-9,224,47,True,0,,,False
233,7,79,76,-6,227,60,True,1,,,False
233,7,80,35,13,13,207,True,0,,,False
233,7,81,1,-18,215,78,True,1,,,False
233,7,82,127,21,21,193,True,0,,,False
233,7,83,131,4,4,185,True,1,,,False
233,7,84,183,0,0,188,False,1,,,False
233,7,85,93,-3,230,124,True,0,,,False
233,7,86,106,1,1,99,True,0,,,False
233,7,87,48,11,11,204,True,0,,,False
233,7,88,142,24,24,199,True,1,,,False
233,7,89,30,-12,221,162,True,1,,,False
233,7,90,45,29,29,186,True,0,,,False
233,7,91,170,6,6,169,True,1,,,False
233,7,92,111,6,6,166,True,3,,,False
233,7,93,84,-14,219,142,True,3,,,False
233,7,94,146,10,10,138,True,3,,,False
233,7,95,175,18,18,109,True,1,,,False
233,7,96,189,23,23,30,True,0,,,False
233,7,97,219,16,16,173,True,1,,,True
233,7,98,14,20,20,46,True,1,,,False
233,7,99,187,0,0,58,False,1,,,False
233,7,100,92,-8,225,79,True,1,,,False
233,7,101,85,0,0,109,False,1,,,False
233,7,102,82,-10,223,35,True,3,,,False
233,7,103,90,-7,226,3,True,0,,,False
233,7,104,107,-12,221,224,True,1,,,False
233,7,105,50,10,10,171,True,1,,,False
233,7,106,196,-18,215,216,True,1,,,False
233,7,107,7,12,12,195,True,1,,,False
233,7,108,63,-18,215,30,True,1,,,False
233,7,109,49,-30,203,46,True,1,,,False
233,7,110,209,23,23,120,True,0,,,False
233,7,111,36,-22,211,181,True,1,,,False
233,7,112,188,1,1,65,True,0,,,False
233,7,113,167,-30,203,224,True,1,,,False
233,7,114,6,19,19,70,True,0,,,False
233,7,115,28,24,24,158,True,1,,,False
233,7,116,13,-6,227,146,True,1,,,False
233,17,0,97,-16,217,0,True,1,0,0,True
233,17,1,201,7,7,41,True,0,,,False
233,17,2,190,16,16,166,True,1,,,True
233,17,3,138,-24,209,98,True,1,,,False
233,17,4,37,6,6,57,True,3,,,False
233,17,5,72,2,2,91,True,3,,,False
233,17,6,220,1,1,93,True,0,,,False
233,17,7,154,6,6,193,True,1,,,False
233,17,8,161,21,21,95,True,0,,,False
233,17,9,169,-6,227,210,True,3,,,False
233,17,10,214,-9,224,208,True,0,,,False
233,17,11,105,-5,228,96,True,0,,,False
233,17,12,110,13,13,156,True,0,,,False
233,17,13,174,-8,225,24,True,1,,,False
233,17,14,113,-11,222,109,True,0,,,False
233,17,15,80,-18,215,97,True,1,,,False
233,17,16,152,-18,215,71,True,3,,,False
233,17,17,40,24,24,166,True,1,,,False
233,17,18,60,18,18,81,True,3,,,False
233,17,19,212,12,12,102,True,1,,,False
233,17,20,232,-9,224,43,True,0,,,False
233,17,21,218,9,9,149,True,0,,,False
233,17,22,31,-6,227,83,True,3,,,False
233,17,23,176,-6,227,217,True,1,,,False
233,17,24,192,20,20,60,True,1,,,False
233,17,25,3,-14,219,114,True,1,,,False
233,17,26,114,6,6,145,True,1,,,False
233,17,27,137,-18,215,218,True,1,,,False
233,17,28,43,-18,215,25,True,1,,,False
233,17,29,172,12,12,112,True,1,,,False
233,17,30,128,-18,215,117,True,3,,,False
233,17,31,53,-10,223,174,True,1,,,False
233,17,32,71,-25,208,199,True,0,,,False
233,17,33,118,-24,209,95,True,1,,,False
233,17,34,11,0,0,77,False,1,,,False
233,17,35,180,-14,219,88,True,1,,,False
233,17,36,140,6,6,198,True,1,,,False
233,17,37,157,7,7,90,True,0,,,False
233,17,38,229,19,19,216,True,0,,,False
233,17,39,86,24,24,180,True,1,,,False
233,17,40,51,-29,204,17,True,0,,,False
233,17,41,126,-10,223,73,True,3,,,False
233,17,42,150,-22,211,162,True,1,,,False
233,17,43,98,3,3,166,True,0,,,False
233,17,44,165,6,6,15,True,1,,,False
233,17,46,151,-6,227,8,True,1,,,False
233,17,47,119,-4,229,70,True,1,,,False
233,17,48,10,6,6,225,True,1,,,False
233,17,49,202,6,6,9,True,3,,,False
233,17,50,77,24,24,147,True,1,,,False
233,17,51,216,-12,221,151,True,1,,,False
233,17,52,210,11,11,56,True,0,,,False
233,17,53,211,18,18,157,True,1,,,False
233,17,54,182,-1,232,174,True,0,,,False
233,17,55,89,-27,206,132,True,0,,,False
233,17,56,26,-14,219,215,True,3,,,False
233,17,57,225,15,15,147,True,0,,,False
233,17,58,8,-10,223,225,True,3,,,False
233,17,59,24,8,8,59,True,1,,,False
233,17,60,75,-16,217,184,True,1,,,True
233,17,61,25,18,18,152,True,3,,,False
233,17,62,171,21,21,194,True,0,,,False
233,17,63,64,-9,224,34,True,0,,,False
233,17,64,54,8,8,7,True,1,,,False
233,17,65,104,-6,227,60,True,3,,,False
233,17,66,227,22,22,7,True,1,,,False
233,17,67,226,-27,206,149,True,0,,,False
233,17,68,194,-24,209,225,True,1,,,False
233,17,69,70,18,18,115,True,1,,,False
233,17,70,112,21,21,20,True,0,,,False
233,17,71,108,-6,227,27,True,1,,,False
233,17,72,129,5,5,111,True,0,,,False
233,17,73,133,-3,230,10,True,0,,,False
233,17,74,159,3,3,139,True,0,,,False
233,17,75,193,2,2,103,True,1,,,False
233,17,76,20,-24,209,4,True,1,,,False
233,17,77,135,6,6,194,True,3,,,False
233,17,78,57,16,16,31,True,1,,,True
233,17,79,148,-25,208,65,True,0,,,False
233,17,80,27,-4,229,126,True,1,,,False
233,17,81,94,2,2,21,True,1,,,False
233,17,82,197,-11,222,163,True,0,,,False
233,17,83,185,8,8,54,True,1,,,False
233,17,84,81,-13,220,153,True,0,,,False
233,17,85,44,-4,229,47,True,1,,,False
233,17,86,116,6,6,94,True,3,,,False
233,17,87,204,-21,212,15,True,0,,,False
233,17,88,66,26,26,92,True,3,2,2,True
233,17,89,164,26,26,108,True,1,3,3,True
233,17,90,123,-15,218,77,True,0,,,False
233,17,91,120,22,22,95,True,3,,,False
233,17,92,22,8,8,200,True,1,,,False
233,17,93,191,-6,227,222,True,1,,,False
233,17,94,207,-26,207,111,True,3,1,1,True
233,17,95,46,15,15,205,True,0,,,False
233,17,96,73,-14,219,212,True,1,,,False
233,17,97,136,24,24,178,True,1,,,False
233,17,98,17,14,14,199,True,1,,,False
233,17,99,16,19,19,199,True,0,,,False
233,17,100,101,21,21,49,True,0,,,False
233,17,101,33,-14,219,37,True,3,,,False
233,17,102,156,8,8,166,True,1,,,False
233,17,103,145,10,10,221,True,1,,,False
233,17,104,222,10,10,133,True,1,,,False
233,17,105,217,3,3,172,True,0,,,False
233,17,106,139,10,10,182,True,1,,,False
233,17,107,103,-26,207,184,True,1,3,3,True
233,17,108,195,11,11,147,True,0,,,False
233,17,109,173,-3,230,124,True,0,,,False
233,17,110,158,14,14,35,True,1,,,False
233,17,111,74,-17,216,103,True,0,,,False
233,17,112,178,17,17,9,True,0,,,False
233,17,113,179,-4,229,79,True,1,,,False
233,17,114,23,-17,216,159,True,0,,,False
233,17,115,87,24,24,193,True,1,,,False
233,17,116,166,-26,207,218,True,1,3,3,True
239,0,1,0,0,0,165,False,1,,,False
239,0,7,0,0,0,170,False,1,,,False
239,1,0,55,0,0,62,False,1,,,False
239,1,1,169,-22,217,107,True,1,,,False
239,1,2,130,8,8,50,True,3,,,False
239,1,3,147,-24,215,19,True,1,,,False
239,1,4,211,-18,221,118,True,1,,,False
239,1,5,120,-10,229,200,True,1,,,False
239,1,6,11,20,20,0,True,1,,,False
239,1,7,161,-24,215,171,True,1,,,False
239,1,8,105,0,0,174,False,3,,,False
239,1,9,125,16,16,47,True,1,,,False
239,1,10,226,-18,221,44,True,1,,,False
239,1,11,13,-17,222,135,True,0,,,False
239,1,12,186,-6,233,129,True,1,,,False
239,1,13,82,-21,218,132,True,0,,,False
239,1,14,119,-12,227,238,True,3,,,False
239,1,15,140,-21,218,163,True,0,,,False
239,1,16,65,-17,222,72,True,0,,,False
239,1,17,57,8,8,55,True,3,,,False
239,1,18,79,5,5,205,True,0,,,False
239,1,19,95,-1,238,92,True,0,,,False
239,1,20,24,8,8,120,True,1,,,False
239,1,21,25,20,20,115,True,1,,,False
239,1,22,33,16,16,234,True,1,,,False
239,1,23,68,0,0,48,False,1,,,False
239,1,24,56,8,8,230,True,3,,,False
239,1,25,210,-16,223,177,True,3,,,False
239,1,26,231,-27,212,7,True,0,,,False
239,1,27,126,-11,228,59,True,0,,,False
239,1,28,104,19,19,201,True,0,,,False
239,1,29,196,22,22,174,True,1,,,False
239,1,30,81,-18,221,133,True,1,,,False
239,1,31,189,5,5,133,True,0,,,False
239,1,32,143,-11,228,80,True,0,,,False
239,1,33,22,-14,225,48,True,1,,,False
239,1,34,103,-15,224,83,True,0,,,False
239,1,35,123,17,17,167,True,0,,,False
239,1,36,124,-2,237,201,True,1,,,False
239,1,37,132,16,16,226,True,1,,,False
239,1,38,177,3,3,41,True,0,,,False
239,1,39,162,6,6,19,True,1,,,False
239,1,40,235,0,0,88,False,3,,,False
239,1,41,1,-24,215,103,True,1,,,False
239,1,42,232,-16,223,48,True,1,,,False
239,1,43,190,15,15,133,True,0,,,False
239,1,44,15,24,24,123,True,1,,,False
239,1,45,198,8,8,200,True,1,,,False
239,1,46,174,-10,229,236,True,1,,,False
239,1,47,93,-20,219,191,True,1,,,False
239,1,48,96,-10,229,214,True,1,,,False
239,1,49,204,26,26,181,True,1,,,False
239,1,50,205,-19,220,18,True,0,,,False
239,1,51,62,4,4,105,True,1,,,False
239,1,52,151,9,9,90,True,0,,,False
239,1,53,14,16,16,160,True,3,,,False
239,1,54,59,-8,231,193,True,3,,,False
239,1,55,134,6,6,121,True,1,,,False
239,1,56,208,-23,216,237,True,0,,,False
239,1,57,84,12,12,199,True,3,,,False
239,1,58,98,-30,209,65,True,1,,,False
239,1,59,108,4,4,171,True,1,,,False
239,1,60,170,-4,235,69,True,1,,,False
239,1,61,160,26,26,136,True,1,,,False
239,1,62,83,18,18,69,True,1,,,False
239,1,63,191,-15,224,216,True,0,,,False
239,1,64,63,3,3,212,True,0,,,False
239,1,65,179,9,9,53,True,0,,,False
239,1,66,42,-5,234,215,True,0,,,False
239,1,67,133,10,10,59,True,1,,,False
239,1,68,221,-24,215,216,True,3,,,False
239,1,69,70,-15,224,125,True,0,,,False
239,1,70,115,21,21,53,True,0,,,False
239,1,71,201,-14,225,185,True,1,,,False
239,1,72,213,-4,235,218,True,1,,,False
239,1,73,51,-28,211,183,True,1,,,False
239,1,74,138,-27,212,142,True,0,,,False
239,1,75,199,19,19,216,True,0,,,False
239,1,76,54,-20,219,176,True,1,,,False
239,1,77,6,-6,233,181,True,1,,,False
239,1,78,148,15,15,121,True,0,,,False
239,1,79,193,0,0,66,False,1,,,False
239,1,80,168,23,23,221,True,0,,,False
239,1,81,41,15,15,192,True,0,,,False
239,1,82,117,15,15,19,True,0,,,False
239,1,83,224,9,9,229,True,0,,,False
239,1,84,166,10,10,200,True,1,,,False
239,1,85,4,-18,221,148,True,1,,,False
239,1,86,175,28,28,69,True,3,,,False
239,1,87,10,6,6,147,True,1,,,False
239,1,88,73,-15,224,33,True,0,,,False
239,1,89,106,-4,235,202,True,3,,,False
239,1,90,238,9,9,47,True,0,,,False
239,1,91,89,-3,236,97,True,0,,,False
239,1,92,144,12,12,237,True,1,,,False
239,1,93,49,12,12,113,True,1,,,False
239,1,94,128,24,24,35,True,1,,,False
239,1,95,154,12,12,31,True,3,,,False
239,1,96,77,7,7,27,True,0,,,False
239,1,97,217,0,0,198,False,3,,,False
239,1,98,86,9,9,205,True,0,,,False
239,1,99,45,28,28,91,True,1,,,False
239,1,100,156,25,25,106,True,0,,,False
239,1,101,146,-1,238,56,True,0,,,False
239,1,102,30,-2,237,63,True,1,,,False
239,1,103,40,6,6,15,True,1,,,False
239,1,104,229,-7,232,172,True,0,,,False
239,1,105,102,12,12,137,True,1,,,False
239,1,106,101,20,20,26,True,1,,,False
239,1,107,50,-12,227,204,True,1,,,False
239,1,108,31,-24,215,234,True,1,,,False
239,1,109,171,24,24,142,True,3,,,False
239,1,110,188,16,16,215,True,3,,,False
239,1,111,212,-8,231,40,True,3,,,False
239,1,112,90,-6,233,186,True,1,,,False
239,1,113,237,9,9,20,True,0,,,False
239,1,114,5,28,28,139,True,1,,,False
239,1,115,164,-12,227,22,True,3,,,False
239,1,116,192,0,0,163,False,1,,,False
239,1,117,150,2,2,176,True,1,,,False
239,1,118,44,18,18,102,True,1,,,False
239,1,119,215,0,0,72,False,3,,,False
239,1,120,215,0,0,72,False,3,,,False
239,1,121,44,-18,221,102,True,1,,,False
239,1,122,150,-2,237,176,True,1,,,False
239,1,123,192,0,0,163,False,1,,,False
239,1,124,164,12,12,22,True,3,,,False
239,1,125,5,-28,211,139,True,1,,,False
239,1,126,237,-9,230,20,True,0,,,False
239,1,127,90,6,6,186,True,1,,,False
239,1,128,212,8,8,40,True,3,,,False
239,1,129,188,-16,223,215,True,3,,,False
239,1,130,171,-24,215,142,True,3,,,False
239,1,131,31,24,24,234,True,1,,,False
239,1,132,50,12,12,204,True,1,,,False
239,1,133,101,-20,219,26,True,1,,,False
239,1,134,102,-12,227,137,True,1,,,False
239,1,135,229,7,7,172,True,0,,,False
239,1,136,40,-6,233,15,True,1,,,False
239,1,137,30,2,2,63,True,1,,,False
239,1,138,146,1,1,56,True,0,,,False
239,1,139,156,-25,214,106,True,0,,,False
239,1,140,45,-28,211,91,True,1,,,False
239,1,141,86,-9,230,205,True,0,,,False
239,1,142,217,0,0,198,False,3,,,False
239,1,143,77,-7,232,27,True,0,,,False
239,1,144,154,-12,227,31,True,3,,,False
239,1,145,128,-24,215,35,True,1,,,False
239,1,146,49,-12,227,113,True,1,,,False
239,1,147,144,-12,227,237,True,1,,,False
239,1,148,89,3,3,97,True,0,,,False
239,1,149,238,-9,230,47,True,0,,,False
239,1,150,106,4,4,202,True,3,,,False
239,1,151,73,15,15,33,True,0,,,False
239,1,152,10,-6,233,147,True,1,,,False
239,1,153,175,-28,211,69,True,3,,,False
239,1,154,4,18,18,148,True,1,,,False
239,1,155,166,-10,229,200,True,1,,,False
239,1,156,224,-9,230,229,True,0,,,False
239,1,157,117,-15,224,19,True,0,,,False
239,1,158,41,-15,224,192,True,0,,,False
239,1,159,168,-23,216,221,True,0,,,False
239,1,160,193,0,0,66,False,1,,,False
239,1,161,148,-15,224,121,True,0,,,False
239,1,162,6,6,6,181,True,1,,,False
239,1,163,54,20,20,176,True,1,,,False
239,1,164,199,-19,220,216,True,0,,,False
239,1,165,138,27,27,142,True,0,,,False
239,1,166,51,28,28,183,True,1,,,False
239,1,167,213,4,4,218,True,1,,,False
239,1,168,201,14,14,185,True,1,,,False
239,1,169,115,-21,218,53,True,0,,,False
239,1,170,70,15,15,125,True,0,,,False
239,1,171,221,24,24,216,True,3,,,False
239,1,172,133,-10,229,59,True,1,,,False
239,1,173,42,5,5,215,True,0,,,False
239,1,174,179,-9,230,53,True,0,,,False
239,1,175,63,-3,236,212,True,0,,,False
239,1,176,191,15,15,216,True,0,,,False
239,1,177,83,-18,221,69,True,1,,,False
239,1,178,160,-26,213,136,True,1,,,False
239,1,179,170,4,4,69,True,1,,,False
239,1,180,108,-4,235,171,True,1,,,False
239,1,181,98,30,30,65,True,1,,,False
239,1,182,84,-12,227,199,True,3,,,False
239,1,183,208,23,23,237,True,0,,,False
239,1,184,134,-6,233,121,True,1,,,False
239,1,185,59,8,8,193,True,3,,,False
239,1,186,14,-16,223,160,True,3,,,False
239,1,187,151,-9,230,90,True,0,,,False
239,1,188,62,-4,235,105,True,1,,,False
239,1,189,205,19,19,18,True,0,,,False
239,1,190,204,-26,213,181,True,1,,,False
239,1,191,96,10,10,214,True,1,,,False
239,1,192,93,20,20,191,True,1,,,False
239,1,193,174,10,10,236,True,1,,,False
239,1,194,198,-8,231,200,True,1,,,False
239,1,195,15,-24,215,123,True,1,,,False
239,1,196,190,-15,224,133,True,0,,,False
239,1,197,232,16,16,48,True,1,,,False
239,1,198,1,24,24,103,True,1,,,False
239,1,199,235,0,0,88,False,3,,,False
239,1,200,162,-6,233,19,True,1,,,False
239,1,201,177,-3,236,41,True,0,,,False
239,1,202,132,-16,223,226,True,1,,,False
239,1,203,124,2,2,201,True,1,,,False
239,1,204,123,-17,222,167,True,0,,,False
239,1,205,103,15,15,83,True,0,,,False
239,1,206,22,14,14,48,True,1,,,False
239,1,207,143,11,11,80,True,0,,,False
239,1,208,189,-5,234,133,True,0,,,False
239,1,209,81,18,18,133,True,1,,,False
239,1,210,196,-22,217,174,True,1,,,False
239,1,211,104,-19,220,201,True,0,,,False
239,1,212,126,11,11,59,True,0,,,False
239,1,213,231,27,27,7,True,0,,,False
239,1,214,210,16,16,177,True,3,,,False
239,1,215,56,-8,231,230,True,3,,,False
239,1,216,68,0,0,48,False,1,,,False
239,1,217,33,-16,223,234,True,1,,,False
239,1,218,25,-20,219,115,True,1,,,False
239,1,219,24,-8,231,120,True,1,,,False
239,1,220,95,1,1,92,True,0,,,False
239,1,221,79,-5,234,205,True,0,,,False
239,1,222,57,-8,231,55,True,3,,,False
239,1,223,65,17,17,72,True,0,,,False
239,1,224,140,21,21,163,True,0,,,False
239,1,225,119,12,12,238,True,3,,,False
239,1,226,82,21,21,132,True,0,,,False
239,1,227,186,6,6,129,True,1,,,False
239,1,228,13,17,17,135,True,0,,,False
239,1,229,226,18,18,44,True,1,,,False
239,1,230,125,-16,223,47,True,1,,,False
239,1,231,105,0,0,174,False,3,,,False
239,1,232,161,24,24,171,True,1,,,False
239,1,233,11,-20,219,0,True,1,,,False
239,1,234,120,10,10,200,True,1,,,False
239,1,235,211,18,18,118,True,1,,,False
239,1,236,147,24,24,19,True,1,,,False
239,1,237,130,-8,231,50,True,3,,,False
239,1,238,169,22,22,107,True,1,,,False
239,7,0,55,0,0,147,False,3,,,False
239,7,1,234,12,12,121,True,1,,,False
239,7,2,9,3,3,137,True,0,,,False
239,7,3,100,21,21,65,True,0,,,False
239,7,4,36,13,13,178,True,0,,,False
239,7,5,19,20,20,153,True,1,,,False
239,7,6,230,6,6,187,True,1,,,False
239,7,7,28,12,12,205,True,1,,,False
239,7,8,214,0,0,48,False,1,,,False
239,7,9,76,-4,235,48,True,1,,,False
239,7,10,46,-8,231,150,True,1,,,False
239,7,11,53,-8,231,53,True,1,,,False
239,7,12,207,22,22,53,True,1,,,False
239,7,13,145,24,24,51,True,3,,,False
239,7,14,173,-4,235,233,True,1,,,False
239,7,15,187,25,25,119,True,0,,,False
239,7,16,48,-24,215,230,True,3,,,False
239,7,17,43,-6,233,229,True,1,,,False
239,7,18,75,-20,219,48,True,3,,,False
239,7,19,97,-6,233,132,True,1,,,False
239,7,20,60,11,11,167,True,0,,,False
239,7,21,78,6,6,113,True,1,,,False
239,7,22,181,-30,209,199,True,1,,,False
239,7,23,111,-18,221,80,True,1,,,False
239,7,24,182,-15,224,5,True,0,,,False
239,7,25,172,14,14,64,True,1,,,False
239,7,26,163,20,20,49,True,3,,,False
239,7,27,18,-13,226,201,True,0,,,False
239,7,28,180,-15,224,191,True,0,,,False
239,7,29,17,-9,230,197,True,0,,,False
239,7,30,178,-12,227,150,True,1,,,False
239,7,31,153,17,17,152,True,0,,,False
239,7,32,236,30,30,43,True,1,,,False
239,7,33,206,-8,231,147,True,1,,,False
239,7,34,47,-14,225,2,True,1,,,False
239,7,35,129,-6,233,159,True,1,,,False
239,7,36,131,-2,237,202,True,1,,,False
239,7,37,27,16,16,116,True,3,,,False
239,7,38,110,-24,215,176,True,3,,,False
239,7,39,112,30,30,160,True,1,,,False
239,7,40,202,5,5,196,True,0,,,False
239,7,41,12,-29,210,222,True,0,,,False
239,7,42,35,8,8,83,True,1,,,False
239,7,43,91,-9,230,186,True,0,,,False
239,7,44,203,20,20,229,True,1,,,False
239,7,45,37,-6,233,125,True,1,,,False
239,7,46,20,-9,230,204,True,0,,,False
239,7,47,122,24,24,207,True,3,,,False
239,7,48,69,-20,219,111,True,1,,,False
239,7,49,16,-29,210,198,True,0,,,False
239,7,50,94,-12,227,107,True,1,,,False
239,7,51,3,-5,234,152,True,0,,,False
239,7,52,219,18,18,106,True,1,,,False
239,7,53,23,-6,233,106,True,1,,,False
239,7,54,29,9,9,30,True,0,,,False
239,7,55,142,-27,212,149,True,0,,,False
239,7,56,223,16,16,130,True,1,,,False
239,7,57,38,12,12,77,True,1,,,False
239,7,58,72,-1,238,44,True,0,,,False
239,7,59,32,3,3,229,True,0,,,False
239,7,60,220,27,27,49,True,0,,,False
239,7,61,7,8,8,140,True,1,,,False
239,7,63,39,-22,217,15,True,1,,,False
239,7,64,136,16,16,8,True,3,,,False
239,7,65,137,-2,237,15,True,1,,,False
239,7,66,52,2,2,236,True,1,,,False
239,7,67,2,-5,234,33,True,0,,,False
239,7,68,66,-9,230,124,True,0,,,False
239,7,69,114,6,6,76,True,1,,,False
239,7,70,228,26,26,54,True,1,,,False
239,7,71,167,-6,233,34,True,1,,,False
239,7,72,149,-26,213,53,True,1,,,False
239,7,73,194,16,16,147,True,1,,,False
239,7,74,21,-20,219,228,True,1,,,False
239,7,75,158,24,24,49,True,1,,,False
239,7,76,184,6,6,10,True,1,,,False
239,7,77,176,25,25,201,True,0,,,False
239,7,78,87,11,11,40,True,0,,,False
239,7,79,116,20,20,167,True,3,,,False
239,7,80,74,-12,227,154,True,1,,,False
239,7,81,107,0,0,150,False,1,,,False
239,7,82,227,10,10,61,True,1,,,False
239,7,83,64,-19,220,99,True,0,,,False
239,7,84,183,15,15,213,True,0,,,False
239,7,85,71,27,27,234,True,0,,,False
239,7,86,113,0,0,88,False,3,,,False
239,7,87,197,-8,231,11,True,3,,,False
239,7,88,61,-13,226,235,True,0,,,False
239,7,89,58,21,21,178,True,0,,,False
239,7,90,159,-2,237,30,True,1,,,False
239,7,91,222,2,2,217,True,1,,,False
239,7,92,216,16,16,67,True,3,,,False
239,7,93,195,6,6,226,True,1,,,False
239,7,94,85,24,24,85,True,3,,,False
239,7,95,185,0,0,45,False,1,,,False
239,7,96,200,-13,226,144,True,0,,,False
239,7,97,26,-22,217,66,True,1,,,False
239,7,98,233,-22,217,10,True,1,,,False
239,7,99,8,13,13,65,True,0,,,False
239,7,100,225,0,0,200,False,3,,,False
239,7,101,121,5,5,112,True,0,,,False
239,7,102,88,8,8,114,True,3,,,False
239,7,103,165,21,21,134,True,0,,,False
239,7,104,218,0,0,6,False,3,,,False
239,7,105,139,16,16,168,True,1,,,False
239,7,106,135,-24,215,135,True,3,,,False
239,7,107,209,-6,233,122,True,1,,,False
239,7,108,127,1,1,103,True,0,,,False
239,7,109,152,-24,215,152,True,1,,,False
239,7,110,157,-9,230,5,True,0,,,False
239,7,111,67,-4,235,209,True,3,,,False
239,7,112,118,-6,233,188,True,1,,,False
239,7,113,109,11,11,238,True,0,,,False
239,7,114,155,-16,223,119,True,3,,,False
239,7,115,141,12,12,63,True,1,,,False
239,7,116,34,-11,228,81,True,0,,,False
239,7,117,80,7,7,195,True,0,,,False
239,7,118,99,-15,224,64,True,0,,,False
239,7,119,92,-12,227,201,True,1,,,False
239,7,120,92,12,12,201,True,1,,,False
239,7,121,99,15,15,64,True,0,,,False
239,7,122,80,-7,232,195,True,0,,,False
239,7,123,34,11,11,81,True,0,,,False
239,7,124,141,-12,227,63,True,1,,,False
239,7,125,155,16,16,119,True,3,,,False
239,7,126,109,-11,228,238,True,0,,,False
239,7,127,118,6,6,188,True,1,,,False
239,7,128,67,4,4,209,True,3,,,False
239,7,129,157,9,9,5,True,0,,,False
239,7,130,152,24,24,152,True,1,,,False
239,7,131,127,-1,238,103,True,0,,,False
239,7,132,209,6,6,122,True,1,,,False
239,7,133,135,24,24,135,True,3,,,False
239,7,134,139,-16,223,168,True,1,,,False
239,7,135,218,0,0,6,False,3,,,False
239,7,136,165,-21,218,134,True,0,,,False
239,7,137,88,-8,231,114,True,3,,,False
239,7,138,121,-5,234,112,True,0,,,False
239,7,139,225,0,0,200,False,3,,,False
239,7,140,8,-13,226,65,True,0,,,False
239,7,141,233,22,22,10,True,1,,,False
239,7,142,26,22,22,66,True,1,,,False
239,7,143,200,13,13,144,True,0,,,False
239,7,144,185,0,0,45,False,1,,,False
239,7,145,85,-24,215,85,True,3,,,False
239,7,146,195,-6,233,226,True,1,,,False
239,7,147,216,-16,223,67,True,3,,,False
239,7,148,222,-2,237,217,True,1,,,False
239,7,149,159,2,2,30,True,1,,,False
239,7,150,58,-21,218,178,True,0,,,False
239,7,151,61,13,13,235,True,0,,,False
239,7,152,197,8,8,11,True,3,,,False
239,7,153,113,0,0,88,False,3,,,False
239,7,154,71,-27,212,234,True,0,,,False
239,7,155,183,-15,224,213,True,0,,,False
239,7,156,64,19,19,99,True,0,,,False
239,7,157,227,-10,229,61,True,1,,,False
239,7,158,107,0,0,150,False,1,,,False
239,7,159,74,12,12,154,True,1,,,False
239,7,160,116,-20,219,167,True,3,,,False
239,7,161,87,-11,228,40,True,0,,,False
239,7,162,176,-25,214,201,True,0,,,False
239,7,163,184,-6,233,10,True,1,,,False
239,7,164,158,-24,215,49,True,1,,,False
239,7,165,21,20,20,228,True,1,,,False
239,7,166,194,-16,223,147,True,1,,,False
239,7,167,149,26,26,53,True,1,,,False
239,7,168,167,6,6,34,True,1,,,False
239,7,169,228,-26,213,54,True,1,,,False
239,7,170,114,-6,233,76,True,1,,,False
239,7,171,66,9,9,124,True,0,,,False
239,7,172,2,5,5,33,True,0,,,False
239,7,173,52,-2,237,236,True,1,,,False
239,7,174,137,2,2,15,True,1,,,False
239,7,175,136,-16,223,8,True,3,,,False
239,7,176,39,22,22,15,True,1,,,False
239,7,178,7,-8,231,140,True,1,,,False
239,7,179,220,-27,212,49,True,0,,,False
239,7,180,32,-3,236,229,True,0,,,False
239,7,181,72,1,1,44,True,0,,,False
239,7,182,38,-12,227,77,True,1,,,False
239,7,183,223,-16,223,130,True,1,,,False
239,7,184,142,27,27,149,True,0,,,False
239,7,185,29,-9,230,30,True,0,,,False
239,7,186,23,6,6,106,True,1,,,False
239,7,187,219,-18,221,106,True,1,,,False
239,7,188,3,5,5,152,True,0,,,False
239,7,189,94,12,12,107,True,1,,,False
239,7,190,16,29,29,198,True,0,,,False
239,7,191,69,20,20,111,True,1,,,False
239,7,192,122,-24,215,207,True,3,,,False
239,7,193,20,9,9,204,True,0,,,False
239,7,194,37,6,6,125,True,1,,,False
239,7,195,203,-20,219,229,True,1,,,False
239,7,196,91,9,9,186,True,0,,,False
239,7,197,35,-8,231,83,True,1,,,False
239,7,198,12,29,29,222,True,0,,,False
239,7,199,202,-5,234,196,True,0,,,False
239,7,200,112,-30,209,160,True,1,,,False
239,7,201,110,24,24,176,True,3,,,False
239,7,202,27,-16,223,116,True,3,,,False
239,7,203,131,2,2,202,True,1,,,False
239,7,204,129,6,6,159,True,1,,,False
239,7,205,47,14,14,2,True,1,,,False
239,7,206,206,8,8,147,True,1,,,False
239,7,207,236,-30,209,43,True,1,,,False
239,7,208,153,-17,222,152,True,0,,,False
239,7,209,178,12,12,150,True,1,,,False
239,7,210,17,9,9,197,True,0,,,False
239,7,211,180,15,15,191,True,0,,,False
239,7,212,18,13,13,201,True,0,,,False
239,7,213,163,-20,219,49,True,3,,,False
239,7,214,172,-14,225,64,True,1,,,False
239,7,215,182,15,15,5,True,0,,,False
239,7,216,111,18,18,80,True,1,,,False
239,7,217,181,30,30,199,True,1,,,False
239,7,218,78,-6,233,113,True,1,,,False
239,7,219,60,-11,228,167,True,0,,,False
239,7,220,97,6,6,132,True,1,,,False
239,7,221,75,20,20,48,True,3,,,False
239,7,222,43,6,6,229,True,1,,,False
239,7,223,48,24,24,230,True,3,,,False
239,7,224,187,-25,214,119,True,0,,,False
239,7,225,173,4,4,233,True,1,,,False
239,7,226,145,-24,215,51,True,3,,,False
239,7,227,207,-22,217,53,True,1,,,False
239,7,228,53,8,8,53,True,1,,,False
239,7,229,46,8,8,150,True,1,,,False
239,7,230,76,4,4,48,True,1,,,False
239,7,231,214,0,0,48,False,1,,,False
239,7,232,28,-12,227,205,True,1,,,False
239,7,233,230,-6,233,187,True,1,,,False
239,7,234,19,-20,219,153,True,1,,,False
239,7,235,36,-13,226,178,True,0,,,False
239,7,236,100,-21,218,65,True,0,,,False
239,7,237,9,-3,236,137,True,0,,,False
239,7,238,234,-12,227,121,True,1,,,False
241,0,1,0,14,14,0,True,3,0,0,True
241,0,2,0,17,17,0,True,0,0,0,True
241,0,3,0,-31,210,0,True,0,0,0,True
241,0,7,0,-17,224,0,True,0,0,0,True
241,0,13,0,31,31,0,True,0,0,0,True
241,0,17,0,-14,227,0,True,3,0,0,True
241,1,0,41,-30,211,0,True,3,0,0,True
241,1,1,153,22,22,227,True,1,,,False
241,1,2,165,10,10,97,True,1,,,False
241,1,3,188,11,11,4,True,0,,,False
241,1,4,206,2,2,127,True,1,,,False
241,1,5,62,-20,221,159,True,1,,,False
241,1,6,94,17,17,7,True,0,,,True
241,1,7,29,7,7,236,True,0,,,False
241,1,8,9,-22,219,121,True,3,,,False
241,1,9,117,-28,213,165,True,1,,,False
241,1,10,235,-6,235,55,True,3,,,False
241,1,11,92,-4,237,202,True,1,,,False
241,1,12,192,-14,227,34,True,3,2,2,True
241,1,13,147,5,5,219,True,0,,,False
241,1,14,53,-25,216,66,True,0,,,False
241,1,15,128,-2,239,114,True,3,,,False
241,1,16,110,14,14,11,True,1,4,4,True
241,1,17,55,-22,219,61,True,1,,,False
241,1,18,129,-14,227,101,True,1,4,4,True
241,1,19,173,-4,237,114,True,1,,,False
241,1,20,237,-22,219,91,True,3,,,False
241,1,21,167,16,16,69,True,1,,,False
241,1,22,61,15,15,208,True,0,,,False
241,1,23,130,26,26,134,True,1,,,False
241,1,24,140,-6,235,180,True,1,,,False
241,1,25,45,7,7,31,True,0,,,False
241,1,26,174,-17,224,221,True,0,,,True
241,1,27,91,21,21,203,True,0,,,False
241,1,28,49,19,19,71,True,0,,,False
241,1,29,172,22,22,147,True,1,,,False
241,1,30,204,-20,221,124,True,1,,,False
241,1,31,1,21,21,236,True,0,,,False
241,1,32,28,0,0,115,False,1,,,False
241,1,33,81,25,25,94,True,0,,,False
241,1,34,155,-10,231,38,True,1,,,False
241,1,35,197,8,8,170,True,1,,,True
241,1,36,93,0,0,142,False,1,,,False
241,1,37,12,-17,224,190,True,0,,,True
241,1,38,16,14,14,185,True,3,1,1,True
241,1,39,109,4,4,158,True,1,,,False
241,1,40,136,-18,223,83,True,1,,,False
241,1,41,182,-10,231,102,True,3,,,False
241,1,42,127,-8,233,193,True,1,,,True
241,1,43,221,23,23,61,True,0,,,False
241,1,44,84,-14,227,86,True,1,4,4,True
241,1,45,63,-10,231,40,True,1,,,False
241,1,46,34,10,10,81,True,1,,,False
241,1,47,154,-3,238,215,True,0,,,False
241,1,48,19,4,4,130,True,1,,,False
241,1,49,82,-14,227,88,True,3,3,3,True
241,1,50,47,-26,215,180,True,3,,,False
241,1,51,233,3,3,209,True,0,,,False
241,1,52,7,-4,237,71,True,1,,,False
241,1,53,111,-18,223,36,True,1,,,False
241,1,54,52,28,28,113,True,1,,,False
241,1,55,40,18,18,66,True,3,,,False
241,1,56,104,-22,219,167,True,1,,,False
241,1,57,135,-15,226,23,True,0,,,False
241,1,58,32,-5,236,198,True,0,,,False
241,1,59,164,-1,240,221,True,0,,,False
241,1,60,5,-17,224,220,True,0,,,True
241,1,61,142,2,2,125,True,1,,,False
241,1,62,123,10,10,14,True,3,,,False
241,1,63,208,10,10,225,True,1,,,False
241,1,64,171,-2,239,9,True,1,,,False
241,1,65,114,2,2,107,True,1,,,False
241,1,66,141,2,2,34,True,3,,,False
241,1,67,50,2,2,237,True,3,,,False
241,1,68,115,-18,223,41,True,1,,,False
241,1,69,223,-1,240,50,True,0,,,False
241,1,70,160,-11,230,230,True,0,,,False
241,1,71,113,-17,224,93,True,0,,,True
241,1,72,36,18,18,22,True,3,,,False
241,1,73,161,11,11,223,True,0,,,False
241,1,74,162,15,15,15,True,0,,,False
241,1,75,205,21,21,110,True,0,,,False
241,1,76,122,25,25,213,True,0,,,False
241,1,77,213,12,12,233,True,1,,,False
241,1,78,116,15,15,178,True,0,,,False
241,1,79,170,-26,215,115,True,1,,,False
241,1,80,230,4,4,3,True,1,,,False
241,1,81,191,11,11,105,True,0,,,False
241,1,82,118,-23,218,150,True,0,,,False
241,1,83,232,17,17,184,True,0,,,True
241,1,84,227,10,10,228,True,1,,,False
241,1,85,168,8,8,198,True,1,,,True
241,1,86,190,26,26,36,True,1,,,False
241,1,87,77,-1,240,164,True,0,,,False
241,1,88,169,23,23,219,True,0,,,False
241,1,89,85,12,12,216,True,1,,,False
241,1,90,22,8,8,36,True,1,,,True
241,1,91,69,8,8,137,True,1,,,True
241,1,92,108,-17,224,191,True,0,,,True
241,1,93,159,17,17,65,True,0,,,True
241,1,94,126,12,12,64,True,1,,,False
241,1,95,178,-20,221,160,True,1,,,False
241,1,96,219,-16,225,222,True,1,,,False
241,1,97,78,-10,231,149,True,1,,,False
241,1,98,200,-10,231,236,True,3,,,False
241,1,99,198,-12,229,151,True,1,,,False
241,1,100,220,12,12,118,True,1,,,False
241,1,101,25,18,18,218,True,3,,,False
241,1,102,229,-29,212,11,True,0,,,False
241,1,103,74,-4,237,217,True,1,,,False
241,1,104,152,10,10,2,True,1,,,False
241,1,105,179,2,2,62,True,1,,,False
241,1,106,13,2,2,46,True,1,,,False
241,1,107,112,10,10,216,True,1,,,False
241,1,108,146,-20,221,221,True,1,,,False
241,1,109,201,-6,235,207,True,3,,,False
241,1,110,103,-6,235,168,True,1,,,False
241,1,111,166,-2,239,220,True,3,,,False
241,1,112,121,7,7,74,True,0,,,False
241,1,113,156,-18,223,5,True,1,,,False
241,1,115,59,-25,216,86,True,0,,,False
241,1,116,76,-30,211,237,True,1,2,2,True
241,1,117,120,22,22,54,True,3,,,False
241,1,118,100,25,25,101,True,0,,,False
241,1,119,90,13,13,114,True,0,,,False
241,1,120,189,-16,225,203,True,1,,,False
241,2,0,41,30,30,0,True,3,0,0,True
241,2,1,59,25,25,205,True,0,,,False
241,2,2,92,4,4,135,True,1,,,False
241,2,3,152,-10,231,44,True,1,,,False
241,2,4,61,-15,226,3,True,0,,,False
241,2,5,159,-17,224,225,True,0,,,True
241,2,6,81,-25,216,101,True,0,,,False
241,2,7,118,23,23,167,True,0,,,False
241,2,8,84,14,14,36,True,1,4,4,True
241,2,9,113,17,17,118,True,0,,,True
241,2,10,40,-18,223,235,True,3,,,False
241,2,11,5,17,17,20,True,0,,,True
241,2,12,141,-2,239,216,True,3,,,False
241,2,13,82,14,14,8,True,3,3,3,True
241,2,14,213,-12,229,176,True,1,,,False
241,2,15,16,-14,227,214,True,3,1,1,True
241,2,16,169,-23,218,2,True,0,,,False
241,2,17,91,-21,220,128,True,0,,,False
241,2,18,198,12,12,52,True,1,,,False
241,2,19,110,-14,227,1,True,1,4,4,True
241,2,20,103,6,6,160,True,1,,,False
241,2,21,62,20,20,124,True,1,,,False
241,2,22,189,16,16,128,True,1,,,False
241,2,23,94,-17,224,87,True,0,,,True
241,2,24,201,6,6,216,True,3,,,False
241,2,25,55,22,22,104,True,1,,,False
241,2,26,200,10,10,131,True,3,,,False
241,2,27,49,-19,222,125,True,0,,,False
241,2,28,77,1,1,234,True,0,,,False
241,2,29,109,-4,237,139,True,1,,,False
241,2,30,122,-25,216,107,True,0,,,False
241,2,31,47,26,26,137,True,3,,,False
241,2,32,114,-2,239,185,True,1,,,False
241,2,33,142,-2,239,142,True,1,,,False
241,2,34,52,-28,213,76,True,1,,,False
241,2,35,36,-18,223,239,True,3,,,False
241,2,36,221,-23,218,137,True,0,,,False
241,2,37,232,-17,224,49,True,0,,,True
241,2,38,28,0,0,120,False,1,,,False
241,2,39,126,-12,229,38,True,1,,,False
241,2,40,167,-16,225,72,True,1,,,False
241,2,41,179,-2,239,82,True,1,,,False
241,2,42,235,6,6,5,True,3,,,False
241,2,43,76,30,30,88,True,1,2,2,True
241,2,44,153,-22,219,67,True,1,,,False
241,2,46,192,14,14,216,True,3,2,2,True
241,2,47,74,4,4,195,True,1,,,False
241,2,48,130,-26,215,185,True,1,,,False
241,2,49,108,17,17,105,True,0,,,True
241,2,50,155,10,10,128,True,1,,,False
241,2,51,191,-11,230,141,True,0,,,False
241,2,52,63,10,10,84,True,1,,,False
241,2,53,160,11,11,240,True,0,,,False
241,2,54,104,22,22,182,True,1,,,False
241,2,55,164,1,1,42,True,0,,,False
241,2,56,50,-2,239,88,True,3,,,False
241,2,57,19,-4,237,209,True,1,,,False
241,2,58,116,-15,226,181,True,0,,,False
241,2,59,12,17,17,83,True,0,,,True
241,2,60,85,-12,229,68,True,1,,,False
241,2,61,174,17,17,42,True,0,,,True
241,2,62,220,-12,229,55,True,1,,,False
241,2,63,128,2,2,98,True,3,,,False
241,2,64,166,2,2,221,True,3,,,False
241,2,65,206,-2,239,143,True,1,,,False
241,2,66,90,-13,228,98,True,0,,,False
241,2,67,29,-7,234,110,True,0,,,False
241,2,68,146,20,20,42,True,1,,,False
241,2,69,129,14,14,188,True,1,4,4,True
241,2,70,78,10,10,145,True,1,,,False
241,2,71,172,-22,219,140,True,1,,,False
241,2,72,190,-26,215,69,True,1,,,False
241,2,73,136,18,18,102,True,1,,,False
241,2,74,205,-21,220,10,True,0,,,False
241,2,75,233,-3,238,222,True,0,,,False
241,2,76,171,2,2,198,True,1,,,False
241,2,77,123,-10,231,174,True,3,,,False
241,2,78,111,18,18,69,True,1,,,False
241,2,79,161,-11,230,155,True,0,,,False
241,2,80,127,8,8,149,True,1,,,True
241,2,81,227,-10,231,45,True,1,,,False
241,2,82,1,-21,220,131,True,0,,,False
241,2,83,178,20,20,95,True,1,,,False
241,2,84,237,22,22,74,True,3,,,False
241,2,85,13,-2,239,193,True,1,,,False
241,2,86,117,28,28,15,True,1,,,False
241,2,87,120,-22,219,17,True,3,,,False
241,2,88,165,-10,231,35,True,1,,,False
241,2,89,156,18,18,110,True,1,,,False
241,2,90,147,-5,236,2,True,0,,,False
241,2,91,229,29,29,1,True,0,,,False
241,2,92,140,6,6,137,True,1,,,False
241,2,93,69,-8,233,122,True,1,,,True
241,2,94,197,-8,233,116,True,1,,,True
241,2,95,230,-4,237,66,True,1,,,False
241,2,96,34,-10,231,146,True,1,,,False
241,2,97,223,1,1,136,True,0,,,False
241,2,98,135,15,15,217,True,0,,,False
241,2,99,32,5,5,18,True,0,,,False
241,2,100,115,18,18,62,True,1,,,False
241,2,101,154,3,3,151,True,0,,,False
241,2,102,170,26,26,121,True,1,,,False
241,2,103,93,0,0,232,False,1,,,False
241,2,104,22,-8,233,172,True,1,,,True
241,2,105,45,-7,234,200,True,0,,,False
241,2,106,25,-18,223,24,True,3,,,False
241,2,107,53,25,25,6,True,0,,,False
241,2,108,121,-7,234,59,True,0,,,False
241,2,109,188,-11,230,88,True,0,,,False
241,2,110,100,-25,216,53,True,0,,,False
241,2,111,9,22,22,230,True,3,,,False
241,2,112,112,-10,231,173,True,1,,,False
241,2,113,173,4,4,143,True,1,,,False
241,2,114,219,16,16,64,True,1,,,False
241,2,115,204,20,20,164,True,1,,,False
241,2,116,168,-8,233,18,True,1,,,True
241,2,117,182,10,10,166,True,3,,,False
241,2,118,162,-15,226,89,True,0,,,False
241,2,119,7,4,4,125,True,1,,,False
241,2,120,208,-10,231,130,True,1,,,False
241,7,0,41,-8,233,0,True,1,0,0,True
241,7,1,203,5,5,171,True,0,,,False
241,7,2,10,-8,233,92,True,1,,,True
241,7,3,89,10,10,81,True,3,,,False
241,7,4,75,4,4,69,True,1,,,False
241,7,5,175,23,23,192,True,0,,,False
241,7,6,119,2,2,14,True,1,,,False
241,7,7,183,-8,233,213,True,1,,,True
241,7,8,238,-22,219,110,True,1,,,False
241,7,9,80,-10,231,139,True,1,,,False
241,7,10,131,2,2,134,True,3,,,False
241,7,11,86,-5,236,22,True,0,,,False
241,7,12,187,-20,221,139,True,1,,,False
241,7,13,23,18,18,176,True,3,,,False
241,7,14,214,-18,223,240,True,1,,,False
241,7,15,26,-9,232,159,True,0,,,False
241,7,16,218,15,15,94,True,0,,,False
241,7,17,20,-4,237,209,True,1,,,False
241,7,18,71,-14,227,75,True,3,3,3,True
241,7,19,3,-10,231,178,True,1,,,False
241,7,20,66,-1,240,10,True,0,,,False
241,7,21,215,-1,240,129,True,0,,,False
241,7,22,224,-30,211,79,True,3,1,1,True
241,7,23,207,-26,215,7,True,3,,,False
241,7,24,42,22,22,120,True,3,,,False
241,7,25,30,18,18,4,True,1,,,False
241,7,26,15,-14,227,138,True,1,4,4,True
241,7,27,212,-20,221,61,True,1,,,False
241,7,28,145,-2,239,159,True,1,,,False
241,7,29,133,-22,219,215,True,1,,,False
241,7,30,18,26,26,214,True,1,,,False
241,7,31,60,-8,233,75,True,1,,,True
241,7,32,148,3,3,173,True,0,,,False
241,7,33,134,14,14,110,True,1,4,4,True
241,7,34,184,17,17,133,True,0,,,True
241,7,35,39,-1,240,60,True,0,,,False
241,7,36,157,13,13,212,True,0,,,False
241,7,37,202,-2,239,3,True,3,,,False
241,7,38,35,-14,227,10,True,3,3,3,True
241,7,39,151,-14,227,25,True,1,4,4,True
241,7,40,48,-24,217,64,True,1,,,False
241,7,41,68,10,10,221,True,3,,,False
241,7,42,139,-27,214,193,True,0,,,False
241,7,43,194,12,12,53,True,1,,,False
241,7,44,240,0,0,130,False,1,,,False
241,7,45,65,11,11,182,True,0,,,False
241,7,46,31,5,5,109,True,0,,,False
241,7,47,54,-4,237,56,True,1,,,False
241,7,48,58,20,20,15,True,1,,,False
241,7,49,97,-10,231,102,True,1,,,False
241,7,50,199,14,14,95,True,3,3,3,True
241,7,51,125,10,10,135,True,1,,,False
241,7,52,72,8,8,79,True,1,,,True
241,7,53,67,-28,213,40,True,1,,,False
241,7,54,98,6,6,15,True,1,,,False
241,7,55,149,7,7,147,True,0,,,False
241,7,56,83,-8,233,81,True,1,,,True
241,7,57,124,-27,214,162,True,0,,,False
241,7,58,226,-28,213,181,True,1,,,False
241,7,59,102,9,9,6,True,0,,,False
241,7,60,33,1,1,16,True,0,,,False
241,7,61,6,24,24,73,True,1,,,False
241,7,62,27,18,18,27,True,1,,,False
241,7,63,4,-8,233,83,True,1,,,True
241,7,64,209,8,8,218,True,1,,,True
241,7,65,163,14,14,226,True,3,2,2,True
241,7,66,64,0,0,52,False,1,,,False
241,7,67,222,-10,231,78,True,3,,,False
241,7,68,70,-10,231,56,True,3,,,False
241,7,69,17,-18,223,153,True,3,,,False
241,7,70,234,-13,228,37,True,0,,,False
241,7,71,180,-18,223,211,True,1,,,False
241,7,72,96,-16,225,222,True,1,,,False
241,7,73,236,6,6,44,True,1,,,False
241,7,74,195,-11,230,122,True,0,,,False
241,7,75,88,13,13,192,True,0,,,False
241,7,76,57,18,18,33,True,3,,,False
241,7,77,138,-21,220,157,True,0,,,False
241,7,78,107,-14,227,180,True,1,4,4,True
241,7,79,24,20,20,199,True,1,,,False
241,7,80,2,26,26,16,True,1,,,False
241,7,81,150,10,10,134,True,1,,,False
241,7,82,99,-29,212,144,True,0,,,False
241,7,83,105,-1,240,6,True,0,,,False
241,7,84,228,5,5,41,True,0,,,False
241,7,85,101,-3,238,194,True,0,,,False
241,7,86,177,12,12,175,True,1,,,False
241,7,87,14,26,26,84,True,3,,,False
241,7,88,95,25,25,109,True,0,,,False
241,7,89,217,28,28,88,True,1,,,False
241,7,90,225,-22,219,188,True,1,,,False
241,7,91,176,7,7,134,True,0,,,False
241,7,92,79,28,28,25,True,1,,,False
241,7,93,56,-7,234,217,True,0,,,False
241,7,94,143,-24,217,104,True,1,,,False
241,7,95,186,-19,222,17,True,0,,,False
241,7,96,196,-4,237,210,True,1,,,False
241,7,97,46,-19,222,24,True,0,,,False
241,7,98,37,2,2,88,True,3,,,False
241,7,99,106,26,26,2,True,1,,,False
241,7,100,137,7,7,237,True,0,,,False
241,7,101,216,0,0,93,False,1,,,False
241,7,102,211,30,30,115,True,1,2,2,True
241,7,103,132,5,5,151,True,0,,,False
241,7,104,73,-9,232,63,True,0,,,False
241,7,105,231,10,10,224,True,1,,,False
241,7,106,43,10,10,185,True,3,,,False
241,7,107,51,19,19,44,True,0,,,False
241,7,108,21,21,21,28,True,0,,,False
241,7,109,44,19,19,129,True,0,,,False
241,7,110,239,-22,219,154,True,1,,,False
241,7,111,193,12,12,6,True,1,,,False
241,7,112,11,7,7,99,True,0,,,False
241,7,113,210,1,1,18,True,0,,,False
241,7,114,8,0,0,162,False,1,,,False
241,7,115,185,5,5,185,True,0,,,False
241,7,116,87,-24,217,183,True,1,,,False
241,7,117,144,14,14,133,True,1,4,4,True
241,7,118,181,-4,237,38,True,1,,,False
241,7,119,38,-2,239,206,True,3,,,False
241,7,120,158,-10,231,140,True,1,,,False
241,13,0,41,8,8,0,True,1,0,0,True
241,13,1,144,-14,227,39,True,1,4,4,True
241,13,2,183,8,8,97,True,1,,,True
241,13,3,239,22,22,172,True,1,,,False
241,13,4,214,18,18,167,True,1,,,False
241,13,5,132,-5,236,153,True,0,,,False
241,13,6,215,1,1,147,True,0,,,False
241,13,7,196,4,4,125,True,1,,,False
241,13,8,145,2,2,198,True,1,,,False
241,13,9,217,-28,213,236,True,1,,,False
241,13,10,39,1,1,102,True,0,,,False
241,13,11,99,29,29,189,True,0,,,False
241,13,12,139,27,27,63,True,0,,,False
241,13,13,88,-13,228,11,True,0,,,False
241,13,14,97,10,10,77,True,1,,,False
241,13,15,70,10,10,194,True,3,,,False
241,13,16,83,8,8,210,True,1,,,True
241,13,17,6,-24,217,141,True,1,,,False
241,13,18,4,8,8,117,True,1,,,True
241,13,19,98,-6,235,95,True,1,,,False
241,13,20,234,13,13,87,True,0,,,False
241,13,21,54,4,4,194,True,1,,,False
241,13,22,138,21,21,50,True,0,,,False
241,13,23,48,24,24,84,True,1,,,False
241,13,24,228,-5,236,142,True,0,,,False
241,13,25,134,-14,227,54,True,1,4,4,True
241,13,26,176,-7,234,35,True,0,,,False
241,13,27,15,14,14,151,True,1,4,4,True
241,13,28,37,-2,239,5,True,3,,,False
241,13,29,3,10,10,83,True,1,,,False
241,13,30,231,-10,231,188,True,1,,,False
241,13,31,187,20,20,77,True,1,,,False
241,13,32,11,-7,234,96,True,0,,,False
241,13,33,175,-23,218,11,True,0,,,False
241,13,34,38,2,2,61,True,3,,,False
241,13,35,10,8,8,60,True,1,,,True
241,13,36,185,-5,236,47,True,0,,,False
241,13,37,80,10,10,164,True,1,,,False
241,13,38,21,-21,220,97,True,0,,,False
241,13,39,218,-15,226,208,True,0,,,False
241,13,40,216,0,0,107,False,1,,,False
241,13,41,207,26,26,36,True,3,,,False
241,13,42,143,24,24,16,True,1,,,False
241,13,43,18,-26,215,171,True,1,,,False
241,13,44,14,-26,215,50,True,3,,,False
241,13,45,202,2,2,222,True,3,,,False
241,13,46,2,-26,215,21,True,1,,,False
241,13,47,240,0,0,221,False,1,,,False
241,13,48,236,-6,235,118,True,1,,,False
241,13,49,125,-10,231,109,True,1,,,False
241,13,50,64,0,0,8,False,1,,,False
241,13,51,226,28,28,139,True,1,,,False
241,13,52,102,-9,232,38,True,0,,,False
241,13,53,163,-14,227,95,True,3,2,2,True
241,13,54,72,-8,233,179,True,1,,,True
241,13,55,96,16,16,40,True,1,,,False
241,13,56,65,-11,230,28,True,0,,,False
241,13,57,24,-20,221,25,True,1,,,False
241,13,58,35,14,14,224,True,3,3,3,True
241,13,59,177,-12,229,177,True,1,,,False
241,13,60,60,8,8,234,True,1,,,True
241,13,61,56,7,7,152,True,0,,,False
241,13,62,42,-22,219,37,True,3,,,False
241,13,63,137,-7,234,186,True,0,,,False
241,13,64,20,4,4,199,True,1,,,False
241,13,65,51,-19,222,123,True,0,,,False
241,13,66,131,-2,239,206,True,3,,,False
241,13,67,8,0,0,179,False,1,,,False
241,13,68,89,-10,231,31,True,3,,,False
241,13,69,158,10,10,3,True,1,,,False
241,13,70,75,-4,237,45,True,1,,,False
241,13,71,210,-1,240,114,True,0,,,False
241,13,72,86,5,5,182,True,0,,,False
241,13,73,43,-10,231,47,True,3,,,False
241,13,74,71,14,14,7,True,3,3,3,True
241,13,75,106,-26,215,93,True,1,,,False
241,13,76,30,-18,223,55,True,1,,,False
241,13,77,79,-28,213,78,True,1,,,False
241,13,78,148,-3,238,29,True,0,,,False
241,13,79,101,3,3,104,True,0,,,False
241,13,80,151,14,14,163,True,1,4,4,True
241,13,81,107,14,14,176,True,1,4,4,True
241,13,82,31,-5,236,113,True,0,,,False
241,13,83,180,18,18,51,True,1,,,False
241,13,84,67,28,28,68,True,1,,,False
241,13,85,209,-8,233,15,True,1,,,True
241,13,86,33,-1,240,220,True,0,,,False
241,13,87,124,27,27,62,True,0,,,False
241,13,88,222,10,10,229,True,3,,,False
241,13,89,199,-14,227,200,True,3,3,3,True
241,13,90,195,11,11,111,True,0,,,False
241,13,91,194,-12,229,175,True,1,,,False
241,13,92,150,-10,231,35,True,1,,,False
241,13,93,157,-13,228,218,True,0,,,False
241,13,94,95,-25,216,113,True,0,,,False
241,13,95,133,22,22,237,True,1,,,False
241,13,96,186,19,19,53,True,0,,,False
241,13,97,224,30,30,179,True,3,1,1,True
241,13,98,211,-30,211,75,True,1,2,2,True
241,13,99,26,9,9,43,True,0,,,False
241,13,100,44,-19,222,147,True,0,,,False
241,13,101,238,22,22,54,True,1,,,False
241,13,102,87,24,24,46,True,1,,,False
241,13,103,203,-5,236,119,True,0,,,False
241,13,104,181,4,4,80,True,1,,,False
241,13,105,119,-2,239,72,True,1,,,False
241,13,106,193,-12,229,38,True,1,,,False
241,13,107,23,-18,223,10,True,3,,,False
241,13,108,73,9,9,158,True,0,,,False
241,13,109,66,1,1,17,True,0,,,False
241,13,110,46,19,19,152,True,0,,,False
241,13,111,212,20,20,176,True,1,,,False
241,13,112,225,22,22,66,True,1,,,False
241,13,113,184,-17,224,202,True,0,,,True
241,13,114,105,1,1,38,True,0,,,False
241,13,115,68,-10,231,207,True,3,,,False
241,13,116,57,-18,223,209,True,3,,,False
241,13,117,58,-20,221,146,True,1,,,False
241,13,118,17,18,18,5,True,3,,,False
241,13,119,149,-7,234,33,True,0,,,False
241,13,120,27,-18,223,171,True,1,,,False
251,0,1,0,0,0,22,False,1,,,False
251,0,2,0,0,0,155,False,1,,,False
251,1,0,222,0,0,201,False,1,,,False
251,1,1,142,-30,221,102,True,1,,,False
251,1,2,241,24,24,120,True,1,,,False
251,1,3,29,12,12,215,True,3,,,False
251,1,4,55,-19,232,147,True,0,,,False
251,1,5,239,12,12,33,True,3,,,False
251,1,6,40,-20,231,51,True,3,,,False
251,1,7,96,5,5,210,True,0,,,False
251,1,8,95,31,31,220,True,0,,,False
251,1,9,46,-21,230,166,True,0,,,False
251,1,10,209,-12,239,246,True,1,,,False
251,1,11,111,-12,239,157,True,3,,,False
251,1,12,90,28,28,166,True,3,,,False
251,1,13,13,14,14,165,True,1,,,False
251,1,14,156,2,2,83,True,1,,,False
251,1,15,185,0,0,2,False,3,,,False
251,1,16,10,-5,246,228,True,0,,,False
251,1,17,150,-24,227,232,True,3,,,False
251,1,18,110,-6,245,15,True,1,,,False
251,1,19,188,24,24,22,True,3,,,False
251,1,20,172,-5,246,66,True,0,,,False
251,1,21,21,2,2,87,True,1,,,False
251,1,22,195,-22,229,36,True,1,,,False
251,1,23,56,-21,230,81,True,0,,,False
251,1,24,103,-10,241,138,True,1,,,False
251,1,25,71,11,11,15,True,0,,,False
251,1,26,234,-25,226,58,True,0,,,False
251,1,27,220,9,9,67,True,0,,,False
251,1,28,147,-12,239,113,True,1,,,False
251,1,29,221,30,30,142,True,1,,,False
251,1,30,207,0,0,83,False,1,,,False
251,1,31,132,19,19,17,True,0,,,False
251,1,32,57,-12,239,20,True,3,,,False
251,1,33,223,-15,236,0,True,0,,,False
251,1,34,217,-24,227,172,True,1,,,False
251,1,35,149,10,10,24,True,1,,,False
251,1,36,203,5,5,102,True,0,,,False
251,1,37,235,-23,228,156,True,0,,,False
251,1,38,166,27,27,67,True,0,,,False
251,1,39,120,17,17,136,True,0,,,False
251,1,40,216,12,12,86,True,3,,,False
251,1,41,28,-20,231,77,True,1,,,False
251,1,42,2,27,27,90,True,0,,,False
251,1,43,165,12,12,126,True,3,,,False
251,1,44,205,10,10,37,True,1,,,False
251,1,45,151,-9,242,186,True,0,,,False
251,1,46,34,3,3,58,True,0,,,False
251,1,47,244,4,4,123,True,3,,,False
251,1,48,59,1,1,102,True,0,,,False
251,1,49,105,14,14,220,True,1,,,False
251,1,50,242,15,15,1,True,0,,,False
251,1,51,238,16,16,188,True,3,,,False
251,1,52,4,0,0,80,False,1,,,False
251,1,53,3,-6,245,224,True,1,,,False
251,1,54,201,-12,239,123,True,1,,,False
251,1,55,163,-1,250,234,True,0,,,False
251,1,56,41,4,4,61,True,1,,,False
251,1,57,54,-20,231,127,True,3,,,False
251,1,58,121,14,14,105,True,1,,,False
251,1,59,117,28,28,28,True,1,,,False
251,1,60,17,-2,249,181,True,1,,,False
251,1,61,62,17,17,87,True,0,,,False
251,1,62,182,-13,238,150,True,0,,,False
251,1,63,112,-26,225,183,True,1,,,False
251,1,64,25,12,12,195,True,1,,,False
251,1,65,232,0,0,147,False,1,,,False
251,1,66,6,-17,234,164,True,0,,,False
251,1,67,101,0,0,65,False,1,,,False
251,1,68,73,-16,235,100,True,1,,,False
251,1,69,100,2,2,201,True,1,,,False
251,1,70,5,-18,233,5,True,1,,,False
251,1,71,122,-18,233,147,True,1,,,False
251,1,72,229,3,3,144,True,0,,,False
251,1,73,108,2,2,183,True,1,,,False
251,1,74,67,-16,235,164,True,1,,,False
251,1,75,37,9,9,23,True,0,,,False
251,1,76,164,12,12,197,True,1,,,False
251,1,77,145,-12,239,16,True,3,,,False
251,1,78,233,-26,225,80,True,1,,,False
251,1,79,127,-13,238,16,True,0,,,False
251,1,80,250,-11,240,35,True,0,,,False
251,1,81,66,-2,249,77,True,1,,,False
251,1,82,240,-24,227,19,True,1,,,False
251,1,83,181,30,30,194,True,1,,,False
251,1,84,91,-8,243,120,True,1,,,False
251,1,85,75,-4,247,211,True,1,,,False
251,1,86,212,-9,242,103,True,0,,,False
251,1,87,102,28,28,164,True,3,,,False
251,1,88,15,-12,239,29,True,1,,,False
251,1,89,126,7,7,18,True,0,,,False
251,1,90,174,-12,239,209,True,1,,,False
251,1,91,173,-6,245,78,True,1,,,False
251,1,92,69,4,4,227,True,1,,,False
251,1,93,167,7,7,102,True,0,,,False
251,1,94,19,15,15,149,True,0,,,False
251,1,95,194,-18,233,226,True,1,,,False
251,1,96,226,4,4,40,True,3,,,False
251,1,97,219,-6,245,7,True,1,,,False
251,1,98,247,-27,224,41,True,0,,,False
251,1,99,168,-4,247,185,True,3,,,False
251,1,100,155,-28,223,191,True,1,,,False
251,1,101,154,24,24,189,True,1,,,False
251,1,102,44,-9,242,137,True,0,,,False
251,1,103,231,-19,232,147,True,0,,,False
251,1,104,197,-2,249,139,True,1,,,False
251,1,105,160,-15,236,244,True,0,,,False
251,1,106,77,-3,248,193,True,0,,,False
251,1,107,178,13,13,13,True,0,,,False
251,1,108,146,-20,231,238,True,3,,,False
251,1,109,49,-18,233,108,True,1,,,False
251,1,110,119,18,18,183,True,1,,,False
251,1,111,72,9,9,185,True,0,,,False
251,1,112,131,-24,227,133,True,1,,,False
251,1,113,48,-18,233,161,True,1,,,False
251,1,114,58,30,30,231,True,1,,,False
251,1,115,76,17,17,195,True,0,,,False
251,1,116,153,10,10,244,True,1,,,False
251,1,117,1,2,2,22,True,1,,,False
251,1,118,68,-12,239,211,True,1,,,False
251,1,119,50,28,28,96,True,3,,,False
251,1,120,27,-12,239,157,True,1,,,False
251,1,121,80,-10,241,13,True,1,,,False
251,1,122,114,-10,241,118,True,1,,,False
251,1,123,218,-12,239,170,True,1,,,False
251,1,124,193,-12,239,76,True,3,,,False
251,1,125,176,-5,246,173,True,0,,,False
251,1,126,176,5,5,173,True,0,,,False
251,1,127,193,12,12,76,True,3,,,False
251,1,128,218,12,12,170,True,1,,,False
251,1,129,114,10,10,118,True,1,,,False
251,1,130,80,10,10,13,True,1,,,False
251,1,131,27,12,12,157,True,1,,,False
251,1,132,50,-28,223,96,True,3,,,False
251,1,133,68,12,12,211,True,1,,,False
251,1,134,1,-2,249,22,True,1,,,False
251,1,135,153,-10,241,244,True,1,,,False
251,1,136,76,-17,234,195,True,0,,,False
251,1,137,58,-30,221,231,True,1,,,False
251,1,138,48,18,18,161,True,1,,,False
251,1,139,131,24,24,133,True,1,,,False
251,1,140,72,-9,242,185,True,0,,,False
251,1,141,119,-18,233,183,True,1,,,False
251,1,142,49,18,18,108,True,1,,,False
251,1,143,146,20,20,238,True,3,,,False
251,1,144,178,-13,238,13,True,0,,,False
251,1,145,77,3,3,193,True,0,,,False
251,1,146,160,15,15,244,True,0,,,False
251,1,147,197,2,2,139,True,1,,,False
251,1,148,231,19,19,147,True,0,,,False
251,1,149,44,9,9,137,True,0,,,False
251,1,150,154,-24,227,189,True,1,,,False
251,1,151,155,28,28,191,True,1,,,False
251,1,152,168,4,4,185,True,3,,,False
251,1,153,247,27,27,41,True,0,,,False
251,1,154,219,6,6,7,True,1,,,False
251,1,155,226,-4,247,40,True,3,,,False
251,1,156,194,18,18,226,True,1,,,False
251,1,157,19,-15,236,149,True,0,,,False
251,1,158,167,-7,244,102,True,0,,,False
251,1,159,69,-4,247,227,True,1,,,False
251,1,160,173,6,6,78,True,1,,,False
251,1,161,174,12,12,209,True,1,,,False
251,1,162,126,-7,244,18,True,0,,,False
251,1,163,15,12,12,29,True,1,,,False
251,1,164,102,-28,223,164,True,3,,,False
251,1,165,212,9,9,103,True,0,,,False
251,1,166,75,4,4,211,True,1,,,False
251,1,167,91,8,8,120,True,1,,,False
251,1,168,181,-30,221,194,True,1,,,False
251,1,169,240,24,24,19,True,1,,,False
251,1,170,66,2,2,77,True,1,,,False
251,1,171,250,11,11,35,True,0,,,False
251,1,172,127,13,13,16,True,0,,,False
251,1,173,233,26,26,80,True,1,,,False
251,1,174,145,12,12,16,True,3,,,False
251,1,175,164,-12,239,197,True,1,,,False
251,1,176,37,-9,242,23,True,0,,,False
251,1,177,67,16,16,164,True,1,,,False
251,1,178,108,-2,249,183,True,1,,,False
251,1,179,229,-3,248,144,True,0,,,False
251,1,180,122,18,18,147,True,1,,,False
251,1,181,5,18,18,5,True,1,,,False
251,1,182,100,-2,249,201,True,1,,,False
251,1,183,73,16,16,100,True,1,,,False
251,1,184,101,0,0,65,False,1,,,False
251,1,185,6,17,17,164,True,0,,,False
251,1,186,232,0,0,147,False,1,,,False
251,1,187,25,-12,239,195,True,1,,,False
251,1,188,112,26,26,183,True,1,,,False
251,1,189,182,13,13,150,True,0,,,False
251,1,190,62,-17,234,87,True,0,,,False
251,1,191,17,2,2,181,True,1,,,False
251,1,192,117,-28,223,28,True,1,,,False
251,1,193,121,-14,237,105,True,1,,,False
251,1,194,54,20,20,127,True,3,,,False
251,1,195,41,-4,247,61,True,1,,,False
251,1,196,163,1,1,234,True,0,,,False
251,1,197,201,12,12,123,True,1,,,False
251,1,198,3,6,6,224,True,1,,,False
251,1,199,4,0,0,80,False,1,,,False
251,1,200,238,-16,235,188,True,3,,,False
251,1,201,242,-15,236,1,True,0,,,False
251,1,202,105,-14,237,220,True,1,,,False
251,1,203,59,-1,250,102,True,0,,,False
251,1,204,244,-4,247,123,True,3,,,False
251,1,205,34,-3,248,58,True,0,,,False
251,1,206,151,9,9,186,True,0,,,False
251,1,207,205,-10,241,37,True,1,,,False
251,1,208,165,-12,239,126,True,3,,,False
251,1,209,2,-27,224,90,True,0,,,False
251,1,210,28,20,20,77,True,1,,,False
251,1,211,216,-12,239,86,True,3,,,False
251,1,212,120,-17,234,136,True,0,,,False
251,1,213,166,-27,224,67,True,0,,,False
251,1,214,235,23,23,156,True,0,,,False
251,1,215,203,-5,246,102,True,0,,,False
251,1,216,149,-10,241,24,True,1,,,False
251,1,217,217,24,24,172,True,1,,,False
251,1,218,223,15,15,0,True,0,,,False
251,1,219,57,12,12,20,True,3,,,False
251,1,220,132,-19,232,17,True,0,,,False
251,1,221,207,0,0,83,False,1,,,False
251,1,222,221,-30,221,142,True,1,,,False
251,1,223,147,12,12,113,True,1,,,False
251,1,224,220,-9,242,67,True,0,,,False
251,1,225,234,25,25,58,True,0,,,False
251,1,226,71,-11,240,15,True,0,,,False
251,1,227,103,10,10,138,True,1,,,False
251,1,228,56,21,21,81,True,0,,,False
251,1,229,195,22,22,36,True,1,,,False
251,1,230,21,-2,249,87,True,1,,,False
251,1,231,172,5,5,66,True,0,,,False
251,1,232,188,-24,227,22,True,3,,,False
251,1,233,110,6,6,15,True,1,,,False
251,1,234,150,24,24,232,True,3,,,False
251,1,235,10,5,5,228,True,0,,,False
251,1,236,185,0,0,2,False,3,,,False
251,1,237,156,-2,249,83,True,1,,,False
251,1,238,13,-14,237,165,True,1,,,False
251,1,239,90,-28,223,166,True,3,,,False
251,1,240,111,12,12,157,True,3,,,False
251,1,241,209,12,12,246,True,1,,,False
251,1,242,46,21,21,166,True,0,,,False
251,1,243,95,-31,220,220,True,0,,,False
251,1,244,96,-5,246,210,True,0,,,False
251,1,245,40,20,20,51,True,3,,,False
251,1,246,239,-12,239,33,True,3,,,False
251,1,247,55,19,19,147,True,0,,,False
251,1,248,29,-12,239,215,True,3,,,False
251,1,249,241,-24,227,120,True,1,,,False
251,1,250,142,30,30,102,True,1,,,False
251,2,0,222,0,0,32,False,3,,,False
251,2,1,214,3,3,163,True,0,,,False
251,2,2,187,6,6,82,True,1,,,False
251,2,3,45,20,20,245,True,3,,,False
251,2,4,249,21,21,64,True,0,,,False
251,2,5,42,26,26,188,True,1,,,False
251,2,7,61,24,24,24,True,1,,,False
251,2,8,109,20,20,153,True,1,,,False
251,2,9,224,24,24,123,True,1,,,False
251,2,10,32,-4,247,207,True,1,,,False
251,2,11,30,0,0,243,False,1,,,False
251,2,12,177,-18,233,28,True,1,,,False
251,2,13,89,-15,236,147,True,0,,,False
251,2,14,63,21,21,8,True,0,,,False
251,2,15,137,-22,229,30,True,1,,,False
251,2,16,23,-28,223,241,True,3,,,False
251,2,17,20,5,5,172,True,0,,,False
251,2,18,35,0,0,19,False,3,,,False
251,2,19,143,30,30,207,True,1,,,False
251,2,20,47,-24,227,87,True,1,,,False
251,2,21,248,20,20,76,True,1,,,False
251,2,22,148,-8,243,144,True,1,,,False
251,2,23,135,-12,239,138,True,3,,,False
251,2,24,186,18,18,175,True,1,,,False
251,2,25,12,-20,231,57,True,3,,,False
251,2,26,204,4,4,115,True,3,,,False
251,2,27,83,9,9,4,True,0,,,False
251,2,28,243,12,12,3,True,3,,,False
251,2,29,78,-8,243,12,True,1,,,False
251,2,30,179,21,21,19,True,0,,,False
251,2,31,152,-3,248,50,True,0,,,False
251,2,32,123,21,21,226,True,0,,,False
251,2,33,134,-22,229,209,True,1,,,False
251,2,34,9,13,13,20,True,0,,,False
251,2,35,7,4,4,153,True,3,,,False
251,2,36,8,16,16,80,True,1,,,False
251,2,37,52,25,25,128,True,0,,,False
251,2,38,184,-12,239,2,True,1,,,False
251,2,39,22,3,3,92,True,0,,,False
251,2,40,18,4,4,134,True,1,,,False
251,2,41,161,-7,244,120,True,0,,,False
251,2,42,215,-20,231,239,True,1,,,False
251,2,43,180,-11,240,158,True,0,,,False
251,2,44,74,15,15,64,True,0,,,False
251,2,45,130,2,2,94,True,1,,,False
251,2,46,140,-3,248,58,True,0,,,False
251,2,47,198,23,23,190,True,0,,,False
251,2,48,116,-20,231,64,True,1,,,False
251,2,49,43,6,6,147,True,1,,,False
251,2,50,141,-6,245,7,True,1,,,False
251,2,51,92,-7,244,80,True,0,,,False
251,2,52,175,20,20,244,True,3,,,False
251,2,53,87,24,24,21,True,1,,,False
251,2,54,129,-6,245,55,True,1,,,False
251,2,55,31,-5,246,3,True,0,,,False
251,2,56,183,-18,233,210,True,1,,,False
251,2,57,200,-18,233,8,True,1,,,False
251,2,58,213,0,0,227,False,1,,,False
251,2,59,94,15,15,163,True,0,,,False
251,2,60,51,15,15,84,True,0,,,False
251,2,61,125,-5,246,32,True,0,,,False
251,2,62,106,25,25,182,True,0,,,False
251,2,63,60,-21,230,207,True,0,,,False
251,2,64,115,15,15,139,True,0,,,False
251,2,65,199,0,0,201,False,1,,,False
251,2,66,86,-21,230,228,True,0,,,False
251,2,67,38,8,8,44,True,3,,,False
251,2,68,144,-12,239,30,True,3,,,False
251,2,69,136,8,8,44,True,1,,,False
251,2,70,225,-9,242,51,True,0,,,False
251,2,71,81,27,27,141,True,0,,,False
251,2,72,16,12,12,96,True,3,,,False
251,2,73,230,-6,245,42,True,1,,,False
251,2,74,24,0,0,114,False,1,,,False
251,2,75,98,30,30,101,True,1,,,False
251,2,76,14,-2,249,105,True,1,,,False
251,2,77,84,-23,228,136,True,0,,,False
251,2,78,169,29,29,107,True,0,,,False
251,2,79,107,14,14,92,True,1,,,False
251,2,80,133,-2,249,139,True,1,,,False
251,2,81,211,9,9,59,True,0,,,False
251,2,82,118,15,15,113,True,0,,,False
251,2,83,93,-13,238,189,True,0,,,False
251,2,84,246,-14,237,126,True,1,,,False
251,2,85,139,0,0,194,False,1,,,False
251,2,86,236,12,12,136,True,1,,,False
251,2,87,97,-20,231,132,True,1,,,False
251,2,88,192,-24,227,198,True,3,,,False
251,2,89,39,-23,228,241,True,0,,,False
251,2,90,64,0,0,215,False,3,,,False
251,2,91,65,-13,238,98,True,0,,,False
251,2,92,208,-12,239,51,True,3,,,False
251,2,93,99,6,6,79,True,1,,,False
251,2,94,170,-12,239,147,True,1,,,False
251,2,95,138,-20,231,150,True,1,,,False
251,2,96,70,-4,247,166,True,1,,,False
251,2,97,53,-12,239,69,True,1,,,False
251,2,98,85,20,20,222,True,3,,,False
251,2,99,82,-10,241,243,True,1,,,False
251,2,100,158,-8,243,85,True,1,,,False
251,2,101,171,-6,245,191,True,1,,,False
251,2,102,245,-16,235,151,True,3,,,False
251,2,103,228,-22,229,88,True,1,,,False
251,2,104,190,21,21,231,True,0,,,False
251,2,105,159,-10,241,105,True,1,,,False
251,2,106,26,-16,235,9,True,1,,,False
251,2,107,162,-28,223,183,True,1,,,False
251,2,108,227,-1,250,25,True,0,,,False
251,2,109,210,-16,235,77,True,1,,,False
251,2,110,128,18,18,244,True,1,,,False
251,2,111,33,18,18,217,True,1,,,False
251,2,112,11,-8,243,176,True,1,,,False
251,2,113,88,8,8,174,True,3,,,False
251,2,114,196,1,1,156,True,0,,,False
251,2,115,189,9,9,55,True,0,,,False
251,2,116,202,-14,237,162,True,1,,,False
251,2,117,79,-23,228,235,True,0,,,False
251,2,118,191,16,16,189,True,1,,,False
251,2,119,157,-28,223,26,True,1,,,False
251,2,120,124,12,12,73,True,3,,,False
251,2,121,113,-27,224,86,True,0,,,False
251,2,122,104,26,26,11,True,1,,,False
251,2,123,237,3,3,193,True,0,,,False
251,2,124,36,-4,247,164,True,3,,,False
251,2,125,206,-2,249,54,True,1,,,False
251,2,126,206,2,2,54,True,1,,,False
251,2,127,36,4,4,164,True,3,,,False
251,2,128,237,-3,248,193,True,0,,,False
251,2,129,104,-26,225,11,True,1,,,False
251,2,130,113,27,27,86,True,0,,,False
251,2,131,124,-12,239,73,True,3,,,False
251,2,132,157,28,28,26,True,1,,,False
251,2,133,191,-16,235,189,True,1,,,False
251,2,134,79,23,23,235,True,0,,,False
251,2,135,202,14,14,162,True,1,,,False
251,2,136,189,-9,242,55,True,0,,,False
251,2,137,196,-1,250,156,True,0,,,False
251,2,138,88,-8,243,174,True,3,,,False
251,2,139,11,8,8,176,True,1,,,False
251,2,140,33,-18,233,217,True,1,,,False
251,2,141,128,-18,233,244,True,1,,,False
251,2,142,210,16,16,77,True,1,,,False
251,2,143,227,1,1,25,True,0,,,False
251,2,144,162,28,28,183,True,1,,,False
251,2,145,26,16,16,9,True,1,,,False
251,2,146,159,10,10,105,True,1,,,False
251,2,147,190,-21,230,231,True,0,,,False
251,2,148,228,22,22,88,True,1,,,False
251,2,149,245,16,16,151,True,3,,,False
251,2,150,171,6,6,191,True,1,,,False
251,2,151,158,8,8,85,True,1,,,False
251,2,152,82,10,10,243,True,1,,,False
251,2,153,85,-20,231,222,True,3,,,False
251,2,154,53,12,12,69,True,1,,,False
251,2,155,70,4,4,166,True,1,,,False
251,2,156,138,20,20,150,True,1,,,False
251,2,157,170,12,12,147,True,1,,,False
251,2,158,99,-6,245,79,True,1,,,False
251,2,159,208,12,12,51,True,3,,,False
251,2,160,65,13,13,98,True,0,,,False
251,2,161,64,0,0,215,False,3,,,False
251,2,162,39,23,23,241,True,0,,,False
251,2,163,192,24,24,198,True,3,,,False
251,2,164,97,20,20,132,True,1,,,False
251,2,165,236,-12,239,136,True,1,,,False
251,2,166,139,0,0,194,False,1,,,False
251,2,167,246,14,14,126,True,1,,,False
251,2,168,93,13,13,189,True,0,,,False
251,2,169,118,-15,236,113,True,0,,,False
251,2,170,211,-9,242,59,True,0,,,False
251,2,171,133,2,2,139,True,1,,,False
251,2,172,107,-14,237,92,True,1,,,False
251,2,173,169,-29,222,107,True,0,,,False
251,2,174,84,23,23,136,True,0,,,False
251,2,175,14,2,2,105,True,1,,,False
251,2,176,98,-30,221,101,True,1,,,False
251,2,177,24,0,0,114,False,1,,,False
251,2,178,230,6,6,42,True,1,,,False
251,2,179,16,-12,239,96,True,3,,,False
251,2,180,81,-27,224,141,True,0,,,False
251,2,181,225,9,9,51,True,0,,,False
251,2,182,136,-8,243,44,True,1,,,False
251,2,183,144,12,12,30,True,3,,,False
251,2,184,38,-8,243,44,True,3,,,False
251,2,185,86,21,21,228,True,0,,,False
251,2,186,199,0,0,201,False,1,,,False
251,2,187,115,-15,236,139,True,0,,,False
251,2,188,60,21,21,207,True,0,,,False
251,2,189,106,-25,226,182,True,0,,,False
251,2,190,125,5,5,32,True,0,,,False
251,2,191,51,-15,236,84,True,0,,,False
251,2,192,94,-15,236,163,True,0,,,False
251,2,193,213,0,0,227,False,1,,,False
251,2,194,200,18,18,8,True,1,,,False
251,2,195,183,18,18,210,True,1,,,False
251,2,196,31,5,5,3,True,0,,,False
251,2,197,129,6,6,55,True,1,,,False
251,2,198,87,-24,227,21,True,1,,,False
251,2,199,175,-20,231,244,True,3,,,False
251,2,200,92,7,7,80,True,0,,,False
251,2,201,141,6,6,7,True,1,,,False
251,2,202,43,-6,245,147,True,1,,,False
251,2,203,116,20,20,64,True,1,,,False
251,2,204,198,-23,228,190,True,0,,,False
251,2,205,140,3,3,58,True,0,,,False
251,2,206,130,-2,249,94,True,1,,,False
251,2,207,74,-15,236,64,True,0,,,False
251,2,208,180,11,11,158,True,0,,,False
251,2,209,215,20,20,239,True,1,,,False
251,2,210,161,7,7,120,True,0,,,False
251,2,211,18,-4,247,134,True,1,,,False
251,2,212,22,-3,248,92,True,0,,,False
251,2,213,184,12,12,2,True,1,,,False
251,2,214,52,-25,226,128,True,0,,,False
251,2,215,8,-16,235,80,True,1,,,False
251,2,216,7,-4,247,153,True,3,,,False
251,2,217,9,-13,238,20,True,0,,,False
251,2,218,134,22,22,209,True,1,,,False
251,2,219,123,-21,230,226,True,0,,,False
251,2,220,152,3,3,50,True,0,,,False
251,2,221,179,-21,230,19,True,0,,,False
251,2,222,78,8,8,12,True,1,,,False
251,2,223,243,-12,239,3,True,3,,,False
251,2,224,83,-9,242,4,True,0,,,False
251,2,225,204,-4,247,115,True,3,,,False
251,2,226,12,20,20,57,True,3,,,False
251,2,227,186,-18,233,175,True,1,,,False
251,2,228,135,12,12,138,True,3,,,False
251,2,229,148,8,8,144,True,1,,,False
251,2,230,248,-20,231,76,True,1,,,False
251,2,231,47,24,24,87,True,1,,,False
251,2,232,143,-30,221,207,True,1,,,False
251,2,233,35,0,0,19,False,3,,,False
251,2,234,20,-5,246,172,True,0,,,False
251,2,235,23,28,28,241,True,3,,,False
251,2,236,137,22,22,30,True,1,,,False
251,2,237,63,-21,230,8,True,0,,,False
251,2,238,89,15,15,147,True,0,,,False
251,2,239,177,18,18,28,True,1,,,False
251,2,240,30,0,0,243,False,1,,,False
251,2,241,32,4,4,207,True,1,,,False
251,2,242,224,-24,227,123,True,1,,,False
251,2,243,109,-20,231,153,True,1,,,False
251,2,244,61,-24,227,24,True,1,,,False
251,2,246,42,-26,225,188,True,1,,,False
251,2,247,249,-21,230,64,True,0,,,False
251,2,248,45,-20,231,245,True,3,,,False
251,2,249,187,-6,245,82,True,1,,,False
251,2,250,214,-3,248,163,True,0,,,False
