p,family,e,r,A,B,slope,H,beta,j
13,3,4,1,2,5,2,2,4,4
13,3,4,2,8,1,4,11,5,4
13,3,4,3,5,5,6,2,12,4
13,3,4,4,6,8,8,2,3,4
13,3,4,5,11,1,10,11,6,4
13,3,4,6,7,1,12,11,2,4
13,3,4,7,7,12,1,11,11,4
13,3,4,8,11,12,3,11,7,4
13,3,4,9,6,5,5,2,10,4
13,3,4,10,5,8,7,2,1,4
13,3,4,11,8,12,9,11,8,4
13,3,4,12,2,8,11,2,9,4
13,3,9,1,1,11,5,2,10,6
13,3,9,2,4,10,10,11,6,6
13,3,9,3,9,11,2,2,4,6
13,3,9,4,3,2,7,2,1,6
13,3,9,5,12,10,12,11,2,6
13,3,9,6,10,10,4,11,5,6
13,3,9,7,10,3,9,11,8,6
13,3,9,8,12,3,1,11,11,6
13,3,9,9,3,11,6,2,12,6
13,3,9,10,9,2,11,2,9,6
13,3,9,11,4,3,3,11,7,6
13,3,9,12,1,2,8,2,3,6
17,2,6,1,8,2,2,2,4,16
17,2,6,2,15,16,4,2,8,16
17,2,6,3,4,3,6,15,5,16
17,2,6,4,9,9,8,2,16,16
17,2,6,5,13,12,10,15,14,16
17,2,6,6,16,7,12,15,10,16
17,2,6,7,1,6,14,15,6,16
17,2,6,8,2,4,16,2,15,16
17,2,6,9,2,13,1,2,2,16
17,2,6,10,1,11,3,15,11,16
17,2,6,11,16,10,5,15,7,16
17,2,6,12,13,5,7,15,3,16
17,2,6,13,9,8,9,2,1,16
17,2,6,14,4,14,11,15,12,16
17,2,6,15,15,1,13,2,9,16
17,2,6,16,8,15,15,2,13,16
17,2,11,1,14,9,9,2,1,14
17,2,11,2,5,4,1,2,2,14
17,2,11,3,7,5,10,15,14,14
17,2,11,4,3,15,2,2,4,14
17,2,11,5,10,3,11,15,12,14
17,2,11,6,11,6,3,15,11,14
17,2,11,7,6,10,12,15,10,14
17,2,11,8,12,1,4,2,8,14
17,2,11,9,12,16,13,2,9,14
17,2,11,10,6,7,5,15,7,14
17,2,11,11,11,11,14,15,6,14
17,2,11,12,10,14,6,15,5,14
17,2,11,13,3,2,15,2,13,14
17,2,11,14,7,12,7,15,3,14
17,2,11,15,5,13,16,2,15,14
17,2,11,16,14,8,8,2,16,14
37,3,15,1,1,36,4,27,34,32
37,3,15,2,4,29,8,10,6,32
37,3,15,3,9,10,12,27,28,32
37,3,15,4,16,10,16,27,25,32
37,3,15,5,25,23,20,10,15,32
37,3,15,6,36,6,24,10,18,32
37,3,15,7,12,27,28,27,16,32
37,3,15,8,27,6,32,10,24,32
37,3,15,9,7,11,36,27,10,32
37,3,15,10,26,36,3,27,7,32
37,3,15,11,10,1,7,27,4,32
37,3,15,12,33,11,11,27,1,32
37,3,15,13,21,23,15,10,2,32
37,3,15,14,11,31,19,10,5,32
37,3,15,15,3,29,23,10,8,32
37,3,15,16,34,11,27,27,26,32
37,3,15,17,30,8,31,10,14,32
37,3,15,18,28,14,35,10,17,32
37,3,15,19,28,23,2,10,20,32
37,3,15,20,30,29,6,10,23,32
37,3,15,21,34,26,10,27,11,32
37,3,15,22,3,8,14,10,29,32
37,3,15,23,11,6,18,10,32,32
37,3,15,24,21,14,22,10,35,32
37,3,15,25,33,26,26,27,36,32
37,3,15,26,10,36,30,27,33,32
37,3,15,27,26,1,34,27,30,32
37,3,15,28,7,26,1,27,27,32
37,3,15,29,27,31,5,10,13,32
37,3,15,30,12,10,9,27,21,32
37,3,15,31,36,31,13,10,19,32
37,3,15,32,25,14,17,10,22,32
37,3,15,33,16,27,21,27,12,32
37,3,15,34,9,27,25,27,9,32
37,3,15,35,4,8,29,10,31,32
37,3,15,36,1,1,33,27,3,32
37,3,22,1,25,19,27,27,26,24
37,3,22,2,26,4,17,10,22,24
37,3,22,3,3,32,7,27,4,24
37,3,22,4,30,32,34,27,30,24
37,3,22,5,33,7,24,10,18,24
37,3,22,6,12,34,14,10,29,24
37,3,22,7,4,5,4,27,34,24
37,3,22,8,9,34,31,10,14,24
37,3,22,9,27,13,21,27,12,24
37,3,22,10,21,19,11,27,1,24
37,3,22,11,28,18,1,27,27,24
37,3,22,12,11,13,28,27,16,24
37,3,22,13,7,7,18,10,32,24
37,3,22,14,16,3,8,10,6,24
37,3,22,15,1,4,35,10,17,24
37,3,22,16,36,13,25,27,9,24
37,3,22,17,10,33,15,10,2,24
37,3,22,18,34,30,5,10,13,24
37,3,22,19,34,7,32,10,24,24
37,3,22,20,10,4,22,10,35,24
37,3,22,21,36,24,12,27,28,24
37,3,22,22,1,33,2,10,20,24
37,3,22,23,16,34,29,10,31,24
37,3,22,24,7,30,19,10,5,24
37,3,22,25,11,24,9,27,21,24
37,3,22,26,28,19,36,27,10,24
37,3,22,27,21,18,26,27,36,24
37,3,22,28,27,24,16,27,25,24
37,3,22,29,9,3,6,10,23,24
37,3,22,30,4,32,33,27,3,24
37,3,22,31,12,3,23,10,8,24
37,3,22,32,33,30,13,10,19,24
37,3,22,33,30,5,3,27,7,24
37,3,22,34,3,5,30,27,33,24
37,3,22,35,26,33,20,10,15,24
37,3,22,36,25,18,10,27,11,24
41,2,17,1,37,1,4,10,40,23
41,2,17,2,25,8,8,10,39,23
41,2,17,3,5,27,12,31,3,23
41,2,17,4,18,23,16,10,37,23
41,2,17,5,23,2,20,10,36,23
41,2,17,6,20,11,24,31,6,23
41,2,17,7,9,15,28,31,7,23
41,2,17,8,31,20,32,10,33,23
41,2,17,9,4,32,36,10,32,23
41,2,17,10,10,16,40,10,31,23
41,2,17,11,8,19,3,31,11,23
41,2,17,12,39,6,7,31,12,23
41,2,17,13,21,24,11,31,13,23
41,2,17,14,36,38,15,31,14,23
41,2,17,15,2,13,19,31,15,23
41,2,17,16,1,37,23,10,25,23
41,2,17,17,33,34,27,31,17,23
41,2,17,18,16,10,31,10,23,23
41,2,17,19,32,12,35,31,19,23
41,2,17,20,40,5,39,10,21,23
41,2,17,21,40,36,2,10,20,23
41,2,17,22,32,29,6,31,22,23
41,2,17,23,16,31,10,10,18,23
41,2,17,24,33,7,14,31,24,23
41,2,17,25,1,4,18,10,16,23
41,2,17,26,2,28,22,31,26,23
41,2,17,27,36,3,26,31,27,23
41,2,17,28,21,17,30,31,28,23
41,2,17,29,39,35,34,31,29,23
41,2,17,30,8,22,38,31,30,23
41,2,17,31,10,25,1,10,10,23
41,2,17,32,4,9,5,10,9,23
41,2,17,33,31,21,9,10,8,23
41,2,17,34,9,26,13,31,34,23
41,2,17,35,20,30,17,31,35,23
41,2,17,36,23,39,21,10,5,23
41,2,17,37,18,18,25,10,4,23
41,2,17,38,5,14,29,31,38,23
41,2,17,39,25,33,33,10,2,23
41,2,17,40,37,40,37,10,1,23
41,2,24,1,27,18,31,10,23,30
41,2,24,2,26,21,21,10,5,30
41,2,24,3,38,35,11,31,13,30
41,2,24,4,22,4,1,10,10,30
41,2,24,5,19,36,32,10,33,30
41,2,24,6,29,34,22,31,26,30
41,2,24,7,11,24,12,31,3,30
41,2,24,8,6,32,2,10,20,30
41,2,24,9,14,2,33,10,2,30
41,2,24,10,35,1,23,10,25,30
41,2,24,11,28,14,13,31,34,30
41,2,24,12,34,26,3,31,11,30
41,2,24,13,12,22,34,31,29,30
41,2,24,14,3,28,24,31,6,30
41,2,24,15,7,29,14,31,24,30
41,2,24,16,24,10,4,10,40,30
41,2,24,17,13,38,35,31,19,30
41,2,24,18,15,16,25,10,4,30
41,2,24,19,30,11,15,31,14,30
41,2,24,20,17,8,5,10,9,30
41,2,24,21,17,33,36,10,32,30
41,2,24,22,30,30,26,31,27,30
41,2,24,23,15,25,16,10,37,30
41,2,24,24,13,3,6,31,22,30
41,2,24,25,24,31,37,10,1,30
41,2,24,26,7,12,27,31,17,30
41,2,24,27,3,13,17,31,35,30
41,2,24,28,12,19,7,31,12,30
41,2,24,29,34,15,38,31,30,30
41,2,24,30,28,27,28,31,7,30
41,2,24,31,35,40,18,10,16,30
41,2,24,32,14,39,8,10,39,30
41,2,24,33,6,9,39,10,21,30
41,2,24,34,11,17,29,31,38,30
41,2,24,35,29,7,19,31,15,30
41,2,24,36,19,5,9,10,8,30
41,2,24,37,22,37,40,10,31,30
41,2,24,38,38,6,30,31,28,30
41,2,24,39,26,20,20,10,36,30
41,2,24,40,27,23,10,10,18,30
61,3,8,1,56,33,42,14,39,44
61,3,8,2,41,20,23,47,44,44
61,3,8,3,16,37,4,14,56,44
61,3,8,4,42,38,46,14,34,44
61,3,8,5,58,38,27,14,12,44
61,3,8,6,3,52,8,47,10,44
61,3,8,7,60,34,50,47,32,44
61,3,8,8,46,60,31,47,54,44
61,3,8,9,22,23,12,14,46,44
61,3,8,10,49,60,54,47,37,44
61,3,8,11,5,3,35,47,59,44
61,3,8,12,12,50,16,14,41,44
61,3,8,13,9,33,58,14,19,44
61,3,8,14,57,28,39,14,58,44
61,3,8,15,34,50,20,14,36,44
61,3,8,16,1,53,1,14,14,44
61,3,8,17,19,52,43,47,8,44
61,3,8,18,27,1,24,47,30,44
61,3,8,19,25,37,5,14,9,44
61,3,8,20,13,53,47,14,48,44
61,3,8,21,52,3,28,47,35,44
61,3,8,22,20,24,9,14,4,44
61,3,8,23,39,9,51,47,18,44
61,3,8,24,48,34,32,47,40,44
61,3,8,25,47,53,13,14,60,44
61,3,8,26,36,20,55,47,23,44
61,3,8,27,15,11,36,14,16,44
61,3,8,28,45,41,17,47,6,44
61,3,8,29,4,3,59,47,28,44
61,3,8,30,14,34,40,47,50,44
61,3,8,31,14,27,21,47,11,44
61,3,8,32,4,58,2,47,33,44
61,3,8,33,45,20,44,47,55,44
61,3,8,34,15,50,25,14,45,44
61,3,8,35,36,41,6,47,38,44
61,3,8,36,47,8,48,14,1,44
61,3,8,37,48,27,29,47,21,44
61,3,8,38,39,52,10,47,43,44
61,3,8,39,20,37,52,14,57,44
61,3,8,40,52,58,33,47,26,44
61,3,8,41,13,8,14,14,13,44
61,3,8,42,25,24,56,14,52,44
61,3,8,43,27,60,37,47,31,44
61,3,8,44,19,9,18,47,53,44
61,3,8,45,1,8,60,14,47,44
61,3,8,46,34,11,41,14,25,44
61,3,8,47,57,33,22,14,3,44
61,3,8,48,9,28,3,14,42,44
61,3,8,49,12,11,45,14,20,44
61,3,8,50,5,58,26,47,2,44
61,3,8,51,49,1,7,47,24,44
61,3,8,52,22,38,49,14,15,44
61,3,8,53,46,1,30,47,7,44
61,3,8,54,60,27,11,47,29,44
61,3,8,55,3,9,53,47,51,44
61,3,8,56,58,23,34,14,49,44
61,3,8,57,42,23,15,14,27,44
61,3,8,58,16,24,57,14,5,44
61,3,8,59,41,41,38,47,17,44
61,3,8,60,56,28,19,14,22,44
61,3,53,1,40,43,13,14,60,49
61,3,53,2,38,39,26,47,2,49
61,3,53,3,55,2,39,14,58,49
61,3,53,4,30,7,52,14,57,49
61,3,53,5,24,7,4,14,56,49
61,3,53,6,37,16,17,47,6,49
61,3,53,7,8,48,30,47,7,49
61,3,53,8,59,56,43,47,8,49
61,3,53,9,7,54,56,14,52,49
61,3,53,10,35,56,8,47,10,49
61,3,53,11,21,15,21,47,11,49
61,3,53,12,26,6,34,14,49,49
61,3,53,13,50,43,47,14,48,49
61,3,53,14,32,18,60,14,47,49
61,3,53,15,33,6,12,14,46,49
61,3,53,16,53,21,25,14,45,49
61,3,53,17,31,16,38,47,17,49
61,3,53,18,28,5,51,47,18,49
61,3,53,19,44,2,3,14,42,49
61,3,53,20,18,21,16,14,41,49
61,3,53,21,11,15,29,47,21,49
61,3,53,22,23,59,42,14,39,49
61,3,53,23,54,45,55,47,23,49
61,3,53,24,43,48,7,47,24,49
61,3,53,25,51,21,20,14,36,49
61,3,53,26,17,39,33,47,26,49
61,3,53,27,2,55,46,14,34,49
61,3,53,28,6,22,59,47,28,49
61,3,53,29,29,15,11,47,29,49
61,3,53,30,10,48,24,47,30,49
61,3,53,31,10,13,37,47,31,49
61,3,53,32,29,46,50,47,32,49
61,3,53,33,6,39,2,47,33,49
61,3,53,34,2,6,15,14,27,49
61,3,53,35,17,22,28,47,35,49
61,3,53,36,51,40,41,14,25,49
61,3,53,37,43,13,54,47,37,49
61,3,53,38,54,16,6,47,38,49
61,3,53,39,23,2,19,14,22,49
61,3,53,40,11,46,32,47,40,49
61,3,53,41,18,40,45,14,20,49
61,3,53,42,44,59,58,14,19,49
61,3,53,43,28,56,10,47,43,49
61,3,53,44,31,45,23,47,44,49
61,3,53,45,53,40,36,14,16,49
61,3,53,46,33,55,49,14,15,49
61,3,53,47,32,43,1,14,14,49
61,3,53,48,50,18,14,14,13,49
61,3,53,49,26,55,27,14,12,49
61,3,53,50,21,46,40,47,50,49
61,3,53,51,35,5,53,47,51,49
61,3,53,52,7,7,5,14,9,49
61,3,53,53,59,5,18,47,53,49
61,3,53,54,8,13,31,47,54,49
61,3,53,55,37,45,44,47,55,49
61,3,53,56,24,54,57,14,5,49
61,3,53,57,30,54,9,14,4,49
61,3,53,58,55,59,22,14,3,49
61,3,53,59,38,22,35,47,59,49
61,3,53,60,40,18,48,14,1,49
73,2,32,1,33,48,6,67,37,52
73,2,32,2,59,19,12,67,1,52
73,2,32,3,5,55,18,67,38,52
73,2,32,4,17,6,24,67,2,52
73,2,32,5,22,14,30,6,34,52
73,2,32,6,20,2,36,67,3,52
73,2,32,7,11,39,42,6,33,52
73,2,32,8,68,48,48,67,4,52
73,2,32,9,45,25,54,67,41,52
73,2,32,10,15,39,60,6,68,52
73,2,32,11,51,13,66,6,31,52
73,2,32,12,7,16,72,67,6,52
73,2,32,13,29,44,5,6,30,52
73,2,32,14,44,20,11,6,66,52
73,2,32,15,52,13,17,6,29,52
73,2,32,16,53,19,23,67,8,52
73,2,32,17,47,34,29,6,28,52
73,2,32,18,34,54,35,67,9,52
73,2,32,19,14,2,41,67,46,52
73,2,32,20,60,20,47,6,63,52
73,2,32,21,26,31,53,6,26,52
73,2,32,22,58,31,59,6,62,52
73,2,32,23,10,16,65,67,48,52
73,2,32,24,28,55,71,67,12,52
73,2,32,25,39,71,4,67,49,52
73,2,32,26,43,60,10,6,60,52
73,2,32,27,40,18,16,67,50,52
73,2,32,28,30,14,22,6,59,52
73,2,32,29,13,44,28,6,22,52
73,2,32,30,62,31,34,6,58,52
73,2,32,31,31,44,40,6,21,52
73,2,32,32,66,6,46,67,16,52
73,2,32,33,21,59,52,6,20,52
73,2,32,34,42,53,58,6,56,52
73,2,32,35,56,57,64,67,54,52
73,2,32,36,63,67,70,67,18,52
73,2,32,37,63,6,3,67,55,52
73,2,32,38,56,16,9,67,19,52
73,2,32,39,42,20,15,6,17,52
73,2,32,40,21,14,21,6,53,52
73,2,32,41,66,67,27,67,57,52
73,2,32,42,31,29,33,6,52,52
73,2,32,43,62,42,39,6,15,52
73,2,32,44,13,29,45,6,51,52
73,2,32,45,30,59,51,6,14,52
73,2,32,46,40,55,57,67,23,52
73,2,32,47,43,13,63,6,13,52
73,2,32,48,39,2,69,67,24,52
73,2,32,49,28,18,2,67,61,52
73,2,32,50,10,57,8,67,25,52
73,2,32,51,58,42,14,6,11,52
73,2,32,52,26,42,20,6,47,52
73,2,32,53,60,53,26,6,10,52
73,2,32,54,14,71,32,67,27,52
73,2,32,55,34,19,38,67,64,52
73,2,32,56,47,39,44,6,45,52
73,2,32,57,53,54,50,67,65,52
73,2,32,58,52,60,56,6,44,52
73,2,32,59,44,53,62,6,7,52
73,2,32,60,29,29,68,6,43,52
73,2,32,61,7,57,1,67,67,52
73,2,32,62,51,60,7,6,42,52
73,2,32,63,15,34,13,6,5,52
73,2,32,64,45,48,19,67,32,52
73,2,32,65,68,25,25,67,69,52
73,2,32,66,11,34,31,6,40,52
73,2,32,67,20,71,37,67,70,52
73,2,32,68,22,59,43,6,39,52
73,2,32,69,17,67,49,67,71,52
73,2,32,70,5,18,55,67,35,52
73,2,32,71,59,54,61,67,72,52
73,2,32,72,33,25,67,67,36,52
73,2,41,1,4,50,61,67,72,72
73,2,41,2,16,35,49,67,71,72
73,2,41,3,36,36,37,67,70,72
73,2,41,4,64,61,25,67,69,72
73,2,41,5,27,45,13,6,5,72
73,2,41,6,71,69,1,67,67,72
73,2,41,7,50,68,62,6,7,72
73,2,41,8,37,50,50,67,65,72
73,2,41,9,32,23,38,67,64,72
73,2,41,10,35,68,26,6,10,72
73,2,41,11,46,47,14,6,11,72
73,2,41,12,65,41,2,67,61,72
73,2,41,13,19,58,63,6,13,72
73,2,41,14,54,33,51,6,14,72
73,2,41,15,24,47,39,6,15,72
73,2,41,16,2,35,27,67,57,72
73,2,41,17,61,5,15,6,17,72
73,2,41,18,55,38,3,67,55,72
73,2,41,19,57,69,64,67,54,72
73,2,41,20,67,33,52,6,20,72
73,2,41,21,12,11,40,6,21,72
73,2,41,22,38,11,28,6,22,72
73,2,41,23,72,41,16,67,50,72
73,2,41,24,41,36,4,67,49,72
73,2,41,25,18,4,65,67,48,72
73,2,41,26,3,26,53,6,26,72
73,2,41,27,69,37,41,67,46,72
73,2,41,28,70,45,29,6,28,72
73,2,41,29,6,58,17,6,29,72
73,2,41,30,23,11,5,6,30,72
73,2,41,31,48,58,66,6,31,72
73,2,41,32,8,61,54,67,41,72
73,2,41,33,49,28,42,6,33,72
73,2,41,34,25,40,30,6,34,72
73,2,41,35,9,32,18,67,38,72
73,2,41,36,1,12,6,67,37,72
73,2,41,37,1,61,67,67,36,72
73,2,41,38,9,41,55,67,35,72
73,2,41,39,25,33,43,6,39,72
73,2,41,40,49,45,31,6,40,72
73,2,41,41,8,12,19,67,32,72
73,2,41,42,48,15,7,6,42,72
73,2,41,43,23,62,68,6,43,72
73,2,41,44,6,15,56,6,44,72
73,2,41,45,70,28,44,6,45,72
73,2,41,46,69,36,32,67,27,72
73,2,41,47,3,47,20,6,47,72
73,2,41,48,18,69,8,67,25,72
73,2,41,49,41,37,69,67,24,72
73,2,41,50,72,32,57,67,23,72
73,2,41,51,38,62,45,6,51,72
73,2,41,52,12,62,33,6,52,72
73,2,41,53,67,40,21,6,53,72
73,2,41,54,57,4,9,67,19,72
73,2,41,55,55,35,70,67,18,72
73,2,41,56,61,68,58,6,56,72
73,2,41,57,2,38,46,67,16,72
73,2,41,58,24,26,34,6,58,72
73,2,41,59,54,40,22,6,59,72
73,2,41,60,19,15,10,6,60,72
73,2,41,61,65,32,71,67,12,72
73,2,41,62,46,26,59,6,62,72
73,2,41,63,35,5,47,6,63,72
73,2,41,64,32,50,35,67,9,72
73,2,41,65,37,23,23,67,8,72
73,2,41,66,50,5,11,6,66,72
73,2,41,67,71,4,72,67,6,72
73,2,41,68,27,28,60,6,68,72
73,2,41,69,64,12,48,67,4,72
73,2,41,70,36,37,36,67,3,72
73,2,41,71,16,38,24,67,2,72
73,2,41,72,4,23,12,67,1,72
73,3,21,1,65,49,28,63,12,50
73,3,21,2,41,27,56,63,24,50
73,3,21,3,1,9,11,63,36,50
73,3,21,4,18,70,39,63,48,50
73,3,21,5,19,66,67,10,13,50
73,3,21,6,4,72,22,63,72,50
73,3,21,7,46,17,50,10,62,50
73,3,21,8,72,49,5,63,23,50
73,3,21,9,9,24,33,63,35,50
73,3,21,10,3,17,61,10,26,50
73,3,21,11,54,30,16,10,14,50
73,3,21,12,16,65,44,63,71,50
73,3,21,13,35,51,72,10,63,50
73,3,21,14,38,63,27,10,51,50
73,3,21,15,25,30,55,10,39,50
73,3,21,16,69,27,10,63,46,50
73,3,21,17,24,56,38,10,15,50
73,3,21,18,36,46,66,63,70,50
73,3,21,19,32,72,21,63,9,50
73,3,21,20,12,63,49,10,52,50
73,3,21,21,49,21,4,10,40,50
73,3,21,22,70,21,32,10,28,50
73,3,21,23,2,65,60,63,57,50
73,3,21,24,64,9,15,63,69,50
73,3,21,25,37,1,43,63,8,50
73,3,21,26,67,43,71,10,53,50
73,3,21,27,8,64,26,63,32,50
73,3,21,28,6,66,54,10,29,50
73,3,21,29,61,51,9,10,17,50
73,3,21,30,27,21,37,10,5,50
73,3,21,31,50,51,65,10,66,50
73,3,21,32,57,70,20,63,19,50
73,3,21,33,48,7,48,10,42,50
73,3,21,34,23,10,3,10,30,50
73,3,21,35,55,8,31,63,55,50
73,3,21,36,71,3,59,63,67,50
73,3,21,37,71,70,14,63,6,50
73,3,21,38,55,65,42,63,18,50
73,3,21,39,23,63,70,10,43,50
73,3,21,40,48,66,25,10,31,50
73,3,21,41,57,3,53,63,54,50
73,3,21,42,50,22,8,10,7,50
73,3,21,43,27,52,36,10,68,50
73,3,21,44,61,22,64,10,56,50
73,3,21,45,6,7,19,10,44,50
73,3,21,46,8,9,47,63,41,50
73,3,21,47,67,30,2,10,20,50
73,3,21,48,37,72,30,63,65,50
73,3,21,49,64,64,58,63,4,50
73,3,21,50,2,8,13,63,16,50
73,3,21,51,70,52,41,10,45,50
73,3,21,52,49,52,69,10,33,50
73,3,21,53,12,10,24,10,21,50
73,3,21,54,32,1,52,63,64,50
73,3,21,55,36,27,7,63,3,50
73,3,21,56,24,17,35,10,58,50
73,3,21,57,69,46,63,63,27,50
73,3,21,58,25,43,18,10,34,50
73,3,21,59,38,10,46,10,22,50
73,3,21,60,35,22,1,10,10,50
73,3,21,61,16,8,29,63,2,50
73,3,21,62,54,43,57,10,59,50
73,3,21,63,3,56,12,10,47,50
73,3,21,64,9,49,40,63,38,50
73,3,21,65,72,24,68,63,50,50
73,3,21,66,46,56,23,10,11,50
73,3,21,67,4,1,51,63,1,50
73,3,21,68,19,7,6,10,60,50
73,3,21,69,18,3,34,63,25,50
73,3,21,70,1,64,62,63,37,50
73,3,21,71,41,46,17,63,49,50
73,3,21,72,65,24,45,63,61,50
73,3,52,1,30,23,39,63,48,47
73,3,52,2,47,38,5,63,23,47
73,3,52,3,51,37,44,63,71,47
73,3,52,4,42,12,10,63,46,47
73,3,52,5,20,28,49,10,52,47
73,3,52,6,58,4,15,63,69,47
73,3,52,7,10,5,54,10,29,47
73,3,52,8,22,23,20,63,19,47
73,3,52,9,21,50,59,63,67,47
73,3,52,10,7,5,25,10,31,47
73,3,52,11,53,26,64,10,56,47
73,3,52,12,13,32,30,63,65,47
73,3,52,13,33,15,69,10,33,47
73,3,52,14,40,40,35,10,58,47
73,3,52,15,34,26,1,10,10,47
73,3,52,16,15,38,40,63,38,47
73,3,52,17,56,68,6,10,60,47
73,3,52,18,11,35,45,63,61,47
73,3,52,19,26,4,11,63,36,47
73,3,52,20,28,40,50,10,62,47
73,3,52,21,17,62,16,10,14,47
73,3,52,22,66,62,55,10,39,47
73,3,52,23,29,32,21,63,9,47
73,3,52,24,52,37,60,63,57,47
73,3,52,25,62,69,26,63,32,47
73,3,52,26,59,47,65,10,66,47
73,3,52,27,43,36,31,63,55,47
73,3,52,28,14,28,70,10,43,47
73,3,52,29,45,15,36,10,68,47
73,3,52,30,63,62,2,10,20,47
73,3,52,31,68,15,41,10,45,47
73,3,52,32,60,12,7,63,3,47
73,3,52,33,39,45,46,10,22,47
73,3,52,34,5,33,12,10,47,47
73,3,52,35,31,41,51,63,1,47
73,3,52,36,44,61,17,63,49,47
73,3,52,37,44,12,56,63,24,47
73,3,52,38,31,32,22,63,72,47
73,3,52,39,5,40,61,10,26,47
73,3,52,40,39,28,27,10,51,47
73,3,52,41,60,61,66,63,70,47
73,3,52,42,68,58,32,10,28,47
73,3,52,43,63,11,71,10,53,47
73,3,52,44,45,58,37,10,5,47
73,3,52,45,14,45,3,10,30,47
73,3,52,46,43,37,42,63,18,47
73,3,52,47,59,26,8,10,7,47
73,3,52,48,62,4,47,63,41,47
73,3,52,49,52,36,13,63,16,47
73,3,52,50,29,41,52,63,64,47
73,3,52,51,66,11,18,10,34,47
73,3,52,52,17,11,57,10,59,47
73,3,52,53,28,33,23,10,11,47
73,3,52,54,26,69,62,63,37,47
73,3,52,55,11,38,28,63,12,47
73,3,52,56,56,5,67,10,13,47
73,3,52,57,15,35,33,63,35,47
73,3,52,58,34,47,72,10,63,47
73,3,52,59,40,33,38,10,15,47
73,3,52,60,33,58,4,10,40,47
73,3,52,61,13,41,43,63,8,47
73,3,52,62,53,47,9,10,17,47
73,3,52,63,7,68,48,10,42,47
73,3,52,64,21,23,14,63,6,47
73,3,52,65,22,50,53,63,54,47
73,3,52,66,10,68,19,10,44,47
73,3,52,67,58,69,58,63,4,47
73,3,52,68,20,45,24,10,21,47
73,3,52,69,42,61,63,63,27,47
73,3,52,70,51,36,29,63,2,47
73,3,52,71,47,35,68,63,50,47
73,3,52,72,30,50,34,63,25,47
89,2,25,1,11,26,36,10,4,46
89,2,25,2,44,30,72,10,8,46
89,2,25,3,10,79,19,79,77,46
89,2,25,4,87,62,55,10,16,46
89,2,25,5,8,46,2,10,20,46
89,2,25,6,40,9,38,79,65,46
89,2,25,7,5,18,74,79,61,46
89,2,25,8,81,51,21,10,32,46
89,2,25,9,1,86,57,10,36,46
89,2,25,10,32,12,4,10,40,46
89,2,25,11,85,74,40,10,44,46
89,2,25,12,71,72,76,79,41,46
89,2,25,13,79,73,23,79,37,46
89,2,25,14,20,55,59,79,33,46
89,2,25,15,72,85,6,79,29,46
89,2,25,16,57,52,42,10,64,46
89,2,25,17,64,23,78,10,68,46
89,2,25,18,4,65,25,10,72,46
89,2,25,19,55,67,61,79,13,46
89,2,25,20,39,7,8,10,80,46
89,2,25,21,45,41,44,10,84,46
89,2,25,22,73,58,80,10,88,46
89,2,25,23,34,36,27,79,86,46
89,2,25,24,17,42,63,79,82,46
89,2,25,25,22,54,10,10,11,46
89,2,25,26,49,50,46,79,74,46
89,2,25,27,9,8,82,79,70,46
89,2,25,28,80,84,29,79,66,46
89,2,25,29,84,78,65,79,62,46
89,2,25,30,21,57,12,79,58,46
89,2,25,31,69,88,48,79,54,46
89,2,25,32,50,60,84,10,39,46
89,2,25,33,53,40,31,79,46,46
89,2,25,34,78,6,67,10,47,46
89,2,25,35,36,25,14,79,38,46
89,2,25,36,16,75,50,10,55,46
89,2,25,37,18,45,86,79,30,46
89,2,25,38,42,2,33,79,26,46
89,2,25,39,88,13,69,10,67,46
89,2,25,40,67,56,16,10,71,46
89,2,25,41,68,20,52,79,14,46
89,2,25,42,2,61,88,10,79,46
89,2,25,43,47,68,35,79,6,46
89,2,25,44,25,19,71,10,87,46
89,2,25,45,25,70,18,10,2,46
89,2,25,46,47,21,54,79,83,46
89,2,25,47,2,28,1,10,10,46
89,2,25,48,68,69,37,79,75,46
89,2,25,49,67,33,73,10,18,46
89,2,25,50,88,76,20,10,22,46
89,2,25,51,42,87,56,79,63,46
89,2,25,52,18,44,3,79,59,46
89,2,25,53,16,14,39,10,34,46
89,2,25,54,36,64,75,79,51,46
89,2,25,55,78,83,22,10,42,46
89,2,25,56,53,49,58,79,43,46
89,2,25,57,50,29,5,10,50,46
89,2,25,58,69,1,41,79,35,46
89,2,25,59,21,32,77,79,31,46
89,2,25,60,84,11,24,79,27,46
89,2,25,61,80,5,60,79,23,46
89,2,25,62,9,81,7,79,19,46
89,2,25,63,49,39,43,79,15,46
89,2,25,64,22,35,79,10,78,46
89,2,25,65,17,47,26,79,7,46
89,2,25,66,34,53,62,79,3,46
89,2,25,67,73,31,9,10,1,46
89,2,25,68,45,48,45,10,5,46
89,2,25,69,39,82,81,10,9,46
89,2,25,70,55,22,28,79,76,46
89,2,25,71,4,24,64,10,17,46
89,2,25,72,64,66,11,10,21,46
89,2,25,73,57,37,47,10,25,46
89,2,25,74,72,4,83,79,60,46
89,2,25,75,20,34,30,79,56,46
89,2,25,76,79,16,66,79,52,46
89,2,25,77,71,17,13,79,48,46
89,2,25,78,85,15,49,10,45,46
89,2,25,79,32,77,85,10,49,46
89,2,25,80,1,3,32,10,53,46
89,2,25,81,81,38,68,10,57,46
89,2,25,82,5,71,15,79,28,46
89,2,25,83,40,80,51,79,24,46
89,2,25,84,8,43,87,10,69,46
89,2,25,85,87,27,34,10,73,46
89,2,25,86,10,10,70,79,12,46
89,2,25,87,44,59,17,10,81,46
89,2,25,88,11,63,53,10,85,46
89,2,64,1,74,29,47,10,25,17
89,2,64,2,29,54,5,10,50,17
89,2,64,3,43,71,52,79,14,17
89,2,64,4,27,76,10,10,11,17
89,2,64,5,70,65,57,10,36,17
89,2,64,6,83,34,15,79,28,17
89,2,64,7,66,68,62,79,3,17
89,2,64,8,19,74,20,10,22,17
89,2,64,9,31,48,67,10,47,17
89,2,64,10,13,75,25,10,72,17
89,2,64,11,54,62,72,10,8,17
89,2,64,12,65,5,30,79,56,17
89,2,64,13,46,78,77,79,31,17
89,2,64,14,86,10,35,79,6,17
89,2,64,15,7,64,82,79,70,17
89,2,64,16,76,58,40,10,44,17
89,2,64,17,26,77,87,10,69,17
89,2,64,18,35,28,45,10,5,17
89,2,64,19,14,85,3,79,59,17
89,2,64,20,52,66,50,10,55,17
89,2,64,21,60,56,8,10,80,17
89,2,64,22,38,51,55,10,16,17
89,2,64,23,75,47,13,79,48,17
89,2,64,24,82,40,60,79,23,17
89,2,64,25,59,26,18,10,2,17
89,2,64,26,6,1,65,79,62,17
89,2,64,27,12,50,23,79,37,17
89,2,64,28,77,80,70,79,12,17
89,2,64,29,23,87,28,79,76,17
89,2,64,30,28,67,75,79,51,17
89,2,64,31,3,16,33,79,26,17
89,2,64,32,37,19,80,10,88,17
89,2,64,33,41,72,38,79,65,17
89,2,64,34,15,82,85,10,49,17
89,2,64,35,48,45,43,79,15,17
89,2,64,36,51,46,1,10,10,17
89,2,64,37,24,81,48,79,54,17
89,2,64,38,56,57,6,79,29,17
89,2,64,39,58,59,53,10,85,17
89,2,64,40,30,83,11,10,21,17
89,2,64,41,61,36,58,79,43,17
89,2,64,42,62,3,16,10,71,17
89,2,64,43,33,69,63,79,82,17
89,2,64,44,63,52,21,10,32,17
89,2,64,45,63,37,68,10,57,17
89,2,64,46,33,20,26,79,7,17
89,2,64,47,62,86,73,10,18,17
89,2,64,48,61,53,31,79,46,17
89,2,64,49,30,6,78,10,68,17
89,2,64,50,58,30,36,10,4,17
89,2,64,51,56,32,83,79,60,17
89,2,64,52,24,8,41,79,35,17
89,2,64,53,51,43,88,10,79,17
89,2,64,54,48,44,46,79,74,17
89,2,64,55,15,7,4,10,40,17
89,2,64,56,41,17,51,79,24,17
89,2,64,57,37,70,9,10,1,17
89,2,64,58,3,73,56,79,63,17
89,2,64,59,28,22,14,79,38,17
89,2,64,60,23,2,61,79,13,17
89,2,64,61,77,9,19,79,77,17
89,2,64,62,12,39,66,79,52,17
89,2,64,63,6,88,24,79,27,17
89,2,64,64,59,63,71,10,87,17
89,2,64,65,82,49,29,79,66,17
89,2,64,66,75,42,76,79,41,17
89,2,64,67,38,38,34,10,73,17
89,2,64,68,60,33,81,10,9,17
89,2,64,69,52,23,39,10,34,17
89,2,64,70,14,4,86,79,30,17
89,2,64,71,35,61,44,10,84,17
89,2,64,72,26,12,2,10,20,17
89,2,64,73,76,31,49,10,45,17
89,2,64,74,7,25,7,79,19,17
89,2,64,75,86,79,54,79,83,17
89,2,64,76,46,11,12,79,58,17
89,2,64,77,65,84,59,79,33,17
89,2,64,78,54,27,17,10,81,17
89,2,64,79,13,14,64,10,17,17
89,2,64,80,31,41,22,10,42,17
89,2,64,81,19,15,69,10,67,17
89,2,64,82,66,21,27,79,86,17
89,2,64,83,83,55,74,79,61,17
89,2,64,84,70,24,32,10,53,17
89,2,64,85,27,13,79,10,78,17
89,2,64,86,43,18,37,79,75,17
89,2,64,87,29,35,84,10,39,17
89,2,64,88,74,60,42,10,64,17
97,2,14,1,39,76,66,18,24,64
97,2,14,2,59,26,35,18,48,64
97,2,14,3,60,15,4,18,72,64
97,2,14,4,42,14,70,18,96,64
97,2,14,5,5,91,39,79,74,64
97,2,14,6,46,23,8,18,47,64
97,2,14,7,68,72,74,79,26,64
97,2,14,8,71,15,43,18,95,64
97,2,14,9,55,17,12,18,22,64
97,2,14,10,20,49,78,79,51,64
97,2,14,11,63,82,47,18,70,64
97,2,14,12,87,87,16,18,94,64
97,2,14,13,92,35,82,79,76,64
97,2,14,14,78,91,51,79,52,64
97,2,14,15,45,32,20,79,28,64
97,2,14,16,90,23,86,18,93,64
97,2,14,17,19,35,55,79,77,64
97,2,14,18,26,39,24,18,44,64
97,2,14,19,14,6,90,79,29,64
97,2,14,20,80,4,59,79,5,64
97,2,14,21,30,4,28,79,78,64
97,2,14,22,58,74,94,18,43,64
97,2,14,23,67,88,63,79,30,64
97,2,14,24,57,17,32,18,91,64
97,2,14,25,28,26,1,18,18,64
97,2,14,26,77,86,67,79,55,64
97,2,14,27,10,71,36,18,66,64
97,2,14,28,21,49,5,79,7,64
97,2,14,29,13,88,71,79,80,64
97,2,14,30,83,62,40,79,56,64
97,2,14,31,37,39,9,18,65,64
97,2,14,32,69,87,75,18,89,64
97,2,14,33,82,80,44,18,16,64
97,2,14,34,76,86,13,79,57,64
97,2,14,35,51,76,79,18,64,64
97,2,14,36,7,21,48,18,88,64
97,2,14,37,41,86,17,79,82,64
97,2,14,38,56,48,83,79,58,64
97,2,14,39,52,72,52,79,34,64
97,2,14,40,29,32,21,79,10,64
97,2,14,41,84,93,87,79,83,64
97,2,14,42,23,32,56,79,59,64
97,2,14,43,40,14,25,18,62,64
97,2,14,44,38,10,91,18,86,64
97,2,14,45,17,88,60,79,84,64
97,2,14,46,74,25,29,79,60,64
97,2,14,47,15,83,95,18,61,64
97,2,14,48,34,39,64,18,85,64
97,2,14,49,34,58,33,18,12,64
97,2,14,50,15,14,2,18,36,64
97,2,14,51,74,72,68,79,37,64
97,2,14,52,17,9,37,79,13,64
97,2,14,53,38,87,6,18,11,64
97,2,14,54,40,83,72,18,35,64
97,2,14,55,23,65,41,79,38,64
97,2,14,56,84,4,10,79,14,64
97,2,14,57,29,65,76,79,87,64
97,2,14,58,52,25,45,79,63,64
97,2,14,59,56,49,14,79,39,64
97,2,14,60,41,11,80,79,15,64
97,2,14,61,7,76,49,18,9,64
97,2,14,62,51,21,18,18,33,64
97,2,14,63,76,11,84,79,40,64
97,2,14,64,82,17,53,18,81,64
97,2,14,65,69,10,22,18,8,64
97,2,14,66,37,58,88,18,32,64
97,2,14,67,83,35,57,79,41,64
97,2,14,68,13,9,26,79,17,64
97,2,14,69,21,48,92,79,90,64
97,2,14,70,10,26,61,18,31,64
97,2,14,71,77,11,30,79,42,64
97,2,14,72,28,71,96,18,79,64
97,2,14,73,57,80,65,18,6,64
97,2,14,74,67,9,34,79,67,64
97,2,14,75,58,23,3,18,54,64
97,2,14,76,30,93,69,79,19,64
97,2,14,77,80,93,38,79,92,64
97,2,14,78,14,91,7,79,68,64
97,2,14,79,26,58,73,18,53,64
97,2,14,80,19,62,42,79,20,64
97,2,14,81,90,74,11,18,4,64
97,2,14,82,45,65,77,79,69,64
97,2,14,83,78,6,46,79,45,64
97,2,14,84,92,62,15,79,21,64
97,2,14,85,87,10,81,18,3,64
97,2,14,86,63,15,50,18,27,64
97,2,14,87,20,48,19,79,46,64
97,2,14,88,55,80,85,18,75,64
97,2,14,89,71,82,54,18,2,64
97,2,14,90,68,25,23,79,71,64
97,2,14,91,46,74,89,18,50,64
97,2,14,92,5,6,58,79,23,64
97,2,14,93,42,83,27,18,1,64
97,2,14,94,60,82,93,18,25,64
97,2,14,95,59,71,62,18,49,64
97,2,14,96,39,21,31,18,73,64
97,2,83,1,70,67,25,18,62,19
97,2,83,2,86,51,50,18,27,19
97,2,83,3,48,63,75,18,89,19
97,2,83,4,53,20,3,18,54,19
97,2,83,5,4,33,28,79,78,19
97,2,83,6,95,19,53,18,81,19
97,2,83,7,35,89,78,79,51,19
97,2,83,8,18,63,6,18,11,19
97,2,83,9,44,52,31,18,73,19
97,2,83,10,16,70,56,79,59,19
97,2,83,11,31,34,81,18,3,19
97,2,83,12,89,55,9,18,65,19
97,2,83,13,93,50,34,79,67,19
97,2,83,14,43,33,59,79,5,19
97,2,83,15,36,18,84,79,40,19
97,2,83,16,72,19,12,18,22,19
97,2,83,17,54,50,37,79,13,19
97,2,83,18,79,28,62,18,49,19
97,2,83,19,50,64,87,79,83,19
97,2,83,20,64,75,15,79,21,19
97,2,83,21,24,75,40,79,56,19
97,2,83,22,27,78,65,18,6,19
97,2,83,23,73,1,90,79,29,19
97,2,83,24,65,52,18,18,33,19
97,2,83,25,3,51,43,18,95,19
97,2,83,26,81,12,68,79,37,19
97,2,83,27,8,46,93,18,25,19
97,2,83,28,75,70,21,79,10,19
97,2,83,29,88,1,46,79,45,19
97,2,83,30,47,47,71,79,80,19
97,2,83,31,49,28,96,18,79,19
97,2,83,32,94,55,24,18,44,19
97,2,83,33,85,45,49,18,9,19
97,2,83,34,22,12,74,79,26,19
97,2,83,35,2,67,2,18,36,19
97,2,83,36,25,30,27,18,1,19
97,2,83,37,91,12,52,79,34,19
97,2,83,38,6,27,77,79,69,19
97,2,83,39,61,89,5,79,7,19
97,2,83,40,62,18,30,79,42,19
97,2,83,41,9,22,55,79,77,19
97,2,83,42,96,18,80,79,15,19
97,2,83,43,32,20,8,18,47,19
97,2,83,44,11,42,33,18,12,19
97,2,83,45,33,1,58,79,23,19
97,2,83,46,1,8,83,79,58,19
97,2,83,47,12,77,11,18,4,19
97,2,83,48,66,28,36,18,66,19
97,2,83,49,66,69,61,18,31,19
97,2,83,50,12,20,86,18,93,19
97,2,83,51,1,89,14,79,39,19
97,2,83,52,33,96,39,79,74,19
97,2,83,53,11,55,64,18,85,19
97,2,83,54,32,77,89,18,50,19
97,2,83,55,96,79,17,79,82,19
97,2,83,56,9,75,42,79,20,19
97,2,83,57,62,79,67,79,55,19
97,2,83,58,61,8,92,79,90,19
97,2,83,59,6,70,20,79,28,19
97,2,83,60,91,85,45,79,63,19
97,2,83,61,25,67,70,18,96,19
97,2,83,62,2,30,95,18,61,19
97,2,83,63,22,85,23,79,71,19
97,2,83,64,85,52,48,18,88,19
97,2,83,65,94,42,73,18,53,19
97,2,83,66,49,69,1,18,18,19
97,2,83,67,47,50,26,79,17,19
97,2,83,68,88,96,51,79,52,19
97,2,83,69,75,27,76,79,87,19
97,2,83,70,8,51,4,18,72,19
97,2,83,71,81,85,29,79,60,19
97,2,83,72,3,46,54,18,2,19
97,2,83,73,65,45,79,18,64,19
97,2,83,74,73,96,7,79,68,19
97,2,83,75,27,19,32,18,91,19
97,2,83,76,24,22,57,79,41,19
97,2,83,77,64,22,82,79,76,19
97,2,83,78,50,33,10,79,14,19
97,2,83,79,79,69,35,18,48,19
97,2,83,80,54,47,60,79,84,19
97,2,83,81,72,78,85,18,75,19
97,2,83,82,36,79,13,79,57,19
97,2,83,83,43,64,38,79,92,19
97,2,83,84,93,47,63,79,30,19
97,2,83,85,89,42,88,18,32,19
97,2,83,86,31,63,16,18,94,19
97,2,83,87,16,27,41,79,38,19
97,2,83,88,44,45,66,18,24,19
97,2,83,89,18,34,91,18,86,19
97,2,83,90,35,8,19,79,46,19
97,2,83,91,95,78,44,18,16,19
97,2,83,92,4,64,69,79,19,19
97,2,83,93,53,77,94,18,43,19
97,2,83,94,48,34,22,18,8,19
97,2,83,95,86,46,47,18,70,19
97,2,83,96,70,30,72,18,35,19
97,3,10,1,41,53,74,14,66,83
97,3,10,2,67,36,51,14,35,83
97,3,10,3,78,73,28,14,4,83
97,3,10,4,74,94,5,14,70,83
97,3,10,5,55,29,79,83,58,83
97,3,10,6,21,2,56,14,8,83
97,3,10,7,69,40,33,83,23,83
97,3,10,8,5,73,10,14,43,83
97,3,10,9,23,31,84,14,12,83
97,3,10,10,26,38,61,83,19,83
97,3,10,11,14,24,38,14,47,83
97,3,10,12,84,16,15,14,16,83
97,3,10,13,42,41,89,83,15,83
97,3,10,14,82,29,66,83,46,83
97,3,10,15,10,7,43,83,77,83
97,3,10,16,20,2,20,14,86,83
97,3,10,17,15,41,94,83,42,83
97,3,10,18,92,54,71,14,24,83
97,3,10,19,57,68,48,83,7,83
97,3,10,20,7,13,25,83,38,83
97,3,10,21,39,13,2,83,69,83
97,3,10,22,56,95,76,14,94,83
97,3,10,23,58,92,53,83,34,83
97,3,10,24,45,31,30,14,32,83
97,3,10,25,17,36,7,14,1,83
97,3,10,26,71,37,81,83,30,83
97,3,10,27,13,61,58,14,36,83
97,3,10,28,37,38,35,83,92,83
97,3,10,29,46,92,12,83,26,83
97,3,10,30,40,56,86,83,57,83
97,3,10,31,19,54,63,14,9,83
97,3,10,32,80,16,40,14,75,83
97,3,10,33,29,66,17,14,44,83
97,3,10,34,60,37,91,83,84,83
97,3,10,35,76,53,68,14,79,83
97,3,10,36,77,44,45,14,48,83
97,3,10,37,63,37,22,83,80,83
97,3,10,38,34,59,96,83,14,83
97,3,10,39,87,40,73,83,45,83
97,3,10,40,28,7,50,83,76,83
97,3,10,41,51,84,27,83,10,83
97,3,10,42,59,7,4,83,41,83
97,3,10,43,52,94,78,14,25,83
97,3,10,44,30,81,55,14,91,83
97,3,10,45,90,92,32,83,37,83
97,3,10,46,38,57,9,83,68,83
97,3,10,47,68,3,83,14,95,83
97,3,10,48,83,54,60,14,64,83
97,3,10,49,83,43,37,14,33,83
97,3,10,50,68,94,14,14,2,83
97,3,10,51,38,40,88,83,29,83
97,3,10,52,90,5,65,83,60,83
97,3,10,53,30,16,42,14,6,83
97,3,10,54,52,3,19,14,72,83
97,3,10,55,59,90,93,83,56,83
97,3,10,56,51,13,70,83,87,83
97,3,10,57,28,90,47,83,21,83
97,3,10,58,87,57,24,83,52,83
97,3,10,59,34,38,1,83,83,83
97,3,10,60,63,60,75,83,17,83
97,3,10,61,77,53,52,14,49,83
97,3,10,62,76,44,29,14,18,83
97,3,10,63,60,60,6,83,13,83
97,3,10,64,29,31,80,14,53,83
97,3,10,65,80,81,57,14,22,83
97,3,10,66,19,43,34,14,88,83
97,3,10,67,40,41,11,83,40,83
97,3,10,68,46,5,85,83,71,83
97,3,10,69,37,59,62,83,5,83
97,3,10,70,13,36,39,14,61,83
97,3,10,71,71,60,16,83,67,83
97,3,10,72,17,61,90,14,96,83
97,3,10,73,45,66,67,14,65,83
97,3,10,74,58,5,44,83,63,83
97,3,10,75,56,2,21,14,3,83
97,3,10,76,39,84,95,83,28,83
97,3,10,77,7,84,72,83,59,83
97,3,10,78,57,29,49,83,90,83
97,3,10,79,92,43,26,14,73,83
97,3,10,80,15,56,3,83,55,83
97,3,10,81,20,95,77,14,11,83
97,3,10,82,10,90,54,83,20,83
97,3,10,83,82,68,31,83,51,83
97,3,10,84,42,56,8,83,82,83
97,3,10,85,84,81,82,14,81,83
97,3,10,86,14,73,59,14,50,83
97,3,10,87,26,59,36,83,78,83
97,3,10,88,23,66,13,14,85,83
97,3,10,89,5,24,87,14,54,83
97,3,10,90,69,57,64,83,74,83
97,3,10,91,21,95,41,14,89,83
97,3,10,92,55,68,18,83,39,83
97,3,10,93,74,3,92,14,27,83
97,3,10,94,78,24,69,14,93,83
97,3,10,95,67,61,46,14,62,83
97,3,10,96,41,44,23,14,31,83
97,3,87,1,77,14,17,14,44,76
97,3,87,2,17,15,34,14,88,76
97,3,87,3,14,87,51,14,35,76
97,3,87,4,68,23,68,14,79,76
97,3,87,5,82,4,85,83,71,76
97,3,87,6,56,17,5,14,70,76
97,3,87,7,87,49,22,83,80,76
97,3,87,8,78,87,39,14,61,76
97,3,87,9,29,21,56,14,8,76
97,3,87,10,37,32,73,83,45,76
97,3,87,11,5,10,90,14,96,76
97,3,87,12,30,39,10,14,43,76
97,3,87,13,15,9,27,83,10,76
97,3,87,14,57,4,44,83,63,76
97,3,87,15,59,11,61,83,19,76
97,3,87,16,21,17,78,14,25,76
97,3,87,17,40,9,95,83,28,76
97,3,87,18,19,71,15,14,16,76
97,3,87,19,55,93,32,83,37,76
97,3,87,20,51,62,49,83,90,76
97,3,87,21,7,62,66,83,46,76
97,3,87,22,20,80,83,14,95,76
97,3,87,23,90,6,3,83,55,76
97,3,87,24,23,21,20,14,86,76
97,3,87,25,13,15,37,14,33,76
97,3,87,26,60,72,54,83,20,76
97,3,87,27,67,82,71,14,24,76
97,3,87,28,34,32,88,83,29,76
97,3,87,29,58,6,8,83,82,76
97,3,87,30,42,88,25,83,38,76
97,3,87,31,83,71,42,14,6,76
97,3,87,32,84,39,59,14,50,76
97,3,87,33,45,76,76,14,94,76
97,3,87,34,63,72,93,83,56,76
97,3,87,35,41,14,13,14,85,76
97,3,87,36,76,83,30,14,32,76
97,3,87,37,71,72,47,83,21,76
97,3,87,38,26,65,64,83,74,76
97,3,87,39,38,49,81,83,30,76
97,3,87,40,10,11,1,83,83,76
97,3,87,41,39,35,18,83,39,76
97,3,87,42,28,11,35,83,92,76
97,3,87,43,74,23,52,14,49,76
97,3,87,44,80,58,69,14,93,76
97,3,87,45,46,6,86,83,57,76
97,3,87,46,69,48,6,83,13,76
97,3,87,47,52,74,23,14,31,76
97,3,87,48,92,71,40,14,75,76
97,3,87,49,92,26,57,14,22,76
97,3,87,50,52,23,74,14,66,76
97,3,87,51,69,49,91,83,84,76
97,3,87,52,46,91,11,83,40,76
97,3,87,53,80,39,28,14,4,76
97,3,87,54,74,74,45,14,48,76
97,3,87,55,28,86,62,83,5,76
97,3,87,56,39,62,79,83,58,76
97,3,87,57,10,86,96,83,14,76
97,3,87,58,38,48,16,83,67,76
97,3,87,59,26,32,33,83,23,76
97,3,87,60,71,25,50,83,76,76
97,3,87,61,76,14,67,14,65,76
97,3,87,62,41,83,84,14,12,76
97,3,87,63,63,25,4,83,41,76
97,3,87,64,45,21,21,14,3,76
97,3,87,65,84,58,38,14,47,76
97,3,87,66,83,26,55,14,91,76
97,3,87,67,42,9,72,83,59,76
97,3,87,68,58,91,89,83,15,76
97,3,87,69,34,65,9,83,68,76
97,3,87,70,67,15,26,14,73,76
97,3,87,71,60,25,43,83,77,76
97,3,87,72,13,82,60,14,64,76
97,3,87,73,23,76,77,14,11,76
97,3,87,74,90,91,94,83,42,76
97,3,87,75,20,17,14,14,2,76
97,3,87,76,7,35,31,83,51,76
97,3,87,77,51,35,48,83,7,76
97,3,87,78,55,4,65,83,60,76
97,3,87,79,19,26,82,14,81,76
97,3,87,80,40,88,2,83,69,76
97,3,87,81,21,80,19,14,72,76
97,3,87,82,59,86,36,83,78,76
97,3,87,83,57,93,53,83,34,76
97,3,87,84,15,88,70,83,87,76
97,3,87,85,30,58,87,14,54,76
97,3,87,86,5,87,7,14,1,76
97,3,87,87,37,65,24,83,52,76
97,3,87,88,29,76,41,14,89,76
97,3,87,89,78,10,58,14,36,76
97,3,87,90,87,48,75,83,17,76
97,3,87,91,56,80,92,14,27,76
97,3,87,92,82,93,12,83,26,76
97,3,87,93,68,74,29,14,18,76
97,3,87,94,14,10,46,14,62,76
97,3,87,95,17,82,63,14,9,76
97,3,87,96,77,83,80,14,53,76
109,3,49,1,86,90,8,,,1
109,3,49,2,17,66,16,,,1
109,3,49,3,11,32,24,,,1
109,3,49,4,68,92,32,,,1
109,3,49,5,79,23,40,,,1
109,3,49,6,44,38,48,,,1
109,3,49,7,72,23,56,,,1
109,3,49,8,54,82,64,,,1
109,3,49,9,99,101,72,,,1
109,3,49,10,98,75,80,,,1
109,3,49,11,51,108,88,,,1
109,3,49,12,67,86,96,,,1
109,3,49,13,37,4,104,,,1
109,3,49,14,70,75,3,,,1
109,3,49,15,57,76,11,,,1
109,3,49,16,107,2,19,,,1
109,3,49,17,2,66,27,,,1
109,3,49,18,69,45,35,,,1
109,3,49,19,90,43,43,,,1
109,3,49,20,65,55,51,,,1
109,3,49,21,103,76,59,,,1
109,3,49,22,95,101,67,,,1
109,3,49,23,41,16,75,,,1
109,3,49,24,50,34,83,,,1
109,3,49,25,13,41,91,,,1
109,3,49,26,39,32,99,,,1
109,3,49,27,19,2,107,,,1
109,3,49,28,62,55,6,,,1
109,3,49,29,59,77,14,,,1
109,3,49,30,10,63,22,,,1
109,3,49,31,24,8,30,,,1
109,3,49,32,101,16,38,,,1
109,3,49,33,23,82,46,,,1
109,3,49,34,8,92,54,,,1
109,3,49,35,56,41,62,,,1
109,3,49,36,58,33,70,,,1
109,3,49,37,14,63,78,,,1
109,3,49,38,33,17,86,,,1
109,3,49,39,6,108,94,,,1
109,3,49,40,42,4,102,,,1
109,3,49,41,32,27,1,,,1
109,3,49,42,85,63,9,,,1
109,3,49,43,92,107,17,,,1
109,3,49,44,53,45,25,,,1
109,3,49,45,77,90,33,,,1
109,3,49,46,55,19,41,,,1
109,3,49,47,96,45,49,,,1
109,3,49,48,91,54,57,,,1
109,3,49,49,40,41,65,,,1
109,3,49,50,52,1,73,,,1
109,3,49,51,18,38,81,,,1
109,3,49,52,47,38,89,,,1
109,3,49,53,30,105,97,,,1
109,3,49,54,76,16,105,,,1
109,3,49,55,76,93,4,,,1
109,3,49,56,30,4,12,,,1
109,3,49,57,47,71,20,,,1
109,3,49,58,18,71,28,,,1
109,3,49,59,52,108,36,,,1
109,3,49,60,40,68,44,,,1
109,3,49,61,91,55,52,,,1
109,3,49,62,96,64,60,,,1
109,3,49,63,55,90,68,,,1
109,3,49,64,77,19,76,,,1
109,3,49,65,53,64,84,,,1
109,3,49,66,92,2,92,,,1
109,3,49,67,85,46,100,,,1
109,3,49,68,32,82,108,,,1
109,3,49,69,42,105,7,,,1
109,3,49,70,6,1,15,,,1
109,3,49,71,33,92,23,,,1
109,3,49,72,14,46,31,,,1
109,3,49,73,58,76,39,,,1
109,3,49,74,56,68,47,,,1
109,3,49,75,8,17,55,,,1
109,3,49,76,23,27,63,,,1
109,3,49,77,101,93,71,,,1
109,3,49,78,24,101,79,,,1
109,3,49,79,10,46,87,,,1
109,3,49,80,59,32,95,,,1
109,3,49,81,62,54,103,,,1
109,3,49,82,19,107,2,,,1
109,3,49,83,39,77,10,,,1
109,3,49,84,13,68,18,,,1
109,3,49,85,50,75,26,,,1
109,3,49,86,41,93,34,,,1
109,3,49,87,95,8,42,,,1
109,3,49,88,103,33,50,,,1
109,3,49,89,65,54,58,,,1
109,3,49,90,90,66,66,,,1
109,3,49,91,69,64,74,,,1
109,3,49,92,2,43,82,,,1
109,3,49,93,107,107,90,,,1
109,3,49,94,57,33,98,,,1
109,3,49,95,70,34,106,,,1
109,3,49,96,37,105,5,,,1
109,3,49,97,67,23,13,,,1
109,3,49,98,51,1,21,,,1
109,3,49,99,98,34,29,,,1
109,3,49,100,99,8,37,,,1
109,3,49,101,54,27,45,,,1
109,3,49,102,72,86,53,,,1
109,3,49,103,44,71,61,,,1
109,3,49,104,79,86,69,,,1
109,3,49,105,68,17,77,,,1
109,3,49,106,11,77,85,,,1
109,3,49,107,17,43,93,,,1
109,3,49,108,86,19,101,,,1
109,3,60,1,80,48,95,,,54
109,3,60,2,102,57,81,,,54
109,3,60,3,66,97,67,,,54
109,3,60,4,81,20,53,,,54
109,3,60,5,38,5,39,,,54
109,3,60,6,46,13,25,,,54
109,3,60,7,105,5,11,,,54
109,3,60,8,106,51,106,,,54
109,3,60,9,49,3,92,,,54
109,3,60,10,43,40,78,,,54
109,3,60,11,88,14,64,,,54
109,3,60,12,75,104,50,,,54
109,3,60,13,4,53,36,,,54
109,3,60,14,93,40,22,,,54
109,3,60,15,15,26,8,,,54
109,3,60,16,97,81,103,,,54
109,3,60,17,12,57,89,,,54
109,3,60,18,87,24,75,,,54
109,3,60,19,104,52,61,,,54
109,3,60,20,63,102,47,,,54
109,3,60,21,73,26,33,,,54
109,3,60,22,25,3,19,,,54
109,3,60,23,28,103,5,,,54
109,3,60,24,82,69,100,,,54
109,3,60,25,78,80,86,,,54
109,3,60,26,16,97,72,,,54
109,3,60,27,5,81,58,,,54
109,3,60,28,45,102,44,,,54
109,3,60,29,27,12,30,,,54
109,3,60,30,60,99,16,,,54
109,3,60,31,35,106,2,,,54
109,3,60,32,61,103,97,,,54
109,3,60,33,29,51,83,,,54
109,3,60,34,48,20,69,,,54
109,3,60,35,9,80,55,,,54
109,3,60,36,21,83,41,,,54
109,3,60,37,84,99,27,,,54
109,3,60,38,89,89,13,,,54
109,3,60,39,36,14,108,,,54
109,3,60,40,34,53,94,,,54
109,3,60,41,83,58,80,,,54
109,3,60,42,74,99,66,,,54
109,3,60,43,7,28,52,,,54
109,3,60,44,100,24,38,,,54
109,3,60,45,26,48,24,,,54
109,3,60,46,3,61,10,,,54
109,3,60,47,31,24,105,,,54
109,3,60,48,1,7,91,,,54
109,3,60,49,22,80,77,,,54
109,3,60,50,94,95,63,,,54
109,3,60,51,108,13,49,,,54
109,3,60,52,64,13,35,,,54
109,3,60,53,71,56,21,,,54
109,3,60,54,20,103,7,,,54
109,3,60,55,20,6,102,,,54
109,3,60,56,71,53,88,,,54
109,3,60,57,64,96,74,,,54
109,3,60,58,108,96,60,,,54
109,3,60,59,94,14,46,,,54
109,3,60,60,22,29,32,,,54
109,3,60,61,1,102,18,,,54
109,3,60,62,31,85,4,,,54
109,3,60,63,3,48,99,,,54
109,3,60,64,26,61,85,,,54
109,3,60,65,100,85,71,,,54
109,3,60,66,7,81,57,,,54
109,3,60,67,74,10,43,,,54
109,3,60,68,83,51,29,,,54
109,3,60,69,34,56,15,,,54
109,3,60,70,36,95,1,,,54
109,3,60,71,89,20,96,,,54
109,3,60,72,84,10,82,,,54
109,3,60,73,21,26,68,,,54
109,3,60,74,9,29,54,,,54
109,3,60,75,48,89,40,,,54
109,3,60,76,29,58,26,,,54
109,3,60,77,61,6,12,,,54
109,3,60,78,35,3,107,,,54
109,3,60,79,60,10,93,,,54
109,3,60,80,27,97,79,,,54
109,3,60,81,45,7,65,,,54
109,3,60,82,5,28,51,,,54
109,3,60,83,16,12,37,,,54
109,3,60,84,78,29,23,,,54
109,3,60,85,82,40,9,,,54
109,3,60,86,28,6,104,,,54
109,3,60,87,25,106,90,,,54
109,3,60,88,73,83,76,,,54
109,3,60,89,63,7,62,,,54
109,3,60,90,104,57,48,,,54
109,3,60,91,87,85,34,,,54
109,3,60,92,12,52,20,,,54
109,3,60,93,97,28,6,,,54
109,3,60,94,15,83,101,,,54
109,3,60,95,93,69,87,,,54
109,3,60,96,4,56,73,,,54
109,3,60,97,75,5,59,,,54
109,3,60,98,88,95,45,,,54
109,3,60,99,43,69,31,,,54
109,3,60,100,49,106,17,,,54
109,3,60,101,106,58,3,,,54
109,3,60,102,105,104,98,,,54
109,3,60,103,46,96,84,,,54
109,3,60,104,38,104,70,,,54
109,3,60,105,81,89,56,,,54
109,3,60,106,66,12,42,,,54
109,3,60,107,102,52,28,,,54
109,3,60,108,80,61,14,,,54
113,2,51,1,13,102,8,,,5
113,2,51,2,52,25,16,,,5
113,2,51,3,4,42,24,,,5
113,2,51,4,95,87,32,,,5
113,2,51,5,99,94,40,,,5
113,2,51,6,16,110,48,,,5
113,2,51,7,72,69,56,,,5
113,2,51,8,41,18,64,,,5
113,2,51,9,36,4,72,,,5
113,2,51,10,57,74,80,,,5
113,2,51,11,104,49,88,,,5
113,2,51,12,64,89,96,,,5
113,2,51,13,50,15,104,,,5
113,2,51,14,62,100,112,,,5
113,2,51,15,100,52,7,,,5
113,2,51,16,51,31,15,,,5
113,2,51,17,28,84,23,,,5
113,2,51,18,31,32,31,,,5
113,2,51,19,60,35,39,,,5
113,2,51,20,2,27,47,,,5
113,2,51,21,83,55,55,,,5
113,2,51,22,77,53,63,,,5
113,2,51,23,97,68,71,,,5
113,2,51,24,30,34,79,,,5
113,2,51,25,102,111,87,,,5
113,2,51,26,87,7,95,,,5
113,2,51,27,98,108,103,,,5
113,2,51,28,22,9,111,,,5
113,2,51,29,85,96,6,,,5
113,2,51,30,61,77,14,,,5
113,2,51,31,63,112,22,,,5
113,2,51,32,91,22,30,,,5
113,2,51,33,32,80,38,,,5
113,2,51,34,112,107,46,,,5
113,2,51,35,105,37,54,,,5
113,2,51,36,11,30,62,,,5
113,2,51,37,56,20,70,,,5
113,2,51,38,14,54,78,,,5
113,2,51,39,111,66,86,,,5
113,2,51,40,8,103,94,,,5
113,2,51,41,44,99,102,,,5
113,2,51,42,106,101,110,,,5
113,2,51,43,81,43,5,,,5
113,2,51,44,82,85,13,,,5
113,2,51,45,109,48,21,,,5
113,2,51,46,49,92,29,,,5
113,2,51,47,15,38,37,,,5
113,2,51,48,7,46,45,,,5
113,2,51,49,25,50,53,,,5
113,2,51,50,69,97,61,,,5
113,2,51,51,26,8,69,,,5
113,2,51,52,9,56,77,,,5
113,2,51,53,18,62,85,,,5
113,2,51,54,53,73,93,,,5
113,2,51,55,1,23,101,,,5
113,2,51,56,88,72,109,,,5
113,2,51,57,88,41,4,,,5
113,2,51,58,1,90,12,,,5
113,2,51,59,53,40,20,,,5
113,2,51,60,18,51,28,,,5
113,2,51,61,9,57,36,,,5
113,2,51,62,26,105,44,,,5
113,2,51,63,69,16,52,,,5
113,2,51,64,25,63,60,,,5
113,2,51,65,7,67,68,,,5
113,2,51,66,15,75,76,,,5
113,2,51,67,49,21,84,,,5
113,2,51,68,109,65,92,,,5
113,2,51,69,82,28,100,,,5
113,2,51,70,81,70,108,,,5
113,2,51,71,106,12,3,,,5
113,2,51,72,44,14,11,,,5
113,2,51,73,8,10,19,,,5
113,2,51,74,111,47,27,,,5
113,2,51,75,14,59,35,,,5
113,2,51,76,56,93,43,,,5
113,2,51,77,11,83,51,,,5
113,2,51,78,105,76,59,,,5
113,2,51,79,112,6,67,,,5
113,2,51,80,32,33,75,,,5
113,2,51,81,91,91,83,,,5
113,2,51,82,63,1,91,,,5
113,2,51,83,61,36,99,,,5
113,2,51,84,85,17,107,,,5
113,2,51,85,22,104,2,,,5
113,2,51,86,98,5,10,,,5
113,2,51,87,87,106,18,,,5
113,2,51,88,102,2,26,,,5
113,2,51,89,30,79,34,,,5
113,2,51,90,97,45,42,,,5
113,2,51,91,77,60,50,,,5
113,2,51,92,83,58,58,,,5
113,2,51,93,2,86,66,,,5
113,2,51,94,60,78,74,,,5
113,2,51,95,31,81,82,,,5
113,2,51,96,28,29,90,,,5
113,2,51,97,51,82,98,,,5
113,2,51,98,100,61,106,,,5
113,2,51,99,62,13,1,,,5
113,2,51,100,50,98,9,,,5
113,2,51,101,64,24,17,,,5
113,2,51,102,104,64,25,,,5
113,2,51,103,57,39,33,,,5
113,2,51,104,36,109,41,,,5
113,2,51,105,41,95,49,,,5
113,2,51,106,72,44,57,,,5
113,2,51,107,16,3,65,,,5
113,2,51,108,99,19,73,,,5
113,2,51,109,95,26,81,,,5
113,2,51,110,4,71,89,,,5
113,2,51,111,52,88,97,,,5
113,2,51,112,13,11,105,,,5
113,2,62,1,31,104,99,,,40
113,2,62,2,11,41,85,,,40
113,2,62,3,53,96,71,,,40
113,2,62,4,44,102,57,,,40
113,2,62,5,97,5,43,,,40
113,2,62,6,99,90,29,,,40
113,2,62,7,50,77,15,,,40
113,2,62,8,63,25,1,,,40
113,2,62,9,25,106,100,,,40
113,2,62,10,49,40,86,,,40
113,2,62,11,22,112,72,,,40
113,2,62,12,57,42,58,,,40
113,2,62,13,41,2,44,,,40
113,2,62,14,87,51,30,,,40
113,2,62,15,82,22,16,,,40
113,2,62,16,26,87,2,,,40
113,2,62,17,32,79,101,,,40
113,2,62,18,100,57,87,,,40
113,2,62,19,4,80,73,,,40
113,2,62,20,83,94,59,,,40
113,2,62,21,111,45,45,,,40
113,2,62,22,88,105,31,,,40
113,2,62,23,14,107,17,,,40
113,2,62,24,2,110,3,,,40
113,2,62,25,52,60,102,,,40
113,2,62,26,51,16,88,,,40
113,2,62,27,112,37,74,,,40
113,2,62,28,9,69,60,,,40
113,2,62,29,81,58,46,,,40
113,2,62,30,102,63,32,,,40
113,2,62,31,72,30,18,,,40
113,2,62,32,104,18,4,,,40
113,2,62,33,85,86,103,,,40
113,2,62,34,15,67,89,,,40
113,2,62,35,7,20,75,,,40
113,2,62,36,61,4,61,,,40
113,2,62,37,64,78,47,,,40
113,2,62,38,16,75,33,,,40
113,2,62,39,30,54,19,,,40
113,2,62,40,106,74,5,,,40
113,2,62,41,18,81,104,,,40
113,2,62,42,105,21,90,,,40
113,2,62,43,28,66,76,,,40
113,2,62,44,13,49,62,,,40
113,2,62,45,60,29,48,,,40
113,2,62,46,56,65,34,,,40
113,2,62,47,1,103,20,,,40
113,2,62,48,8,89,6,,,40
113,2,62,49,77,82,105,,,40
113,2,62,50,95,28,91,,,40
113,2,62,51,62,99,77,,,40
113,2,62,52,91,15,63,,,40
113,2,62,53,69,61,49,,,40
113,2,62,54,109,70,35,,,40
113,2,62,55,98,101,21,,,40
113,2,62,56,36,100,7,,,40
113,2,62,57,36,13,106,,,40
113,2,62,58,98,12,92,,,40
113,2,62,59,109,43,78,,,40
113,2,62,60,69,52,64,,,40
113,2,62,61,91,98,50,,,40
113,2,62,62,62,14,36,,,40
113,2,62,63,95,85,22,,,40
113,2,62,64,77,31,8,,,40
113,2,62,65,8,24,107,,,40
113,2,62,66,1,10,93,,,40
113,2,62,67,56,48,79,,,40
113,2,62,68,60,84,65,,,40
113,2,62,69,13,64,51,,,40
113,2,62,70,28,47,37,,,40
113,2,62,71,105,92,23,,,40
113,2,62,72,18,32,9,,,40
113,2,62,73,106,39,108,,,40
113,2,62,74,30,59,94,,,40
113,2,62,75,16,38,80,,,40
113,2,62,76,64,35,66,,,40
113,2,62,77,61,109,52,,,40
113,2,62,78,7,93,38,,,40
113,2,62,79,15,46,24,,,40
113,2,62,80,85,27,10,,,40
113,2,62,81,104,95,109,,,40
113,2,62,82,72,83,95,,,40
113,2,62,83,102,50,81,,,40
113,2,62,84,81,55,67,,,40
113,2,62,85,9,44,53,,,40
113,2,62,86,112,76,39,,,40
113,2,62,87,51,97,25,,,40
113,2,62,88,52,53,11,,,40
113,2,62,89,2,3,110,,,40
113,2,62,90,14,6,96,,,40
113,2,62,91,88,8,82,,,40
113,2,62,92,111,68,68,,,40
113,2,62,93,83,19,54,,,40
113,2,62,94,4,33,40,,,40
113,2,62,95,100,56,26,,,40
113,2,62,96,32,34,12,,,40
113,2,62,97,26,26,111,,,40
113,2,62,98,82,91,97,,,40
113,2,62,99,87,62,83,,,40
113,2,62,100,41,111,69,,,40
113,2,62,101,57,71,55,,,40
113,2,62,102,22,1,41,,,40
113,2,62,103,49,73,27,,,40
113,2,62,104,25,7,13,,,40
113,2,62,105,63,88,112,,,40
113,2,62,106,50,36,98,,,40
113,2,62,107,99,23,84,,,40
113,2,62,108,97,108,70,,,40
113,2,62,109,44,11,56,,,40
113,2,62,110,53,17,42,,,40
113,2,62,111,11,72,28,,,40
113,2,62,112,31,9,14,,,40
137,2,31,1,104,128,72,,,5
137,2,31,2,5,65,7,,,5
137,2,31,3,114,31,79,,,5
137,2,31,4,20,109,14,,,5
137,2,31,5,134,108,86,,,5
137,2,31,6,45,111,21,,,5
137,2,31,7,27,64,93,,,5
137,2,31,8,80,50,28,,,5
137,2,31,9,67,15,100,,,5
137,2,31,10,125,42,35,,,5
137,2,31,11,117,77,107,,,5
137,2,31,12,43,66,42,,,5
137,2,31,13,40,92,114,,,5
137,2,31,14,108,101,49,,,5
137,2,31,15,110,39,121,,,5
137,2,31,16,46,126,56,,,5
137,2,31,17,53,34,128,,,5
137,2,31,18,131,120,63,,,5
137,2,31,19,6,56,135,,,5
137,2,31,20,89,62,70,,,5
137,2,31,21,106,84,5,,,5
137,2,31,22,57,68,77,,,5
137,2,31,23,79,97,12,,,5
137,2,31,24,35,117,84,,,5
137,2,31,25,62,74,19,,,5
137,2,31,26,23,51,91,,,5
137,2,31,27,55,131,26,,,5
137,2,31,28,21,123,98,,,5
137,2,31,29,58,110,33,,,5
137,2,31,30,29,38,105,,,5
137,2,31,31,71,127,40,,,5
137,2,31,32,47,49,112,,,5
137,2,31,33,94,24,47,,,5
137,2,31,34,75,135,119,,,5
137,2,31,35,127,54,54,,,5
137,2,31,36,113,1,126,,,5
137,2,31,37,33,59,61,,,5
137,2,31,38,24,37,133,,,5
137,2,31,39,86,18,68,,,5
137,2,31,40,82,85,3,,,5
137,2,31,41,12,47,75,,,5
137,2,31,42,13,124,10,,,5
137,2,31,43,85,125,82,,,5
137,2,31,44,91,133,17,,,5
137,2,31,45,31,94,89,,,5
137,2,31,46,42,91,24,,,5
137,2,31,47,124,70,96,,,5
137,2,31,48,3,114,31,,,5
137,2,31,49,90,32,103,,,5
137,2,31,50,111,44,38,,,5
137,2,31,51,66,96,110,,,5
137,2,31,52,92,134,45,,,5
137,2,31,53,52,104,117,,,5
137,2,31,54,83,89,52,,,5
137,2,31,55,48,35,124,,,5
137,2,31,56,84,25,59,,,5
137,2,31,57,54,5,131,,,5
137,2,31,58,95,58,66,,,5
137,2,31,59,70,130,1,,,5
137,2,31,60,116,30,73,,,5
137,2,31,61,96,115,8,,,5
137,2,31,62,10,57,80,,,5
137,2,31,63,132,76,15,,,5
137,2,31,64,51,118,87,,,5
137,2,31,65,41,129,22,,,5
137,2,31,66,102,55,94,,,5
137,2,31,67,97,116,29,,,5
137,2,31,68,26,121,101,,,5
137,2,31,69,26,16,36,,,5
137,2,31,70,97,21,108,,,5
137,2,31,71,102,82,43,,,5
137,2,31,72,41,8,115,,,5
137,2,31,73,51,19,50,,,5
137,2,31,74,132,61,122,,,5
137,2,31,75,10,80,57,,,5
137,2,31,76,96,22,129,,,5
137,2,31,77,116,107,64,,,5
137,2,31,78,70,7,136,,,5
137,2,31,79,95,79,71,,,5
137,2,31,80,54,132,6,,,5
137,2,31,81,84,112,78,,,5
137,2,31,82,48,102,13,,,5
137,2,31,83,83,48,85,,,5
137,2,31,84,52,33,20,,,5
137,2,31,85,92,3,92,,,5
137,2,31,86,66,41,27,,,5
137,2,31,87,111,93,99,,,5
137,2,31,88,90,105,34,,,5
137,2,31,89,3,23,106,,,5
137,2,31,90,124,67,41,,,5
137,2,31,91,42,46,113,,,5
137,2,31,92,31,43,48,,,5
137,2,31,93,91,4,120,,,5
137,2,31,94,85,12,55,,,5
137,2,31,95,13,13,127,,,5
137,2,31,96,12,90,62,,,5
137,2,31,97,82,52,134,,,5
137,2,31,98,86,119,69,,,5
137,2,31,99,24,100,4,,,5
137,2,31,100,33,78,76,,,5
137,2,31,101,113,136,11,,,5
137,2,31,102,127,83,83,,,5
137,2,31,103,75,2,18,,,5
137,2,31,104,94,113,90,,,5
137,2,31,105,47,88,25,,,5
137,2,31,106,71,10,97,,,5
137,2,31,107,29,99,32,,,5
137,2,31,108,58,27,104,,,5
137,2,31,109,21,14,39,,,5
137,2,31,110,55,6,111,,,5
137,2,31,111,23,86,46,,,5
137,2,31,112,62,63,118,,,5
137,2,31,113,35,20,53,,,5
137,2,31,114,79,40,125,,,5
137,2,31,115,57,69,60,,,5
137,2,31,116,106,53,132,,,5
137,2,31,117,89,75,67,,,5
137,2,31,118,6,81,2,,,5
137,2,31,119,131,17,74,,,5
137,2,31,120,53,103,9,,,5
137,2,31,121,46,11,81,,,5
137,2,31,122,110,98,16,,,5
137,2,31,123,108,36,88,,,5
137,2,31,124,40,45,23,,,5
137,2,31,125,43,71,95,,,5
137,2,31,126,117,60,30,,,5
137,2,31,127,125,95,102,,,5
137,2,31,128,67,122,37,,,5
137,2,31,129,80,87,109,,,5
137,2,31,130,27,73,44,,,5
137,2,31,131,45,26,116,,,5
137,2,31,132,134,29,51,,,5
137,2,31,133,20,28,123,,,5
137,2,31,134,114,106,58,,,5
137,2,31,135,5,72,130,,,5
137,2,31,136,104,9,65,,,5
137,2,106,1,125,44,59,,,42
137,2,106,2,89,78,118,,,42
137,2,106,3,29,92,40,,,42
137,2,106,4,82,76,99,,,42
137,2,106,5,111,20,21,,,42
137,2,106,6,116,51,80,,,42
137,2,106,7,97,22,2,,,42
137,2,106,8,54,60,61,,,42
137,2,106,9,124,18,120,,,42
137,2,106,10,33,23,42,,,42
137,2,106,11,55,65,101,,,42
137,2,106,12,53,134,23,,,42
137,2,106,13,27,83,82,,,42
137,2,106,14,114,39,4,,,42
137,2,106,15,40,129,63,,,42
137,2,106,16,79,69,122,,,42
137,2,106,17,94,123,44,,,42
137,2,106,18,85,7,103,,,42
137,2,106,19,52,122,25,,,42
137,2,106,20,132,47,84,,,42
137,2,106,21,51,46,6,,,42
137,2,106,22,83,109,65,,,42
137,2,106,23,91,89,124,,,42
137,2,106,24,75,113,46,,,42
137,2,106,25,35,34,105,,,42
137,2,106,26,108,116,27,,,42
137,2,106,27,20,75,86,,,42
137,2,106,28,45,38,8,,,42
137,2,106,29,46,132,67,,,42
137,2,106,30,23,73,126,,,42
137,2,106,31,113,125,48,,,42
137,2,106,32,42,4,107,,,42
137,2,106,33,84,111,29,,,42
137,2,106,34,102,25,88,,,42
137,2,106,35,96,10,10,,,42
137,2,106,36,66,56,69,,,42
137,2,106,37,12,16,128,,,42
137,2,106,38,71,17,50,,,42
137,2,106,39,106,49,109,,,42
137,2,106,40,117,102,31,,,42
137,2,106,41,104,29,90,,,42
137,2,106,42,67,94,12,,,42
137,2,106,43,6,13,71,,,42
137,2,106,44,58,50,130,,,42
137,2,106,45,86,58,52,,,42
137,2,106,46,90,27,111,,,42
137,2,106,47,70,84,33,,,42
137,2,106,48,26,82,92,,,42
137,2,106,49,95,11,14,,,42
137,2,106,50,3,135,73,,,42
137,2,106,51,24,33,132,,,42
137,2,106,52,21,106,54,,,42
137,2,106,53,131,70,113,,,42
137,2,106,54,80,52,35,,,42
137,2,106,55,5,42,94,,,42
137,2,106,56,43,30,16,,,42
137,2,106,57,57,6,75,,,42
137,2,106,58,47,97,134,,,42
137,2,106,59,13,19,56,,,42
137,2,106,60,92,36,115,,,42
137,2,106,61,10,1,37,,,42
137,2,106,62,41,41,96,,,42
137,2,106,63,48,9,18,,,42
137,2,106,64,31,32,77,,,42
137,2,106,65,127,100,136,,,42
137,2,106,66,62,66,58,,,42
137,2,106,67,110,57,117,,,42
137,2,106,68,134,63,39,,,42
137,2,106,69,134,74,98,,,42
137,2,106,70,110,80,20,,,42
137,2,106,71,62,71,79,,,42
137,2,106,72,127,37,1,,,42
137,2,106,73,31,105,60,,,42
137,2,106,74,48,128,119,,,42
137,2,106,75,41,96,41,,,42
137,2,106,76,10,136,100,,,42
137,2,106,77,92,101,22,,,42
137,2,106,78,13,118,81,,,42
137,2,106,79,47,40,3,,,42
137,2,106,80,57,131,62,,,42
137,2,106,81,43,107,121,,,42
137,2,106,82,5,95,43,,,42
137,2,106,83,80,85,102,,,42
137,2,106,84,131,67,24,,,42
137,2,106,85,21,31,83,,,42
137,2,106,86,24,104,5,,,42
137,2,106,87,3,2,64,,,42
137,2,106,88,95,126,123,,,42
137,2,106,89,26,55,45,,,42
137,2,106,90,70,53,104,,,42
137,2,106,91,90,110,26,,,42
137,2,106,92,86,79,85,,,42
137,2,106,93,58,87,7,,,42
137,2,106,94,6,124,66,,,42
137,2,106,95,67,43,125,,,42
137,2,106,96,104,108,47,,,42
137,2,106,97,117,35,106,,,42
137,2,106,98,106,88,28,,,42
137,2,106,99,71,120,87,,,42
137,2,106,100,12,121,9,,,42
137,2,106,101,66,81,68,,,42
137,2,106,102,96,127,127,,,42
137,2,106,103,102,112,49,,,42
137,2,106,104,84,26,108,,,42
137,2,106,105,42,133,30,,,42
137,2,106,106,113,12,89,,,42
137,2,106,107,23,64,11,,,42
137,2,106,108,46,5,70,,,42
137,2,106,109,45,99,129,,,42
137,2,106,110,20,62,51,,,42
137,2,106,111,108,21,110,,,42
137,2,106,112,35,103,32,,,42
137,2,106,113,75,24,91,,,42
137,2,106,114,91,48,13,,,42
137,2,106,115,83,28,72,,,42
137,2,106,116,51,91,131,,,42
137,2,106,117,132,90,53,,,42
137,2,106,118,52,15,112,,,42
137,2,106,119,85,130,34,,,42
137,2,106,120,94,14,93,,,42
137,2,106,121,79,68,15,,,42
137,2,106,122,40,8,74,,,42
137,2,106,123,114,98,133,,,42
137,2,106,124,27,54,55,,,42
137,2,106,125,53,3,114,,,42
137,2,106,126,55,72,36,,,42
137,2,106,127,33,114,95,,,42
137,2,106,128,124,119,17,,,42
137,2,106,129,54,77,76,,,42
137,2,106,130,97,115,135,,,42
137,2,106,131,116,86,57,,,42
137,2,106,132,111,117,116,,,42
137,2,106,133,82,61,38,,,42
137,2,106,134,29,45,97,,,42
137,2,106,135,89,59,19,,,42
137,2,106,136,125,93,78,,,42
157,3,72,1,98,152,10,,,16
157,3,72,2,78,117,20,,,16
157,3,72,3,97,22,30,,,16
157,3,72,4,155,151,40,,,16
157,3,72,5,95,3,50,,,16
157,3,72,6,74,19,60,,,16
157,3,72,7,92,12,70,,,16
157,3,72,8,149,109,80,,,16
157,3,72,9,88,123,90,,,16
157,3,72,10,66,24,100,,,16
157,3,72,11,83,96,110,,,16
157,3,72,12,139,152,120,,,16
157,3,72,13,77,5,130,,,16
157,3,72,14,54,96,140,,,16
157,3,72,15,70,81,150,,,16
157,3,72,16,125,87,3,,,16
157,3,72,17,62,84,13,,,16
157,3,72,18,38,42,23,,,16
157,3,72,19,53,88,33,,,16
157,3,72,20,107,35,43,,,16
157,3,72,21,43,10,53,,,16
157,3,72,22,18,140,63,,,16
157,3,72,23,32,81,73,,,16
157,3,72,24,85,117,83,,,16
157,3,72,25,20,61,93,,,16
157,3,72,26,151,40,103,,,16
157,3,72,27,7,24,113,,,16
157,3,72,28,59,140,123,,,16
157,3,72,29,150,44,133,,,16
157,3,72,30,123,20,143,,,16
157,3,72,31,135,38,153,,,16
157,3,72,32,29,68,6,,,16
157,3,72,33,119,80,16,,,16
157,3,72,34,91,44,26,,,16
157,3,72,35,102,87,36,,,16
157,3,72,36,152,22,46,,,16
157,3,72,37,84,133,56,,,16
157,3,72,38,55,76,66,,,16
157,3,72,39,65,135,76,,,16
157,3,72,40,114,123,86,,,16
157,3,72,41,45,10,96,,,16
157,3,72,42,15,80,106,,,16
157,3,72,43,24,146,116,,,16
157,3,72,44,72,21,126,,,16
157,3,72,45,2,146,136,,,16
157,3,72,46,128,20,146,,,16
157,3,72,47,136,84,156,,,16
157,3,72,48,26,151,9,,,16
157,3,72,49,112,34,19,,,16
157,3,72,50,80,17,29,,,16
157,3,72,51,87,70,39,,,16
157,3,72,52,133,6,49,,,16
157,3,72,53,61,109,59,,,16
157,3,72,54,28,35,69,,,16
157,3,72,55,34,68,79,,,16
157,3,72,56,79,21,89,,,16
157,3,72,57,6,21,99,,,16
157,3,72,58,129,38,109,,,16
157,3,72,59,134,42,119,,,16
157,3,72,60,21,3,129,,,16
157,3,72,61,104,48,139,,,16
157,3,72,62,69,147,149,,,16
157,3,72,63,73,113,2,,,16
157,3,72,64,116,73,12,,,16
157,3,72,65,41,154,22,,,16
157,3,72,66,5,12,32,,,16
157,3,72,67,8,88,42,,,16
157,3,72,68,50,38,52,,,16
157,3,72,69,131,146,62,,,16
157,3,72,70,94,68,72,,,16
157,3,72,71,96,88,82,,,16
157,3,72,72,137,19,92,,,16
157,3,72,73,60,145,102,,,16
157,3,72,74,22,122,112,,,16
157,3,72,75,23,77,122,,,16
157,3,72,76,63,137,132,,,16
157,3,72,77,142,115,142,,,16
157,3,72,78,103,138,152,,,16
157,3,72,79,103,19,5,,,16
157,3,72,80,142,42,15,,,16
157,3,72,81,63,20,25,,,16
157,3,72,82,23,80,35,,,16
157,3,72,83,22,35,45,,,16
157,3,72,84,60,12,55,,,16
157,3,72,85,137,138,65,,,16
157,3,72,86,96,69,75,,,16
157,3,72,87,94,89,85,,,16
157,3,72,88,131,11,95,,,16
157,3,72,89,50,119,105,,,16
157,3,72,90,8,69,115,,,16
157,3,72,91,5,145,125,,,16
157,3,72,92,41,3,135,,,16
157,3,72,93,116,84,145,,,16
157,3,72,94,73,44,155,,,16
157,3,72,95,69,10,8,,,16
157,3,72,96,104,109,18,,,16
157,3,72,97,21,154,28,,,16
157,3,72,98,134,115,38,,,16
157,3,72,99,129,119,48,,,16
157,3,72,100,6,136,58,,,16
157,3,72,101,79,136,68,,,16
157,3,72,102,34,89,78,,,16
157,3,72,103,28,122,88,,,16
157,3,72,104,61,48,98,,,16
157,3,72,105,133,151,108,,,16
157,3,72,106,87,87,118,,,16
157,3,72,107,80,140,128,,,16
157,3,72,108,112,123,138,,,16
157,3,72,109,26,6,148,,,16
157,3,72,110,136,73,1,,,16
157,3,72,111,128,137,11,,,16
157,3,72,112,2,11,21,,,16
157,3,72,113,72,136,31,,,16
157,3,72,114,24,11,41,,,16
157,3,72,115,15,77,51,,,16
157,3,72,116,45,147,61,,,16
157,3,72,117,114,34,71,,,16
157,3,72,118,65,22,81,,,16
157,3,72,119,55,81,91,,,16
157,3,72,120,84,24,101,,,16
157,3,72,121,152,135,111,,,16
157,3,72,122,102,70,121,,,16
157,3,72,123,91,113,131,,,16
157,3,72,124,119,77,141,,,16
157,3,72,125,29,89,151,,,16
157,3,72,126,135,119,4,,,16
157,3,72,127,123,137,14,,,16
157,3,72,128,150,113,24,,,16
157,3,72,129,59,17,34,,,16
157,3,72,130,7,133,44,,,16
157,3,72,131,151,117,54,,,16
157,3,72,132,20,96,64,,,16
157,3,72,133,85,40,74,,,16
157,3,72,134,32,76,84,,,16
157,3,72,135,18,17,94,,,16
157,3,72,136,43,147,104,,,16
157,3,72,137,107,122,114,,,16
157,3,72,138,53,69,124,,,16
157,3,72,139,38,115,134,,,16
157,3,72,140,62,73,144,,,16
157,3,72,141,125,70,154,,,16
157,3,72,142,70,76,7,,,16
157,3,72,143,54,61,17,,,16
157,3,72,144,77,152,27,,,16
157,3,72,145,139,5,37,,,16
157,3,72,146,83,61,47,,,16
157,3,72,147,66,133,57,,,16
157,3,72,148,88,34,67,,,16
157,3,72,149,149,48,77,,,16
157,3,72,150,92,145,87,,,16
157,3,72,151,74,138,97,,,16
157,3,72,152,95,154,107,,,16
157,3,72,153,155,6,117,,,16
157,3,72,154,97,135,127,,,16
157,3,72,155,78,40,137,,,16
157,3,72,156,98,5,147,,,16
157,3,85,1,103,30,141,,,153
157,3,85,2,98,83,125,,,153
157,3,85,3,142,25,109,,,153
157,3,85,4,78,36,93,,,153
157,3,85,5,63,139,77,,,153
157,3,85,6,97,43,61,,,153
157,3,85,7,23,85,45,,,153
157,3,85,8,155,131,29,,,153
157,3,85,9,22,47,13,,,153
157,3,85,10,95,13,154,,,153
157,3,85,11,60,52,138,,,153
157,3,85,12,74,30,122,,,153
157,3,85,13,137,127,106,,,153
157,3,85,14,92,52,90,,,153
157,3,85,15,96,142,74,,,153
157,3,85,16,149,106,58,,,153
157,3,85,17,94,124,42,,,153
157,3,85,18,88,62,26,,,153
157,3,85,19,131,100,10,,,153
157,3,85,20,66,104,151,,,153
157,3,85,21,50,97,135,,,153
157,3,85,22,83,102,119,,,153
157,3,85,23,8,142,103,,,153
157,3,85,24,139,83,87,,,153
157,3,85,25,5,105,71,,,153
157,3,85,26,77,74,55,,,153
157,3,85,27,41,13,39,,,153
157,3,85,28,54,102,23,,,153
157,3,85,29,116,50,7,,,153
157,3,85,30,70,37,148,,,153
157,3,85,31,73,86,132,,,153
157,3,85,32,125,63,116,,,153
157,3,85,33,69,148,100,,,153
157,3,85,34,62,50,84,,,153
157,3,85,35,104,106,68,,,153
157,3,85,36,38,25,52,,,153
157,3,85,37,21,144,36,,,153
157,3,85,38,53,15,20,,,153
157,3,85,39,134,132,4,,,153
157,3,85,40,107,47,145,,,153
157,3,85,41,129,97,129,,,153
157,3,85,42,43,148,113,,,153
157,3,85,43,6,66,97,,,153
157,3,85,44,18,31,81,,,153
157,3,85,45,79,66,65,,,153
157,3,85,46,32,37,49,,,153
157,3,85,47,34,124,33,,,153
157,3,85,48,85,36,17,,,153
157,3,85,49,28,110,1,,,153
157,3,85,50,20,55,142,,,153
157,3,85,51,61,51,126,,,153
157,3,85,52,151,121,110,,,153
157,3,85,53,133,131,94,,,153
157,3,85,54,7,104,78,,,153
157,3,85,55,87,63,62,,,153
157,3,85,56,59,31,46,,,153
157,3,85,57,80,31,30,,,153
157,3,85,58,150,86,14,,,153
157,3,85,59,112,62,155,,,153
157,3,85,60,123,139,139,,,153
157,3,85,61,26,26,123,,,153
157,3,85,62,135,60,107,,,153
157,3,85,63,136,107,91,,,153
157,3,85,64,29,33,75,,,153
157,3,85,65,128,18,59,,,153
157,3,85,66,119,85,43,,,153
157,3,85,67,2,100,27,,,153
157,3,85,68,91,86,11,,,153
157,3,85,69,72,66,152,,,153
157,3,85,70,102,63,136,,,153
157,3,85,71,24,100,120,,,153
157,3,85,72,152,43,104,,,153
157,3,85,73,15,72,88,,,153
157,3,85,74,84,53,72,,,153
157,3,85,75,45,9,56,,,153
157,3,85,76,55,120,40,,,153
157,3,85,77,114,95,24,,,153
157,3,85,78,65,114,8,,,153
157,3,85,79,65,43,149,,,153
157,3,85,80,114,62,133,,,153
157,3,85,81,55,37,117,,,153
157,3,85,82,45,148,101,,,153
157,3,85,83,84,104,85,,,153
157,3,85,84,15,85,69,,,153
157,3,85,85,152,114,53,,,153
157,3,85,86,24,57,37,,,153
157,3,85,87,102,94,21,,,153
157,3,85,88,72,91,5,,,153
157,3,85,89,91,71,146,,,153
157,3,85,90,2,57,130,,,153
157,3,85,91,119,72,114,,,153
157,3,85,92,128,139,98,,,153
157,3,85,93,29,124,82,,,153
157,3,85,94,136,50,66,,,153
157,3,85,95,135,97,50,,,153
157,3,85,96,26,131,34,,,153
157,3,85,97,123,18,18,,,153
157,3,85,98,112,95,2,,,153
157,3,85,99,150,71,143,,,153
157,3,85,100,80,126,127,,,153
157,3,85,101,59,126,111,,,153
157,3,85,102,87,94,95,,,153
157,3,85,103,7,53,79,,,153
157,3,85,104,133,26,63,,,153
157,3,85,105,151,36,47,,,153
157,3,85,106,61,106,31,,,153
157,3,85,107,20,102,15,,,153
157,3,85,108,28,47,156,,,153
157,3,85,109,85,121,140,,,153
157,3,85,110,34,33,124,,,153
157,3,85,111,32,120,108,,,153
157,3,85,112,79,91,92,,,153
157,3,85,113,18,126,76,,,153
157,3,85,114,6,91,60,,,153
157,3,85,115,43,9,44,,,153
157,3,85,116,129,60,28,,,153
157,3,85,117,107,110,12,,,153
157,3,85,118,134,25,153,,,153
157,3,85,119,53,142,137,,,153
157,3,85,120,21,13,121,,,153
157,3,85,121,38,132,105,,,153
157,3,85,122,104,51,89,,,153
157,3,85,123,62,107,73,,,153
157,3,85,124,69,9,57,,,153
157,3,85,125,125,94,41,,,153
157,3,85,126,73,71,25,,,153
157,3,85,127,70,120,9,,,153
157,3,85,128,116,107,150,,,153
157,3,85,129,54,55,134,,,153
157,3,85,130,41,144,118,,,153
157,3,85,131,77,83,102,,,153
157,3,85,132,5,52,86,,,153
157,3,85,133,139,74,70,,,153
157,3,85,134,8,15,54,,,153
157,3,85,135,83,55,38,,,153
157,3,85,136,50,60,22,,,153
157,3,85,137,66,53,6,,,153
157,3,85,138,131,57,147,,,153
157,3,85,139,88,95,131,,,153
157,3,85,140,94,33,115,,,153
157,3,85,141,149,51,99,,,153
157,3,85,142,96,15,83,,,153
157,3,85,143,92,105,67,,,153
157,3,85,144,137,30,51,,,153
157,3,85,145,74,127,35,,,153
157,3,85,146,60,105,19,,,153
157,3,85,147,95,144,3,,,153
157,3,85,148,22,110,144,,,153
157,3,85,149,155,26,128,,,153
157,3,85,150,23,72,112,,,153
157,3,85,151,97,114,96,,,153
157,3,85,152,63,18,80,,,153
157,3,85,153,78,121,64,,,153
157,3,85,154,142,132,48,,,153
157,3,85,155,98,74,32,,,153
157,3,85,156,103,127,16,,,153
181,3,33,1,57,107,112,,,106
181,3,33,2,47,132,43,,,106
181,3,33,3,151,174,155,,,106
181,3,33,4,7,151,86,,,106
181,3,33,5,158,162,17,,,106
181,3,33,6,61,125,129,,,106
181,3,33,7,78,139,60,,,106
181,3,33,8,28,122,172,,,106
181,3,33,9,92,173,103,,,106
181,3,33,10,89,29,34,,,106
181,3,33,11,19,151,146,,,106
181,3,33,12,63,95,77,,,106
181,3,33,13,40,141,8,,,106
181,3,33,14,131,26,120,,,106
181,3,33,15,155,30,51,,,106
181,3,33,16,112,71,163,,,106
181,3,33,17,2,67,94,,,106
181,3,33,18,6,117,25,,,106
181,3,33,19,124,139,137,,,106
181,3,33,20,175,51,68,,,106
181,3,33,21,159,133,180,,,106
181,3,33,22,76,122,111,,,106
181,3,33,23,107,117,42,,,106
181,3,33,24,71,36,154,,,106
181,3,33,25,149,159,85,,,106
181,3,33,26,160,42,16,,,106
181,3,33,27,104,146,128,,,106
181,3,33,28,162,27,59,,,106
181,3,33,29,153,146,171,,,106
181,3,33,30,77,59,102,,,106
181,3,33,31,115,46,33,,,106
181,3,33,32,86,25,145,,,106
181,3,33,33,171,95,76,,,106
181,3,33,34,8,174,7,,,106
181,3,33,35,140,180,119,,,106
181,3,33,36,24,31,50,,,106
181,3,33,37,22,7,162,,,106
181,3,33,38,134,26,93,,,106
181,3,33,39,179,6,24,,,106
181,3,33,40,157,46,136,,,106
181,3,33,41,68,64,67,,,106
181,3,33,42,93,159,179,,,106
181,3,33,43,51,68,110,,,106
181,3,33,44,123,71,41,,,106
181,3,33,45,128,86,153,,,106
181,3,33,46,66,31,84,,,106
181,3,33,47,118,5,15,,,106
181,3,33,48,103,107,127,,,106
181,3,33,49,21,74,58,,,106
181,3,33,50,53,5,170,,,106
181,3,33,51,18,180,101,,,106
181,3,33,52,97,155,32,,,106
181,3,33,53,109,29,144,,,106
181,3,33,54,54,82,75,,,106
181,3,33,55,113,51,6,,,106
181,3,33,56,105,35,118,,,106
181,3,33,57,30,133,49,,,106
181,3,33,58,69,82,161,,,106
181,3,33,59,41,162,92,,,106
181,3,33,60,127,110,23,,,106
181,3,33,61,146,25,135,,,106
181,3,33,62,98,6,66,,,106
181,3,33,63,164,152,178,,,106
181,3,33,64,163,19,109,,,106
181,3,33,65,95,68,40,,,106
181,3,33,66,141,36,152,,,106
181,3,33,67,120,22,83,,,106
181,3,33,68,32,125,14,,,106
181,3,33,69,58,82,126,,,106
181,3,33,70,17,173,57,,,106
181,3,33,71,90,135,169,,,106
181,3,33,72,96,67,100,,,106
181,3,33,73,35,68,31,,,106
181,3,33,74,88,56,143,,,106
181,3,33,75,74,130,74,,,106
181,3,33,76,174,27,5,,,106
181,3,33,77,26,27,117,,,106
181,3,33,78,173,48,48,,,106
181,3,33,79,72,8,160,,,106
181,3,33,80,85,6,91,,,106
181,3,33,81,31,141,22,,,106
181,3,33,82,91,150,134,,,106
181,3,33,83,84,132,65,,,106
181,3,33,84,10,5,177,,,106
181,3,33,85,50,49,108,,,106
181,3,33,86,23,1,39,,,106
181,3,33,87,110,141,151,,,106
181,3,33,88,130,25,82,,,106
181,3,33,89,83,114,13,,,106
181,3,33,90,150,145,125,,,106
181,3,33,91,150,36,56,,,106
181,3,33,92,83,67,168,,,106
181,3,33,93,130,156,99,,,106
181,3,33,94,110,40,30,,,106
181,3,33,95,23,180,142,,,106
181,3,33,96,50,132,73,,,106
181,3,33,97,10,176,4,,,106
181,3,33,98,84,49,116,,,106
181,3,33,99,91,31,47,,,106
181,3,33,100,31,40,159,,,106
181,3,33,101,85,175,90,,,106
181,3,33,102,72,173,21,,,106
181,3,33,103,173,133,133,,,106
181,3,33,104,26,154,64,,,106
181,3,33,105,174,154,176,,,106
181,3,33,106,74,51,107,,,106
181,3,33,107,88,125,38,,,106
181,3,33,108,35,113,150,,,106
181,3,33,109,96,114,81,,,106
181,3,33,110,90,46,12,,,106
181,3,33,111,17,8,124,,,106
181,3,33,112,58,99,55,,,106
181,3,33,113,32,56,167,,,106
181,3,33,114,120,159,98,,,106
181,3,33,115,141,145,29,,,106
181,3,33,116,95,113,141,,,106
181,3,33,117,163,162,72,,,106
181,3,33,118,164,29,3,,,106
181,3,33,119,98,175,115,,,106
181,3,33,120,146,156,46,,,106
181,3,33,121,127,71,158,,,106
181,3,33,122,41,19,89,,,106
181,3,33,123,69,99,20,,,106
181,3,33,124,30,48,132,,,106
181,3,33,125,105,146,63,,,106
181,3,33,126,113,130,175,,,106
181,3,33,127,54,99,106,,,106
181,3,33,128,109,152,37,,,106
181,3,33,129,97,26,149,,,106
181,3,33,130,18,1,80,,,106
181,3,33,131,53,176,11,,,106
181,3,33,132,21,107,123,,,106
181,3,33,133,103,74,54,,,106
181,3,33,134,118,176,166,,,106
181,3,33,135,66,150,97,,,106
181,3,33,136,128,95,28,,,106
181,3,33,137,123,110,140,,,106
181,3,33,138,51,113,71,,,106
181,3,33,139,93,22,2,,,106
181,3,33,140,68,117,114,,,106
181,3,33,141,157,135,45,,,106
181,3,33,142,179,175,157,,,106
181,3,33,143,134,155,88,,,106
181,3,33,144,22,174,19,,,106
181,3,33,145,24,150,131,,,106
181,3,33,146,140,1,62,,,106
181,3,33,147,8,7,174,,,106
181,3,33,148,171,86,105,,,106
181,3,33,149,86,156,36,,,106
181,3,33,150,115,135,148,,,106
181,3,33,151,77,122,79,,,106
181,3,33,152,153,35,10,,,106
181,3,33,153,162,154,122,,,106
181,3,33,154,104,35,53,,,106
181,3,33,155,160,139,165,,,106
181,3,33,156,149,22,96,,,106
181,3,33,157,71,145,27,,,106
181,3,33,158,107,64,139,,,106
181,3,33,159,76,59,70,,,106
181,3,33,160,159,48,1,,,106
181,3,33,161,175,130,113,,,106
181,3,33,162,124,42,44,,,106
181,3,33,163,6,64,156,,,106
181,3,33,164,2,114,87,,,106
181,3,33,165,112,110,18,,,106
181,3,33,166,155,151,130,,,106
181,3,33,167,131,155,61,,,106
181,3,33,168,40,40,173,,,106
181,3,33,169,63,86,104,,,106
181,3,33,170,19,30,35,,,106
181,3,33,171,89,152,147,,,106
181,3,33,172,92,8,78,,,106
181,3,33,173,28,59,9,,,106
181,3,33,174,78,42,121,,,106
181,3,33,175,61,56,52,,,106
181,3,33,176,158,19,164,,,106
181,3,33,177,7,30,95,,,106
181,3,33,178,151,7,26,,,106
181,3,33,179,47,49,138,,,106
181,3,33,180,57,74,69,,,106
181,3,148,1,35,134,63,,,177
181,3,148,2,140,167,126,,,177
181,3,148,3,134,179,8,,,177
181,3,148,4,17,69,71,,,177
181,3,148,5,151,98,134,,,177
181,3,148,6,174,165,16,,,177
181,3,148,7,86,169,79,,,177
181,3,148,8,68,9,142,,,177
181,3,148,9,120,127,24,,,177
181,3,148,10,61,60,87,,,177
181,3,148,11,72,69,150,,,177
181,3,148,12,153,53,32,,,177
181,3,148,13,123,92,95,,,177
181,3,148,14,163,85,158,,,177
181,3,148,15,92,112,40,,,177
181,3,148,16,91,72,103,,,177
181,3,148,17,160,45,166,,,177
181,3,148,18,118,111,48,,,177
181,3,148,19,146,169,111,,,177
181,3,148,20,63,118,174,,,177
181,3,148,21,50,38,56,,,177
181,3,148,22,107,9,119,,,177
181,3,148,23,53,111,1,,,177
181,3,148,24,69,62,64,,,177
181,3,148,25,155,123,127,,,177
181,3,148,26,130,12,9,,,177
181,3,148,27,175,171,72,,,177
181,3,148,28,109,137,135,,,177
181,3,148,29,113,171,17,,,177
181,3,148,30,6,172,80,,,177
181,3,148,31,150,39,143,,,177
181,3,148,32,2,33,25,,,177
181,3,148,33,105,53,88,,,177
181,3,148,34,97,179,151,,,177
181,3,148,35,159,129,33,,,177
181,3,148,36,110,164,96,,,177
181,3,148,37,131,2,159,,,177
181,3,148,38,41,85,41,,,177
181,3,148,39,21,131,104,,,177
181,3,148,40,71,39,167,,,177
181,3,148,41,10,70,49,,,177
181,3,148,42,19,123,112,,,177
181,3,148,43,98,97,175,,,177
181,3,148,44,66,72,57,,,177
181,3,148,45,104,128,120,,,177
181,3,148,46,31,164,2,,,177
181,3,148,47,28,79,65,,,177
181,3,148,48,95,134,128,,,177
181,3,148,49,51,47,10,,,177
181,3,148,50,77,79,73,,,177
181,3,148,51,173,129,136,,,177
181,3,148,52,158,96,18,,,177
181,3,148,53,32,60,81,,,177
181,3,148,54,157,101,144,,,177
181,3,148,55,171,118,26,,,177
181,3,148,56,74,10,89,,,177
181,3,148,57,47,38,152,,,177
181,3,148,58,90,101,34,,,177
181,3,148,59,22,98,97,,,177
181,3,148,60,24,109,160,,,177
181,3,148,61,96,33,42,,,177
181,3,148,62,57,131,105,,,177
181,3,148,63,88,121,168,,,177
181,3,148,64,8,83,50,,,177
181,3,148,65,179,97,113,,,177
181,3,148,66,58,62,176,,,177
181,3,148,67,7,58,58,,,177
181,3,148,68,26,165,121,,,177
181,3,148,69,115,101,3,,,177
181,3,148,70,93,127,66,,,177
181,3,148,71,141,142,129,,,177
181,3,148,72,78,45,11,,,177
181,3,148,73,85,97,74,,,177
181,3,148,74,162,16,137,,,177
181,3,148,75,128,63,19,,,177
181,3,148,76,164,137,82,,,177
181,3,148,77,89,137,145,,,177
181,3,148,78,84,143,27,,,177
181,3,148,79,149,54,90,,,177
181,3,148,80,103,131,153,,,177
181,3,148,81,127,92,35,,,177
181,3,148,82,40,17,98,,,177
181,3,148,83,23,167,161,,,177
181,3,148,84,76,79,43,,,177
181,3,148,85,18,14,106,,,177
181,3,148,86,30,52,169,,,177
181,3,148,87,112,92,51,,,177
181,3,148,88,83,33,114,,,177
181,3,148,89,124,136,177,,,177
181,3,148,90,54,119,59,,,177
181,3,148,91,54,62,122,,,177
181,3,148,92,124,45,4,,,177
181,3,148,93,83,148,67,,,177
181,3,148,94,112,89,130,,,177
181,3,148,95,30,129,12,,,177
181,3,148,96,18,167,75,,,177
181,3,148,97,76,102,138,,,177
181,3,148,98,23,14,20,,,177
181,3,148,99,40,164,83,,,177
181,3,148,100,127,89,146,,,177
181,3,148,101,103,50,28,,,177
181,3,148,102,149,127,91,,,177
181,3,148,103,84,38,154,,,177
181,3,148,104,89,44,36,,,177
181,3,148,105,164,44,99,,,177
181,3,148,106,128,118,162,,,177
181,3,148,107,162,165,44,,,177
181,3,148,108,85,84,107,,,177
181,3,148,109,78,136,170,,,177
181,3,148,110,141,39,52,,,177
181,3,148,111,93,54,115,,,177
181,3,148,112,115,80,178,,,177
181,3,148,113,26,16,60,,,177
181,3,148,114,7,123,123,,,177
181,3,148,115,58,119,5,,,177
181,3,148,116,179,84,68,,,177
181,3,148,117,8,98,131,,,177
181,3,148,118,88,60,13,,,177
181,3,148,119,57,50,76,,,177
181,3,148,120,96,148,139,,,177
181,3,148,121,24,72,21,,,177
181,3,148,122,22,83,84,,,177
181,3,148,123,90,80,147,,,177
181,3,148,124,47,143,29,,,177
181,3,148,125,74,171,92,,,177
181,3,148,126,171,63,155,,,177
181,3,148,127,157,80,37,,,177
181,3,148,128,32,121,100,,,177
181,3,148,129,158,85,163,,,177
181,3,148,130,173,52,45,,,177
181,3,148,131,77,102,108,,,177
181,3,148,132,51,134,171,,,177
181,3,148,133,95,47,53,,,177
181,3,148,134,28,102,116,,,177
181,3,148,135,31,17,179,,,177
181,3,148,136,104,53,61,,,177
181,3,148,137,66,109,124,,,177
181,3,148,138,98,84,6,,,177
181,3,148,139,19,58,69,,,177
181,3,148,140,10,111,132,,,177
181,3,148,141,71,142,14,,,177
181,3,148,142,21,50,77,,,177
181,3,148,143,41,96,140,,,177
181,3,148,144,131,179,22,,,177
181,3,148,145,110,17,85,,,177
181,3,148,146,159,52,148,,,177
181,3,148,147,97,2,30,,,177
181,3,148,148,105,128,93,,,177
181,3,148,149,2,148,156,,,177
181,3,148,150,150,142,38,,,177
181,3,148,151,6,9,101,,,177
181,3,148,152,113,10,164,,,177
181,3,148,153,109,44,46,,,177
181,3,148,154,175,10,109,,,177
181,3,148,155,130,169,172,,,177
181,3,148,156,155,58,54,,,177
181,3,148,157,69,119,117,,,177
181,3,148,158,53,70,180,,,177
181,3,148,159,107,172,62,,,177
181,3,148,160,50,143,125,,,177
181,3,148,161,63,63,7,,,177
181,3,148,162,146,12,70,,,177
181,3,148,163,118,70,133,,,177
181,3,148,164,160,136,15,,,177
181,3,148,165,91,109,78,,,177
181,3,148,166,92,69,141,,,177
181,3,148,167,163,96,23,,,177
181,3,148,168,123,89,86,,,177
181,3,148,169,153,128,149,,,177
181,3,148,170,72,112,31,,,177
181,3,148,171,61,121,94,,,177
181,3,148,172,120,54,157,,,177
181,3,148,173,68,172,39,,,177
181,3,148,174,86,12,102,,,177
181,3,148,175,174,16,165,,,177
181,3,148,176,151,83,47,,,177
181,3,148,177,17,112,110,,,177
181,3,148,178,134,2,173,,,177
181,3,148,179,140,14,55,,,177
181,3,148,180,35,47,118,,,177
193,2,52,1,70,120,86,,,151
193,2,52,2,87,188,172,,,151
193,2,52,3,51,152,65,,,151
193,2,52,4,155,153,151,,,151
193,2,52,5,13,139,44,,,151
193,2,52,6,11,58,130,,,151
193,2,52,7,149,51,23,,,151
193,2,52,8,41,66,109,,,151
193,2,52,9,73,51,2,,,151
193,2,52,10,52,147,88,,,151
193,2,52,11,171,109,174,,,151
193,2,52,12,44,78,67,,,151
193,2,52,13,57,2,153,,,151
193,2,52,14,17,22,46,,,151
193,2,52,15,117,86,132,,,151
193,2,52,16,164,142,25,,,151
193,2,52,17,158,138,111,,,151
193,2,52,18,99,22,4,,,151
193,2,52,19,180,128,90,,,151
193,2,52,20,15,18,176,,,151
193,2,52,21,183,26,69,,,151
193,2,52,22,105,100,155,,,151
193,2,52,23,167,188,48,,,151
193,2,52,24,176,45,134,,,151
193,2,52,25,132,5,27,,,151
193,2,52,26,35,16,113,,,151
193,2,52,27,78,26,6,,,151
193,2,52,28,68,176,92,,,151
193,2,52,29,5,28,178,,,151
193,2,52,30,82,109,71,,,151
193,2,52,31,106,174,157,,,151
193,2,52,32,77,171,50,,,151
193,2,52,33,188,48,136,,,151
193,2,52,34,53,139,29,,,151
193,2,52,35,58,6,115,,,151
193,2,52,36,10,176,8,,,151
193,2,52,37,102,18,94,,,151
193,2,52,38,141,59,180,,,151
193,2,52,39,127,54,73,,,151
193,2,52,40,60,144,159,,,151
193,2,52,41,133,84,52,,,151
193,2,52,42,153,15,138,,,151
193,2,52,43,120,78,31,,,151
193,2,52,44,34,28,117,,,151
193,2,52,45,88,6,10,,,151
193,2,52,46,89,153,96,,,151
193,2,52,47,37,31,182,,,151
193,2,52,48,125,167,75,,,151
193,2,52,49,160,123,161,,,151
193,2,52,50,142,40,54,,,151
193,2,52,51,71,59,140,,,151
193,2,52,52,140,128,33,,,151
193,2,52,53,156,2,119,,,151
193,2,52,54,119,15,12,,,151
193,2,52,55,29,115,98,,,151
193,2,52,56,79,57,184,,,151
193,2,52,57,76,175,77,,,151
193,2,52,58,20,31,163,,,151
193,2,52,59,104,152,56,,,151
193,2,52,60,135,100,142,,,151
193,2,52,61,113,16,35,,,151
193,2,52,62,38,41,121,,,151
193,2,52,63,103,123,14,,,151
193,2,52,64,115,17,100,,,151
193,2,52,65,74,57,186,,,151
193,2,52,66,173,191,79,,,151
193,2,52,67,26,174,165,,,151
193,2,52,68,19,147,58,,,151
193,2,52,69,152,58,144,,,151
193,2,52,70,39,48,37,,,151
193,2,52,71,66,65,123,,,151
193,2,52,72,40,57,16,,,151
193,2,52,73,154,165,102,,,151
193,2,52,74,22,144,188,,,151
193,2,52,75,30,135,81,,,151
193,2,52,76,178,86,167,,,151
193,2,52,77,80,138,60,,,151
193,2,52,78,122,46,146,,,151
193,2,52,79,111,144,39,,,151
193,2,52,80,47,187,125,,,151
193,2,52,81,123,123,18,,,151
193,2,52,82,146,93,104,,,151
193,2,52,83,116,45,190,,,151
193,2,52,84,33,120,83,,,151
193,2,52,85,90,73,169,,,151
193,2,52,86,94,45,62,,,151
193,2,52,87,45,177,148,,,151
193,2,52,88,136,31,41,,,151
193,2,52,89,174,134,127,,,151
193,2,52,90,159,48,20,,,151
193,2,52,91,91,107,106,,,151
193,2,52,92,163,66,192,,,151
193,2,52,93,182,66,85,,,151
193,2,52,94,148,55,171,,,151
193,2,52,95,61,174,64,,,151
193,2,52,96,114,178,150,,,151
193,2,52,97,114,15,43,,,151
193,2,52,98,61,19,129,,,151
193,2,52,99,148,138,22,,,151
193,2,52,100,182,127,108,,,151
193,2,52,101,163,127,1,,,151
193,2,52,102,91,86,87,,,151
193,2,52,103,159,145,173,,,151
193,2,52,104,174,59,66,,,151
193,2,52,105,136,162,152,,,151
193,2,52,106,45,16,45,,,151
193,2,52,107,94,148,131,,,151
193,2,52,108,90,120,24,,,151
193,2,52,109,33,73,110,,,151
193,2,52,110,116,148,3,,,151
193,2,52,111,146,100,89,,,151
193,2,52,112,123,70,175,,,151
193,2,52,113,47,6,68,,,151
193,2,52,114,111,49,154,,,151
193,2,52,115,122,147,47,,,151
193,2,52,116,80,55,133,,,151
193,2,52,117,178,107,26,,,151
193,2,52,118,30,58,112,,,151
193,2,52,119,22,49,5,,,151
193,2,52,120,154,28,91,,,151
193,2,52,121,40,136,177,,,151
193,2,52,122,66,128,70,,,151
193,2,52,123,39,145,156,,,151
193,2,52,124,152,135,49,,,151
193,2,52,125,19,46,135,,,151
193,2,52,126,26,19,28,,,151
193,2,52,127,173,2,114,,,151
193,2,52,128,74,136,7,,,151
193,2,52,129,115,176,93,,,151
193,2,52,130,103,70,179,,,151
193,2,52,131,38,152,72,,,151
193,2,52,132,113,177,158,,,151
193,2,52,133,135,93,51,,,151
193,2,52,134,104,41,137,,,151
193,2,52,135,20,162,30,,,151
193,2,52,136,76,18,116,,,151
193,2,52,137,79,136,9,,,151
193,2,52,138,29,78,95,,,151
193,2,52,139,119,178,181,,,151
193,2,52,140,156,191,74,,,151
193,2,52,141,140,65,160,,,151
193,2,52,142,71,134,53,,,151
193,2,52,143,142,153,139,,,151
193,2,52,144,160,70,32,,,151
193,2,52,145,125,26,118,,,151
193,2,52,146,37,162,11,,,151
193,2,52,147,89,40,97,,,151
193,2,52,148,88,187,183,,,151
193,2,52,149,34,165,76,,,151
193,2,52,150,120,115,162,,,151
193,2,52,151,153,178,55,,,151
193,2,52,152,133,109,141,,,151
193,2,52,153,60,49,34,,,151
193,2,52,154,127,139,120,,,151
193,2,52,155,141,134,13,,,151
193,2,52,156,102,175,99,,,151
193,2,52,157,10,17,185,,,151
193,2,52,158,58,187,78,,,151
193,2,52,159,53,54,164,,,151
193,2,52,160,188,145,57,,,151
193,2,52,161,77,22,143,,,151
193,2,52,162,106,19,36,,,151
193,2,52,163,82,84,122,,,151
193,2,52,164,5,165,15,,,151
193,2,52,165,68,17,101,,,151
193,2,52,166,78,167,187,,,151
193,2,52,167,35,177,80,,,151
193,2,52,168,132,188,166,,,151
193,2,52,169,176,148,59,,,151
193,2,52,170,167,5,145,,,151
193,2,52,171,105,93,38,,,151
193,2,52,172,183,167,124,,,151
193,2,52,173,15,175,17,,,151
193,2,52,174,180,65,103,,,151
193,2,52,175,99,171,189,,,151
193,2,52,176,158,55,82,,,151
193,2,52,177,164,51,168,,,151
193,2,52,178,117,107,61,,,151
193,2,52,179,17,171,147,,,151
193,2,52,180,57,191,40,,,151
193,2,52,181,44,115,126,,,151
193,2,52,182,171,84,19,,,151
193,2,52,183,52,46,105,,,151
193,2,52,184,73,142,191,,,151
193,2,52,185,41,127,84,,,151
193,2,52,186,149,142,170,,,151
193,2,52,187,11,135,63,,,151
193,2,52,188,13,54,149,,,151
193,2,52,189,155,40,42,,,151
193,2,52,190,51,41,128,,,151
193,2,52,191,87,5,21,,,151
193,2,52,192,70,73,107,,,151
193,2,141,1,134,114,101,,,105
193,2,141,2,150,140,9,,,105
193,2,141,3,48,183,110,,,105
193,2,141,4,21,155,18,,,105
193,2,141,5,69,161,119,,,105
193,2,141,6,192,113,27,,,105
193,2,141,7,4,116,128,,,105
193,2,141,8,84,82,36,,,105
193,2,141,9,46,116,137,,,105
193,2,141,10,83,130,45,,,105
193,2,141,11,2,36,146,,,105
193,2,141,12,189,132,54,,,105
193,2,141,13,65,137,155,,,105
193,2,141,14,16,156,63,,,105
193,2,141,15,42,101,164,,,105
193,2,141,16,143,77,72,,,105
193,2,141,17,126,189,173,,,105
193,2,141,18,184,156,81,,,105
193,2,141,19,124,83,182,,,105
193,2,141,20,139,75,90,,,105
193,2,141,21,36,44,191,,,105
193,2,141,22,8,95,99,,,105
193,2,141,23,55,140,7,,,105
193,2,141,24,177,91,108,,,105
193,2,141,25,181,53,16,,,105
193,2,141,26,67,131,117,,,105
193,2,141,27,28,44,25,,,105
193,2,141,28,64,90,126,,,105
193,2,141,29,175,181,34,,,105
193,2,141,30,168,36,135,,,105
193,2,141,31,43,146,43,,,105
193,2,141,32,186,37,144,,,105
193,2,141,33,18,7,52,,,105
193,2,141,34,118,161,153,,,105
193,2,141,35,100,25,61,,,105
193,2,141,36,157,90,162,,,105
193,2,141,37,96,75,70,,,105
193,2,141,38,110,85,171,,,105
193,2,141,39,6,32,79,,,105
193,2,141,40,170,21,180,,,105
193,2,141,41,23,157,88,,,105
193,2,141,42,144,159,189,,,105
193,2,141,43,147,132,97,,,105
193,2,141,44,32,181,5,,,105
193,2,141,45,185,25,106,,,105
193,2,141,46,27,155,14,,,105
193,2,141,47,137,97,115,,,105
193,2,141,48,129,149,23,,,105
193,2,141,49,3,30,124,,,105
193,2,141,50,145,38,32,,,105
193,2,141,51,169,85,133,,,105
193,2,141,52,75,83,41,,,105
193,2,141,53,56,137,142,,,105
193,2,141,54,112,159,50,,,105
193,2,141,55,50,61,151,,,105
193,2,141,56,63,141,59,,,105
193,2,141,57,151,118,160,,,105
193,2,141,58,121,97,68,,,105
193,2,141,59,166,183,169,,,105
193,2,141,60,93,95,77,,,105
193,2,141,61,95,131,178,,,105
193,2,141,62,172,10,86,,,105
193,2,141,63,131,30,187,,,105
193,2,141,64,165,103,95,,,105
193,2,141,65,81,141,3,,,105
193,2,141,66,72,56,104,,,105
193,2,141,67,138,146,12,,,105
193,2,141,68,86,130,113,,,105
193,2,141,69,109,113,21,,,105
193,2,141,70,14,7,122,,,105
193,2,141,71,187,110,30,,,105
193,2,141,72,49,141,131,,,105
193,2,141,73,179,12,39,,,105
193,2,141,74,191,21,140,,,105
193,2,141,75,85,80,48,,,105
193,2,141,76,54,101,149,,,105
193,2,141,77,98,189,57,,,105
193,2,141,78,24,63,158,,,105
193,2,141,79,25,21,66,,,105
193,2,141,80,101,168,167,,,105
193,2,141,81,59,30,75,,,105
193,2,141,82,92,98,176,,,105
193,2,141,83,7,91,84,,,105
193,2,141,84,190,114,185,,,105
193,2,141,85,62,79,93,,,105
193,2,141,86,9,91,1,,,105
193,2,141,87,31,62,102,,,105
193,2,141,88,128,97,10,,,105
193,2,141,89,107,108,111,,,105
193,2,141,90,161,7,19,,,105
193,2,141,91,97,92,120,,,105
193,2,141,92,108,82,28,,,105
193,2,141,93,1,82,129,,,105
193,2,141,94,162,4,37,,,105
193,2,141,95,12,146,138,,,105
193,2,141,96,130,34,46,,,105
193,2,141,97,130,159,147,,,105
193,2,141,98,12,47,55,,,105
193,2,141,99,162,189,156,,,105
193,2,141,100,1,111,64,,,105
193,2,141,101,108,111,165,,,105
193,2,141,102,97,101,73,,,105
193,2,141,103,161,186,174,,,105
193,2,141,104,107,85,82,,,105
193,2,141,105,128,96,183,,,105
193,2,141,106,31,131,91,,,105
193,2,141,107,9,102,192,,,105
193,2,141,108,62,114,100,,,105
193,2,141,109,190,79,8,,,105
193,2,141,110,7,102,109,,,105
193,2,141,111,92,95,17,,,105
193,2,141,112,59,163,118,,,105
193,2,141,113,101,25,26,,,105
193,2,141,114,25,172,127,,,105
193,2,141,115,24,130,35,,,105
193,2,141,116,98,4,136,,,105
193,2,141,117,54,92,44,,,105
193,2,141,118,85,113,145,,,105
193,2,141,119,191,172,53,,,105
193,2,141,120,179,181,154,,,105
193,2,141,121,49,52,62,,,105
193,2,141,122,187,83,163,,,105
193,2,141,123,14,186,71,,,105
193,2,141,124,109,80,172,,,105
193,2,141,125,86,63,80,,,105
193,2,141,126,138,47,181,,,105
193,2,141,127,72,137,89,,,105
193,2,141,128,81,52,190,,,105
193,2,141,129,165,90,98,,,105
193,2,141,130,131,163,6,,,105
193,2,141,131,172,183,107,,,105
193,2,141,132,95,62,15,,,105
193,2,141,133,93,98,116,,,105
193,2,141,134,166,10,24,,,105
193,2,141,135,121,96,125,,,105
193,2,141,136,151,75,33,,,105
193,2,141,137,63,52,134,,,105
193,2,141,138,50,132,42,,,105
193,2,141,139,112,34,143,,,105
193,2,141,140,56,56,51,,,105
193,2,141,141,75,110,152,,,105
193,2,141,142,169,108,60,,,105
193,2,141,143,145,155,161,,,105
193,2,141,144,3,163,69,,,105
193,2,141,145,129,44,170,,,105
193,2,141,146,137,96,78,,,105
193,2,141,147,27,38,179,,,105
193,2,141,148,185,168,87,,,105
193,2,141,149,32,12,188,,,105
193,2,141,150,147,61,96,,,105
193,2,141,151,144,34,4,,,105
193,2,141,152,23,36,105,,,105
193,2,141,153,170,172,13,,,105
193,2,141,154,6,161,114,,,105
193,2,141,155,110,108,22,,,105
193,2,141,156,96,118,123,,,105
193,2,141,157,157,103,31,,,105
193,2,141,158,100,168,132,,,105
193,2,141,159,118,32,40,,,105
193,2,141,160,18,186,141,,,105
193,2,141,161,186,156,49,,,105
193,2,141,162,43,47,150,,,105
193,2,141,163,168,157,58,,,105
193,2,141,164,175,12,159,,,105
193,2,141,165,64,103,67,,,105
193,2,141,166,28,149,168,,,105
193,2,141,167,67,62,76,,,105
193,2,141,168,181,140,177,,,105
193,2,141,169,177,102,85,,,105
193,2,141,170,55,53,186,,,105
193,2,141,171,8,98,94,,,105
193,2,141,172,36,149,2,,,105
193,2,141,173,139,118,103,,,105
193,2,141,174,124,110,11,,,105
193,2,141,175,184,37,112,,,105
193,2,141,176,126,4,20,,,105
193,2,141,177,143,116,121,,,105
193,2,141,178,42,92,29,,,105
193,2,141,179,16,37,130,,,105
193,2,141,180,65,56,38,,,105
193,2,141,181,189,61,139,,,105
193,2,141,182,2,157,47,,,105
193,2,141,183,83,63,148,,,105
193,2,141,184,46,77,56,,,105
193,2,141,185,84,111,157,,,105
193,2,141,186,4,77,65,,,105
193,2,141,187,192,80,166,,,105
193,2,141,188,69,32,74,,,105
193,2,141,189,21,38,175,,,105
193,2,141,190,48,10,83,,,105
193,2,141,191,150,53,184,,,105
193,2,141,192,134,79,92,,,105
193,3,14,1,183,181,162,,,37
193,3,14,2,153,97,131,,,37
193,3,14,3,103,62,100,,,37
193,3,14,4,33,4,69,,,37
193,3,14,5,136,44,38,,,37
193,3,14,6,26,110,7,,,37
193,3,14,7,89,130,169,,,37
193,3,14,8,132,32,138,,,37
193,3,14,9,155,130,107,,,37
193,3,14,10,158,159,76,,,37
193,3,14,11,141,47,45,,,37
193,3,14,12,104,108,14,,,37
193,3,14,13,47,77,176,,,37
193,3,14,14,163,75,145,,,37
193,3,14,15,66,30,114,,,37
193,3,14,16,142,63,83,,,37
193,3,14,17,5,102,52,,,37
193,3,14,18,41,75,21,,,37
193,3,14,19,57,103,183,,,37
193,3,14,20,53,114,152,,,37
193,3,14,21,29,36,121,,,37
193,3,14,22,178,183,90,,,37
193,3,14,23,114,97,59,,,37
193,3,14,24,30,92,28,,,37
193,3,14,25,119,96,190,,,37
193,3,14,26,188,37,159,,,37
193,3,14,27,44,36,128,,,37
193,3,14,28,73,21,97,,,37
193,3,14,29,82,113,66,,,37
193,3,14,30,71,47,35,,,37
193,3,14,31,40,137,4,,,37
193,3,14,32,182,118,166,,,37
193,3,14,33,111,111,135,,,37
193,3,14,34,20,44,104,,,37
193,3,14,35,102,38,73,,,37
193,3,14,36,164,21,42,,,37
193,3,14,37,13,114,11,,,37
193,3,14,38,35,52,173,,,37
193,3,14,39,37,149,142,,,37
193,3,14,40,19,140,111,,,37
193,3,14,41,174,146,80,,,37
193,3,14,42,116,95,49,,,37
193,3,14,43,38,108,18,,,37
193,3,14,44,133,113,180,,,37
193,3,14,45,15,38,149,,,37
193,3,14,46,70,4,118,,,37
193,3,14,47,105,132,87,,,37
193,3,14,48,120,157,56,,,37
193,3,14,49,115,7,25,,,37
193,3,14,50,90,189,187,,,37
193,3,14,51,45,52,156,,,37
193,3,14,52,173,103,125,,,37
193,3,14,53,88,77,94,,,37
193,3,14,54,176,95,63,,,37
193,3,14,55,51,85,32,,,37
193,3,14,56,99,168,1,,,37
193,3,14,57,127,79,163,,,37
193,3,14,58,135,132,132,,,37
193,3,14,59,123,62,101,,,37
193,3,14,60,91,183,70,,,37
193,3,14,61,39,37,39,,,37
193,3,14,62,160,131,8,,,37
193,3,14,63,68,7,170,,,37
193,3,14,64,149,172,139,,,37
193,3,14,65,17,168,108,,,37
193,3,14,66,58,116,77,,,37
193,3,14,67,79,137,46,,,37
193,3,14,68,80,159,15,,,37
193,3,14,69,61,110,177,,,37
193,3,14,70,22,111,146,,,37
193,3,14,71,156,90,115,,,37
193,3,14,72,77,168,84,,,37
193,3,14,73,171,80,53,,,37
193,3,14,74,52,140,22,,,37
193,3,14,75,106,83,184,,,37
193,3,14,76,140,30,153,,,37
193,3,14,77,154,102,122,,,37
193,3,14,78,148,34,91,,,37
193,3,14,79,122,140,60,,,37
193,3,14,80,76,155,29,,,37
193,3,14,81,10,7,191,,,37
193,3,14,82,117,10,160,,,37
193,3,14,83,11,92,129,,,37
193,3,14,84,78,181,98,,,37
193,3,14,85,125,12,67,,,37
193,3,14,86,152,92,36,,,37
193,3,14,87,159,156,5,,,37
193,3,14,88,146,132,167,,,37
193,3,14,89,113,141,136,,,37
193,3,14,90,60,111,105,,,37
193,3,14,91,180,163,74,,,37
193,3,14,92,87,32,43,,,37
193,3,14,93,167,32,12,,,37
193,3,14,94,34,91,174,,,37
193,3,14,95,74,137,143,,,37
193,3,14,96,94,98,112,,,37
193,3,14,97,94,95,81,,,37
193,3,14,98,74,56,50,,,37
193,3,14,99,34,102,19,,,37
193,3,14,100,167,161,181,,,37
193,3,14,101,87,161,150,,,37
193,3,14,102,180,30,119,,,37
193,3,14,103,60,82,88,,,37
193,3,14,104,113,52,57,,,37
193,3,14,105,146,61,26,,,37
193,3,14,106,159,37,188,,,37
193,3,14,107,152,101,157,,,37
193,3,14,108,125,181,126,,,37
193,3,14,109,78,12,95,,,37
193,3,14,110,11,101,64,,,37
193,3,14,111,117,183,33,,,37
193,3,14,112,10,186,2,,,37
193,3,14,113,76,38,164,,,37
193,3,14,114,122,53,133,,,37
193,3,14,115,148,159,102,,,37
193,3,14,116,154,91,71,,,37
193,3,14,117,140,163,40,,,37
193,3,14,118,106,110,9,,,37
193,3,14,119,52,53,171,,,37
193,3,14,120,171,113,140,,,37
193,3,14,121,77,25,109,,,37
193,3,14,122,156,103,78,,,37
193,3,14,123,22,82,47,,,37
193,3,14,124,61,83,16,,,37
193,3,14,125,80,34,178,,,37
193,3,14,126,79,56,147,,,37
193,3,14,127,58,77,116,,,37
193,3,14,128,17,25,85,,,37
193,3,14,129,149,21,54,,,37
193,3,14,130,68,186,23,,,37
193,3,14,131,160,62,185,,,37
193,3,14,132,39,156,154,,,37
193,3,14,133,91,10,123,,,37
193,3,14,134,123,131,92,,,37
193,3,14,135,135,61,61,,,37
193,3,14,136,127,114,30,,,37
193,3,14,137,99,25,192,,,37
193,3,14,138,51,108,161,,,37
193,3,14,139,176,98,130,,,37
193,3,14,140,88,116,99,,,37
193,3,14,141,173,90,68,,,37
193,3,14,142,45,141,37,,,37
193,3,14,143,90,4,6,,,37
193,3,14,144,115,186,168,,,37
193,3,14,145,120,36,137,,,37
193,3,14,146,105,61,106,,,37
193,3,14,147,70,189,75,,,37
193,3,14,148,15,155,44,,,37
193,3,14,149,133,80,13,,,37
193,3,14,150,38,85,175,,,37
193,3,14,151,116,98,144,,,37
193,3,14,152,174,47,113,,,37
193,3,14,153,19,53,82,,,37
193,3,14,154,37,44,51,,,37
193,3,14,155,35,141,20,,,37
193,3,14,156,13,79,182,,,37
193,3,14,157,164,172,151,,,37
193,3,14,158,102,155,120,,,37
193,3,14,159,20,149,89,,,37
193,3,14,160,111,82,58,,,37
193,3,14,161,182,75,27,,,37
193,3,14,162,40,56,189,,,37
193,3,14,163,71,146,158,,,37
193,3,14,164,82,80,127,,,37
193,3,14,165,73,172,96,,,37
193,3,14,166,44,157,65,,,37
193,3,14,167,188,156,34,,,37
193,3,14,168,119,97,3,,,37
193,3,14,169,30,101,165,,,37
193,3,14,170,114,96,134,,,37
193,3,14,171,178,10,103,,,37
193,3,14,172,29,157,72,,,37
193,3,14,173,53,79,41,,,37
193,3,14,174,57,90,10,,,37
193,3,14,175,41,118,172,,,37
193,3,14,176,5,91,141,,,37
193,3,14,177,142,130,110,,,37
193,3,14,178,66,163,79,,,37
193,3,14,179,163,118,48,,,37
193,3,14,180,47,116,17,,,37
193,3,14,181,104,85,179,,,37
193,3,14,182,141,146,148,,,37
193,3,14,183,158,34,117,,,37
193,3,14,184,155,63,86,,,37
193,3,14,185,132,161,55,,,37
193,3,14,186,89,63,24,,,37
193,3,14,187,26,83,186,,,37
193,3,14,188,136,149,155,,,37
193,3,14,189,33,189,124,,,37
193,3,14,190,103,131,93,,,37
193,3,14,191,153,96,62,,,37
193,3,14,192,183,12,31,,,37
193,3,179,1,126,168,25,,,168
193,3,179,2,118,186,50,,,168
193,3,179,3,169,97,75,,,168
193,3,179,4,86,137,100,,,168
193,3,179,5,62,156,125,,,168
193,3,179,6,97,4,150,,,168
193,3,179,7,191,110,175,,,168
193,3,179,8,151,131,7,,,168
193,3,179,9,170,110,32,,,168
193,3,179,10,55,90,57,,,168
193,3,179,11,192,114,82,,,168
193,3,179,12,2,32,107,,,168
193,3,179,13,64,80,132,,,168
193,3,179,14,185,108,157,,,168
193,3,179,15,172,159,182,,,168
193,3,179,16,25,83,14,,,168
193,3,179,17,130,116,39,,,168
193,3,179,18,101,108,64,,,168
193,3,179,19,131,102,89,,,168
193,3,179,20,27,141,114,,,168
193,3,179,21,175,75,139,,,168
193,3,179,22,189,140,164,,,168
193,3,179,23,69,186,189,,,168
193,3,179,24,8,63,21,,,168
193,3,179,25,6,7,46,,,168
193,3,179,26,63,61,71,,,168
193,3,179,27,179,75,96,,,168
193,3,179,28,161,92,121,,,168
193,3,179,29,9,155,146,,,168
193,3,179,30,109,114,171,,,168
193,3,179,31,75,12,3,,,168
193,3,179,32,100,85,28,,,168
193,3,179,33,184,183,53,,,168
193,3,179,34,134,156,78,,,168
193,3,179,35,143,47,103,,,168
193,3,179,36,18,92,128,,,168
193,3,179,37,145,141,153,,,168
193,3,179,38,138,44,178,,,168
193,3,179,39,190,37,10,,,168
193,3,179,40,108,163,35,,,168
193,3,179,41,85,79,60,,,168
193,3,179,42,121,21,85,,,168
193,3,179,43,23,32,110,,,168
193,3,179,44,177,155,135,,,168
193,3,179,45,4,47,160,,,168
193,3,179,46,83,137,185,,,168
193,3,179,47,28,82,17,,,168
193,3,179,48,32,118,42,,,168
193,3,179,49,95,95,67,,,168
193,3,179,50,24,56,92,,,168
193,3,179,51,12,44,117,,,168
193,3,179,52,59,102,142,,,168
193,3,179,53,165,80,167,,,168
193,3,179,54,137,21,192,,,168
193,3,179,55,168,161,24,,,168
193,3,179,56,65,157,49,,,168
193,3,179,57,21,52,74,,,168
193,3,179,58,36,82,99,,,168
193,3,179,59,110,97,124,,,168
193,3,179,60,50,140,149,,,168
193,3,179,61,49,61,174,,,168
193,3,179,62,107,96,6,,,168
193,3,179,63,31,95,31,,,168
193,3,179,64,14,101,56,,,168
193,3,179,65,56,157,81,,,168
193,3,179,66,157,113,106,,,168
193,3,179,67,124,12,131,,,168
193,3,179,68,150,90,156,,,168
193,3,179,69,42,4,181,,,168
193,3,179,70,186,183,13,,,168
193,3,179,71,3,91,38,,,168
193,3,179,72,72,157,63,,,168
193,3,179,73,7,38,88,,,168
193,3,179,74,1,163,113,,,168
193,3,179,75,54,189,138,,,168
193,3,179,76,166,159,163,,,168
193,3,179,77,144,116,188,,,168
193,3,179,78,181,103,20,,,168
193,3,179,79,84,163,45,,,168
193,3,179,80,46,146,70,,,168
193,3,179,81,67,95,95,,,168
193,3,179,82,147,53,120,,,168
193,3,179,83,93,63,145,,,168
193,3,179,84,98,168,170,,,168
193,3,179,85,162,25,2,,,168
193,3,179,86,92,63,27,,,168
193,3,179,87,81,132,52,,,168
193,3,179,88,129,82,77,,,168
193,3,179,89,43,149,102,,,168
193,3,179,90,16,183,127,,,168
193,3,179,91,48,34,152,,,168
193,3,179,92,139,131,177,,,168
193,3,179,93,96,131,9,,,168
193,3,179,94,112,77,34,,,168
193,3,179,95,187,12,59,,,168
193,3,179,96,128,172,84,,,168
193,3,179,97,128,21,109,,,168
193,3,179,98,187,181,134,,,168
193,3,179,99,112,116,159,,,168
193,3,179,100,96,62,184,,,168
193,3,179,101,139,62,16,,,168
193,3,179,102,48,159,41,,,168
193,3,179,103,16,10,66,,,168
193,3,179,104,43,44,91,,,168
193,3,179,105,129,111,116,,,168
193,3,179,106,81,61,141,,,168
193,3,179,107,92,130,166,,,168
193,3,179,108,162,168,191,,,168
193,3,179,109,98,25,23,,,168
193,3,179,110,93,130,48,,,168
193,3,179,111,147,140,73,,,168
193,3,179,112,67,98,98,,,168
193,3,179,113,46,47,123,,,168
193,3,179,114,84,30,148,,,168
193,3,179,115,181,90,173,,,168
193,3,179,116,144,77,5,,,168
193,3,179,117,166,34,30,,,168
193,3,179,118,54,4,55,,,168
193,3,179,119,1,30,80,,,168
193,3,179,120,7,155,105,,,168
193,3,179,121,72,36,130,,,168
193,3,179,122,3,102,155,,,168
193,3,179,123,186,10,180,,,168
193,3,179,124,42,189,12,,,168
193,3,179,125,150,103,37,,,168
193,3,179,126,124,181,62,,,168
193,3,179,127,157,80,87,,,168
193,3,179,128,56,36,112,,,168
193,3,179,129,14,92,137,,,168
193,3,179,130,31,98,162,,,168
193,3,179,131,107,97,187,,,168
193,3,179,132,49,132,19,,,168
193,3,179,133,50,53,44,,,168
193,3,179,134,110,96,69,,,168
193,3,179,135,36,111,94,,,168
193,3,179,136,21,141,119,,,168
193,3,179,137,65,36,144,,,168
193,3,179,138,168,32,169,,,168
193,3,179,139,137,172,1,,,168
193,3,179,140,165,113,26,,,168
193,3,179,141,59,91,51,,,168
193,3,179,142,12,149,76,,,168
193,3,179,143,24,137,101,,,168
193,3,179,144,95,98,126,,,168
193,3,179,145,32,75,151,,,168
193,3,179,146,28,111,176,,,168
193,3,179,147,83,56,8,,,168
193,3,179,148,4,146,33,,,168
193,3,179,149,177,38,58,,,168
193,3,179,150,23,161,83,,,168
193,3,179,151,121,172,108,,,168
193,3,179,152,85,114,133,,,168
193,3,179,153,108,30,158,,,168
193,3,179,154,190,156,183,,,168
193,3,179,155,138,149,15,,,168
193,3,179,156,145,52,40,,,168
193,3,179,157,18,101,65,,,168
193,3,179,158,143,146,90,,,168
193,3,179,159,134,37,115,,,168
193,3,179,160,184,10,140,,,168
193,3,179,161,100,108,165,,,168
193,3,179,162,75,181,190,,,168
193,3,179,163,109,79,22,,,168
193,3,179,164,9,38,47,,,168
193,3,179,165,161,101,72,,,168
193,3,179,166,179,118,97,,,168
193,3,179,167,63,132,122,,,168
193,3,179,168,6,186,147,,,168
193,3,179,169,8,130,172,,,168
193,3,179,170,69,7,4,,,168
193,3,179,171,189,53,29,,,168
193,3,179,172,175,118,54,,,168
193,3,179,173,27,52,79,,,168
193,3,179,174,131,91,104,,,168
193,3,179,175,101,85,129,,,168
193,3,179,176,130,77,154,,,168
193,3,179,177,25,110,179,,,168
193,3,179,178,172,34,11,,,168
193,3,179,179,185,85,36,,,168
193,3,179,180,64,113,61,,,168
193,3,179,181,2,161,86,,,168
193,3,179,182,192,79,111,,,168
193,3,179,183,55,103,136,,,168
193,3,179,184,170,83,161,,,168
193,3,179,185,151,62,186,,,168
193,3,179,186,191,83,18,,,168
193,3,179,187,97,189,43,,,168
193,3,179,188,62,37,68,,,168
193,3,179,189,86,56,93,,,168
193,3,179,190,169,96,118,,,168
193,3,179,191,118,7,143,,,168
193,3,179,192,126,25,168,,,168
229,3,71,1,185,172,84,,,177
229,3,71,2,53,2,168,,,177
229,3,71,3,62,64,23,,,177
229,3,71,4,212,16,107,,,177
229,3,71,5,45,203,191,,,177
229,3,71,6,19,54,46,,,177
229,3,71,7,134,143,130,,,177
229,3,71,8,161,128,214,,,177
229,3,71,9,100,125,69,,,177
229,3,71,10,180,21,153,,,177
229,3,71,11,172,161,8,,,177
229,3,71,12,76,203,92,,,177
229,3,71,13,121,34,176,,,177
229,3,71,14,78,228,31,,,177
229,3,71,15,176,214,115,,,177
229,3,71,16,186,108,199,,,177
229,3,71,17,108,26,54,,,177
229,3,71,18,171,84,138,,,177
229,3,71,19,146,169,222,,,177
229,3,71,20,33,168,77,,,177
229,3,71,21,61,197,161,,,177
229,3,71,22,1,143,16,,,177
229,3,71,23,82,122,100,,,177
229,3,71,24,75,21,184,,,177
229,3,71,25,209,185,39,,,177
229,3,71,26,26,43,123,,,177
229,3,71,27,213,169,207,,,177
229,3,71,28,83,221,62,,,177
229,3,71,29,94,86,146,,,177
229,3,71,30,17,109,1,,,177
229,3,71,31,81,177,85,,,177
229,3,71,32,57,177,169,,,177
229,3,71,33,174,225,24,,,177
229,3,71,34,203,208,108,,,177
229,3,71,35,144,13,192,,,177
229,3,71,36,226,214,47,,,177
229,3,71,37,220,11,131,,,177
229,3,71,38,126,207,215,,,177
229,3,71,39,173,2,70,,,177
229,3,71,40,132,199,154,,,177
229,3,71,41,3,227,9,,,177
229,3,71,42,15,202,93,,,177
229,3,71,43,168,11,177,,,177
229,3,71,44,4,228,32,,,177
229,3,71,45,210,53,116,,,177
229,3,71,46,99,60,200,,,177
229,3,71,47,129,136,55,,,177
229,3,71,48,71,168,139,,,177
229,3,71,49,154,43,223,,,177
229,3,71,50,149,106,78,,,177
229,3,71,51,56,15,162,,,177
229,3,71,52,104,115,17,,,177
229,3,71,53,64,64,101,,,177
229,3,71,54,165,207,185,,,177
229,3,71,55,178,202,40,,,177
229,3,71,56,103,165,124,,,177
229,3,71,57,169,212,208,,,177
229,3,71,58,147,1,63,,,177
229,3,71,59,37,106,147,,,177
229,3,71,60,68,185,2,,,177
229,3,71,61,11,125,86,,,177
229,3,71,62,95,42,170,,,177
229,3,71,63,91,52,25,,,177
229,3,71,64,228,42,109,,,177
229,3,71,65,48,128,193,,,177
229,3,71,66,9,197,48,,,177
229,3,71,67,111,136,132,,,177
229,3,71,68,125,61,216,,,177
229,3,71,69,51,88,71,,,177
229,3,71,70,118,104,155,,,177
229,3,71,71,97,225,10,,,177
229,3,71,72,217,109,94,,,177
229,3,71,73,20,101,178,,,177
229,3,71,74,193,88,33,,,177
229,3,71,75,49,186,117,,,177
229,3,71,76,46,53,201,,,177
229,3,71,77,184,34,56,,,177
229,3,71,78,5,16,140,,,177
229,3,71,79,196,115,224,,,177
229,3,71,80,70,218,79,,,177
229,3,71,81,85,212,163,,,177
229,3,71,82,12,213,18,,,177
229,3,71,83,80,108,102,,,177
229,3,71,84,60,13,186,,,177
229,3,71,85,181,44,41,,,177
229,3,71,86,214,88,125,,,177
229,3,71,87,159,32,209,,,177
229,3,71,88,16,221,64,,,177
229,3,71,89,14,84,148,,,177
229,3,71,90,153,195,3,,,177
229,3,71,91,204,212,87,,,177
229,3,71,92,167,22,171,,,177
229,3,71,93,42,199,26,,,177
229,3,71,94,58,172,110,,,177
229,3,71,95,215,57,194,,,177
229,3,71,96,55,199,49,,,177
229,3,71,97,36,27,133,,,177
229,3,71,98,158,115,217,,,177
229,3,71,99,192,121,72,,,177
229,3,71,100,138,161,156,,,177
229,3,71,101,225,122,11,,,177
229,3,71,102,224,120,95,,,177
229,3,71,103,135,42,179,,,177
229,3,71,104,187,4,34,,,177
229,3,71,105,151,122,118,,,177
229,3,71,106,27,54,202,,,177
229,3,71,107,44,145,57,,,177
229,3,71,108,202,53,141,,,177
229,3,71,109,43,123,225,,,177
229,3,71,110,25,13,80,,,177
229,3,71,111,148,68,164,,,177
229,3,71,112,183,175,19,,,177
229,3,71,113,130,221,103,,,177
229,3,71,114,218,93,187,,,177
229,3,71,115,218,136,42,,,177
229,3,71,116,130,8,126,,,177
229,3,71,117,183,54,210,,,177
229,3,71,118,148,161,65,,,177
229,3,71,119,25,216,149,,,177
229,3,71,120,43,106,4,,,177
229,3,71,121,202,176,88,,,177
229,3,71,122,44,84,172,,,177
229,3,71,123,27,175,27,,,177
229,3,71,124,151,107,111,,,177
229,3,71,125,187,225,195,,,177
229,3,71,126,135,187,50,,,177
229,3,71,127,224,109,134,,,177
229,3,71,128,225,107,218,,,177
229,3,71,129,138,68,73,,,177
229,3,71,130,192,108,157,,,177
229,3,71,131,158,114,12,,,177
229,3,71,132,36,202,96,,,177
229,3,71,133,55,30,180,,,177
229,3,71,134,215,172,35,,,177
229,3,71,135,58,57,119,,,177
229,3,71,136,42,30,203,,,177
229,3,71,137,167,207,58,,,177
229,3,71,138,204,17,142,,,177
229,3,71,139,153,34,226,,,177
229,3,71,140,14,145,81,,,177
229,3,71,141,16,8,165,,,177
229,3,71,142,159,197,20,,,177
229,3,71,143,214,141,104,,,177
229,3,71,144,181,185,188,,,177
229,3,71,145,60,216,43,,,177
229,3,71,146,80,121,127,,,177
229,3,71,147,12,16,211,,,177
229,3,71,148,85,17,66,,,177
229,3,71,149,70,11,150,,,177
229,3,71,150,196,114,5,,,177
229,3,71,151,5,213,89,,,177
229,3,71,152,184,195,173,,,177
229,3,71,153,46,176,28,,,177
229,3,71,154,49,43,112,,,177
229,3,71,155,193,141,196,,,177
229,3,71,156,20,128,51,,,177
229,3,71,157,217,120,135,,,177
229,3,71,158,97,4,219,,,177
229,3,71,159,118,125,74,,,177
229,3,71,160,51,141,158,,,177
229,3,71,161,125,168,13,,,177
229,3,71,162,111,93,97,,,177
229,3,71,163,9,32,181,,,177
229,3,71,164,48,101,36,,,177
229,3,71,165,228,187,120,,,177
229,3,71,166,91,177,204,,,177
229,3,71,167,95,187,59,,,177
229,3,71,168,11,104,143,,,177
229,3,71,169,68,44,227,,,177
229,3,71,170,37,123,82,,,177
229,3,71,171,147,228,166,,,177
229,3,71,172,169,17,21,,,177
229,3,71,173,103,64,105,,,177
229,3,71,174,178,27,189,,,177
229,3,71,175,165,22,44,,,177
229,3,71,176,64,165,128,,,177
229,3,71,177,104,114,212,,,177
229,3,71,178,56,214,67,,,177
229,3,71,179,149,123,151,,,177
229,3,71,180,154,186,6,,,177
229,3,71,181,71,61,90,,,177
229,3,71,182,129,93,174,,,177
229,3,71,183,99,169,29,,,177
229,3,71,184,210,176,113,,,177
229,3,71,185,4,1,197,,,177
229,3,71,186,168,218,52,,,177
229,3,71,187,15,27,136,,,177
229,3,71,188,3,2,220,,,177
229,3,71,189,132,30,75,,,177
229,3,71,190,173,227,159,,,177
229,3,71,191,126,22,14,,,177
229,3,71,192,220,218,98,,,177
229,3,71,193,226,15,182,,,177
229,3,71,194,144,216,37,,,177
229,3,71,195,203,21,121,,,177
229,3,71,196,174,4,205,,,177
229,3,71,197,57,52,60,,,177
229,3,71,198,81,52,144,,,177
229,3,71,199,17,120,228,,,177
229,3,71,200,94,143,83,,,177
229,3,71,201,83,8,167,,,177
229,3,71,202,213,60,22,,,177
229,3,71,203,26,186,106,,,177
229,3,71,204,209,44,190,,,177
229,3,71,205,75,208,45,,,177
229,3,71,206,82,107,129,,,177
229,3,71,207,1,86,213,,,177
229,3,71,208,61,32,68,,,177
229,3,71,209,33,61,152,,,177
229,3,71,210,146,60,7,,,177
229,3,71,211,171,145,91,,,177
229,3,71,212,108,203,175,,,177
229,3,71,213,186,121,30,,,177
229,3,71,214,176,15,114,,,177
229,3,71,215,78,1,198,,,177
229,3,71,216,121,195,53,,,177
229,3,71,217,76,26,137,,,177
229,3,71,218,172,68,221,,,177
229,3,71,219,180,208,76,,,177
229,3,71,220,100,104,160,,,177
229,3,71,221,161,101,15,,,177
229,3,71,222,134,86,99,,,177
229,3,71,223,19,175,183,,,177
229,3,71,224,45,26,38,,,177
229,3,71,225,212,213,122,,,177
229,3,71,226,62,165,206,,,177
229,3,71,227,53,227,61,,,177
229,3,71,228,185,57,145,,,177
229,3,158,1,3,43,139,,,2
229,3,158,2,12,115,49,,,2
229,3,158,3,27,16,188,,,2
229,3,158,4,48,4,98,,,2
229,3,158,5,75,108,8,,,2
229,3,158,6,108,128,147,,,2
229,3,158,7,147,93,57,,,2
229,3,158,8,192,32,196,,,2
229,3,158,9,14,203,106,,,2
229,3,158,10,71,177,16,,,2
229,3,158,11,134,212,155,,,2
229,3,158,12,203,108,65,,,2
229,3,158,13,49,123,204,,,2
229,3,158,14,130,57,114,,,2
229,3,158,15,217,168,24,,,2
229,3,158,16,81,27,163,,,2
229,3,158,17,180,121,73,,,2
229,3,158,18,56,21,212,,,2
229,3,158,19,167,214,122,,,2
229,3,158,20,55,42,32,,,2
229,3,158,21,178,221,171,,,2
229,3,158,22,78,93,81,,,2
229,3,158,23,213,145,220,,,2
229,3,158,24,125,177,130,,,2
229,3,158,25,43,218,40,,,2
229,3,158,26,196,68,179,,,2
229,3,158,27,126,214,89,,,2
229,3,158,28,62,227,228,,,2
229,3,158,29,4,136,138,,,2
229,3,158,30,181,199,48,,,2
229,3,158,31,135,216,187,,,2
229,3,158,32,95,216,97,,,2
229,3,158,33,61,228,7,,,2
229,3,158,34,33,52,146,,,2
229,3,158,35,11,175,56,,,2
229,3,158,36,224,168,195,,,2
229,3,158,37,214,60,105,,,2
229,3,158,38,210,109,15,,,2
229,3,158,39,212,115,154,,,2
229,3,158,40,220,107,64,,,2
229,3,158,41,5,114,203,,,2
229,3,158,42,25,165,113,,,2
229,3,158,43,51,60,23,,,2
229,3,158,44,83,57,162,,,2
229,3,158,45,121,185,72,,,2
229,3,158,46,165,15,211,,,2
229,3,158,47,215,34,121,,,2
229,3,158,48,42,42,31,,,2
229,3,158,49,104,68,170,,,2
229,3,158,50,172,141,80,,,2
229,3,158,51,17,61,219,,,2
229,3,158,52,97,86,129,,,2
229,3,158,53,183,16,39,,,2
229,3,158,54,46,109,178,,,2
229,3,158,55,144,165,88,,,2
229,3,158,56,19,213,227,,,2
229,3,158,57,129,53,137,,,2
229,3,158,58,16,172,47,,,2
229,3,158,59,138,141,186,,,2
229,3,158,60,37,218,96,,,2
229,3,158,61,171,203,6,,,2
229,3,158,62,82,125,145,,,2
229,3,158,63,228,13,55,,,2
229,3,158,64,151,125,194,,,2
229,3,158,65,80,32,104,,,2
229,3,158,66,15,221,14,,,2
229,3,158,67,185,34,153,,,2
229,3,158,68,132,187,63,,,2
229,3,158,69,85,22,202,,,2
229,3,158,70,44,26,112,,,2
229,3,158,71,9,228,22,,,2
229,3,158,72,209,199,161,,,2
229,3,158,73,186,197,71,,,2
229,3,158,74,169,22,210,,,2
229,3,158,75,158,161,120,,,2
229,3,158,76,153,185,30,,,2
229,3,158,77,154,123,169,,,2
229,3,158,78,161,4,79,,,2
229,3,158,79,174,86,218,,,2
229,3,158,80,193,169,128,,,2
229,3,158,81,218,53,38,,,2
229,3,158,82,20,225,177,,,2
229,3,158,83,57,27,87,,,2
229,3,158,84,100,175,226,,,2
229,3,158,85,149,11,136,,,2
229,3,158,86,204,22,46,,,2
229,3,158,87,36,8,185,,,2
229,3,158,88,103,227,95,,,2
229,3,158,89,176,21,5,,,2
229,3,158,90,26,106,144,,,2
229,3,158,91,111,53,54,,,2
229,3,158,92,202,120,193,,,2
229,3,158,93,70,107,103,,,2
229,3,158,94,173,43,13,,,2
229,3,158,95,53,186,152,,,2
229,3,158,96,168,107,62,,,2
229,3,158,97,60,64,201,,,2
229,3,158,98,187,86,111,,,2
229,3,158,99,91,202,21,,,2
229,3,158,100,1,212,160,,,2
229,3,158,101,146,145,70,,,2
229,3,158,102,68,30,209,,,2
229,3,158,103,225,125,119,,,2
229,3,158,104,159,1,29,,,2
229,3,158,105,99,145,168,,,2
229,3,158,106,45,128,78,,,2
229,3,158,107,226,208,217,,,2
229,3,158,108,184,185,127,,,2
229,3,158,109,148,88,37,,,2
229,3,158,110,118,175,176,,,2
229,3,158,111,94,17,86,,,2
229,3,158,112,76,101,225,,,2
229,3,158,113,64,227,135,,,2
229,3,158,114,58,195,45,,,2
229,3,158,115,58,34,184,,,2
229,3,158,116,64,2,94,,,2
229,3,158,117,76,128,4,,,2
229,3,158,118,94,212,143,,,2
229,3,158,119,118,54,53,,,2
229,3,158,120,148,141,192,,,2
229,3,158,121,184,44,102,,,2
229,3,158,122,226,21,12,,,2
229,3,158,123,45,101,151,,,2
229,3,158,124,99,84,61,,,2
229,3,158,125,159,228,200,,,2
229,3,158,126,225,104,110,,,2
229,3,158,127,68,199,20,,,2
229,3,158,128,146,84,159,,,2
229,3,158,129,1,17,69,,,2
229,3,158,130,91,27,208,,,2
229,3,158,131,187,143,118,,,2
229,3,158,132,60,165,28,,,2
229,3,158,133,168,122,167,,,2
229,3,158,134,53,43,77,,,2
229,3,158,135,173,186,216,,,2
229,3,158,136,70,122,126,,,2
229,3,158,137,202,109,36,,,2
229,3,158,138,111,176,175,,,2
229,3,158,139,26,123,85,,,2
229,3,158,140,176,208,224,,,2
229,3,158,141,103,2,134,,,2
229,3,158,142,36,221,44,,,2
229,3,158,143,204,207,183,,,2
229,3,158,144,149,218,93,,,2
229,3,158,145,100,54,3,,,2
229,3,158,146,57,202,142,,,2
229,3,158,147,20,4,52,,,2
229,3,158,148,218,176,191,,,2
229,3,158,149,193,60,101,,,2
229,3,158,150,174,143,11,,,2
229,3,158,151,161,225,150,,,2
229,3,158,152,154,106,60,,,2
229,3,158,153,153,44,199,,,2
229,3,158,154,158,68,109,,,2
229,3,158,155,169,207,19,,,2
229,3,158,156,186,32,158,,,2
229,3,158,157,209,30,68,,,2
229,3,158,158,9,1,207,,,2
229,3,158,159,44,203,117,,,2
229,3,158,160,85,207,27,,,2
229,3,158,161,132,42,166,,,2
229,3,158,162,185,195,76,,,2
229,3,158,163,15,8,215,,,2
229,3,158,164,80,197,125,,,2
229,3,158,165,151,104,35,,,2
229,3,158,166,228,216,174,,,2
229,3,158,167,82,104,84,,,2
229,3,158,168,171,26,223,,,2
229,3,158,169,37,11,133,,,2
229,3,158,170,138,88,43,,,2
229,3,158,171,16,57,182,,,2
229,3,158,172,129,176,92,,,2
229,3,158,173,19,16,2,,,2
229,3,158,174,144,64,141,,,2
229,3,158,175,46,120,51,,,2
229,3,158,176,183,213,190,,,2
229,3,158,177,97,143,100,,,2
229,3,158,178,17,168,10,,,2
229,3,158,179,172,88,149,,,2
229,3,158,180,104,161,59,,,2
229,3,158,181,42,187,198,,,2
229,3,158,182,215,195,108,,,2
229,3,158,183,165,214,18,,,2
229,3,158,184,121,44,157,,,2
229,3,158,185,83,172,67,,,2
229,3,158,186,51,169,206,,,2
229,3,158,187,25,64,116,,,2
229,3,158,188,5,115,26,,,2
229,3,158,189,220,122,165,,,2
229,3,158,190,212,114,75,,,2
229,3,158,191,210,120,214,,,2
229,3,158,192,214,169,124,,,2
229,3,158,193,224,61,34,,,2
229,3,158,194,11,54,173,,,2
229,3,158,195,33,177,83,,,2
229,3,158,196,61,1,222,,,2
229,3,158,197,95,13,132,,,2
229,3,158,198,135,13,42,,,2
229,3,158,199,181,30,181,,,2
229,3,158,200,4,93,91,,,2
229,3,158,201,62,2,1,,,2
229,3,158,202,126,15,140,,,2
229,3,158,203,196,161,50,,,2
229,3,158,204,43,11,189,,,2
229,3,158,205,125,52,99,,,2
229,3,158,206,213,84,9,,,2
229,3,158,207,78,136,148,,,2
229,3,158,208,178,8,58,,,2
229,3,158,209,55,187,197,,,2
229,3,158,210,167,15,107,,,2
229,3,158,211,56,208,17,,,2
229,3,158,212,180,108,156,,,2
229,3,158,213,81,202,66,,,2
229,3,158,214,217,61,205,,,2
229,3,158,215,130,172,115,,,2
229,3,158,216,49,106,25,,,2
229,3,158,217,203,121,164,,,2
229,3,158,218,134,17,74,,,2
229,3,158,219,71,52,213,,,2
229,3,158,220,14,26,123,,,2
229,3,158,221,192,197,33,,,2
229,3,158,222,147,136,172,,,2
229,3,158,223,108,101,82,,,2
229,3,158,224,75,121,221,,,2
229,3,158,225,48,225,131,,,2
229,3,158,226,27,213,41,,,2
229,3,158,227,12,114,180,,,2
229,3,158,228,3,186,90,,,2
233,2,85,1,168,153,60,,,66
233,2,85,2,206,59,120,,,66
233,2,85,3,114,170,180,,,66
233,2,85,4,125,6,7,,,66
233,2,85,5,6,19,67,,,66
233,2,85,6,223,195,127,,,66
233,2,85,7,77,54,187,,,66
233,2,85,8,34,48,14,,,66
233,2,85,9,94,163,74,,,66
233,2,85,10,24,152,134,,,66
233,2,85,11,57,1,194,,,66
233,2,85,12,193,162,21,,,66
233,2,85,13,199,155,81,,,66
233,2,85,14,75,199,141,,,66
233,2,85,15,54,47,201,,,66
233,2,85,16,136,151,28,,,66
233,2,85,17,88,31,88,,,66
233,2,85,18,143,139,148,,,66
233,2,85,19,68,228,208,,,66
233,2,85,20,96,51,35,,,66
233,2,85,21,227,60,95,,,66
233,2,85,22,228,8,155,,,66
233,2,85,23,99,114,215,,,66
233,2,85,24,73,131,42,,,66
233,2,85,25,150,45,102,,,66
233,2,85,26,97,75,162,,,66
233,2,85,27,147,207,222,,,66
233,2,85,28,67,194,49,,,66
233,2,85,29,90,22,109,,,66
233,2,85,30,216,143,169,,,66
233,2,85,31,212,77,229,,,66
233,2,85,32,78,43,56,,,66
233,2,85,33,47,27,116,,,66
233,2,85,34,119,15,176,,,66
233,2,85,35,61,226,3,,,66
233,2,85,36,106,180,63,,,66
233,2,85,37,21,96,123,,,66
233,2,85,38,39,193,183,,,66
233,2,85,39,160,224,10,,,66
233,2,85,40,151,175,70,,,66
233,2,85,41,12,32,130,,,66
233,2,85,42,209,14,190,,,66
233,2,85,43,43,107,17,,,66
233,2,85,44,213,64,77,,,66
233,2,85,45,20,104,137,,,66
233,2,85,46,163,213,197,,,66
233,2,85,47,176,144,24,,,66
233,2,85,48,59,116,84,,,66
233,2,85,49,45,115,144,,,66
233,2,85,50,134,127,204,,,66
233,2,85,51,93,138,31,,,66
233,2,85,52,155,134,91,,,66
233,2,85,53,87,101,151,,,66
233,2,85,54,122,25,211,,,66
233,2,85,55,27,125,38,,,66
233,2,85,56,35,154,98,,,66
233,2,85,57,146,98,158,,,66
233,2,85,58,127,176,218,,,66
233,2,85,59,211,141,45,,,66
233,2,85,60,165,212,105,,,66
233,2,85,61,222,142,165,,,66
233,2,85,62,149,150,225,,,66
233,2,85,63,179,222,52,,,66
233,2,85,64,79,111,112,,,66
233,2,85,65,82,36,172,,,66
233,2,85,66,188,216,232,,,66
233,2,85,67,164,171,59,,,66
233,2,85,68,10,120,119,,,66
233,2,85,69,192,49,179,,,66
233,2,85,70,11,177,6,,,66
233,2,85,71,166,24,66,,,66
233,2,85,72,191,42,126,,,66
233,2,85,73,86,217,186,,,66
233,2,85,74,84,69,13,,,66
233,2,85,75,185,50,73,,,66
233,2,85,76,156,146,133,,,66
233,2,85,77,230,110,193,,,66
233,2,85,78,174,161,20,,,66
233,2,85,79,221,52,80,,,66
233,2,85,80,138,2,140,,,66
233,2,85,81,158,230,200,,,66
233,2,85,82,48,23,27,,,66
233,2,85,83,41,66,87,,,66
233,2,85,84,137,112,147,,,66
233,2,85,85,103,147,207,,,66
233,2,85,86,172,157,34,,,66
233,2,85,87,111,128,94,,,66
233,2,85,88,153,46,154,,,66
233,2,85,89,65,130,214,,,66
233,2,85,90,80,133,41,,,66
233,2,85,91,198,41,101,,,66
233,2,85,92,186,73,161,,,66
233,2,85,93,44,215,221,,,66
233,2,85,94,5,220,48,,,66
233,2,85,95,69,74,108,,,66
233,2,85,96,3,229,168,,,66
233,2,85,97,40,205,228,,,66
233,2,85,98,180,221,55,,,66
233,2,85,99,190,30,115,,,66
233,2,85,100,70,84,175,,,66
233,2,85,101,53,136,2,,,66
233,2,85,102,139,172,62,,,66
233,2,85,103,95,178,122,,,66
233,2,85,104,154,140,182,,,66
233,2,85,105,83,44,9,,,66
233,2,85,106,115,109,69,,,66
233,2,85,107,17,88,129,,,66
233,2,85,108,22,200,189,,,66
233,2,85,109,130,198,16,,,66
233,2,85,110,108,68,76,,,66
233,2,85,111,189,29,136,,,66
233,2,85,112,140,67,196,,,66
233,2,85,113,194,168,23,,,66
233,2,85,114,118,85,83,,,66
233,2,85,115,145,37,143,,,66
233,2,85,116,42,10,203,,,66
233,2,85,117,42,223,30,,,66
233,2,85,118,145,196,90,,,66
233,2,85,119,118,148,150,,,66
233,2,85,120,194,65,210,,,66
233,2,85,121,140,166,37,,,66
233,2,85,122,189,204,97,,,66
233,2,85,123,108,165,157,,,66
233,2,85,124,130,35,217,,,66
233,2,85,125,22,33,44,,,66
233,2,85,126,17,145,104,,,66
233,2,85,127,115,124,164,,,66
233,2,85,128,83,189,224,,,66
233,2,85,129,154,93,51,,,66
233,2,85,130,95,55,111,,,66
233,2,85,131,139,61,171,,,66
233,2,85,132,53,97,231,,,66
233,2,85,133,70,149,58,,,66
233,2,85,134,190,203,118,,,66
233,2,85,135,180,12,178,,,66
233,2,85,136,40,28,5,,,66
233,2,85,137,3,4,65,,,66
233,2,85,138,69,159,125,,,66
233,2,85,139,5,13,185,,,66
233,2,85,140,44,18,12,,,66
233,2,85,141,186,160,72,,,66
233,2,85,142,198,192,132,,,66
233,2,85,143,80,100,192,,,66
233,2,85,144,65,103,19,,,66
233,2,85,145,153,187,79,,,66
233,2,85,146,111,105,139,,,66
233,2,85,147,172,76,199,,,66
233,2,85,148,103,86,26,,,66
233,2,85,149,137,121,86,,,66
233,2,85,150,41,167,146,,,66
233,2,85,151,48,210,206,,,66
233,2,85,152,158,3,33,,,66
233,2,85,153,138,231,93,,,66
233,2,85,154,221,181,153,,,66
233,2,85,155,174,72,213,,,66
233,2,85,156,230,123,40,,,66
233,2,85,157,156,87,100,,,66
233,2,85,158,185,183,160,,,66
233,2,85,159,84,164,220,,,66
233,2,85,160,86,16,47,,,66
233,2,85,161,191,191,107,,,66
233,2,85,162,166,209,167,,,66
233,2,85,163,11,56,227,,,66
233,2,85,164,192,184,54,,,66
233,2,85,165,10,113,114,,,66
233,2,85,166,164,62,174,,,66
233,2,85,167,188,17,1,,,66
233,2,85,168,82,197,61,,,66
233,2,85,169,79,122,121,,,66
233,2,85,170,179,11,181,,,66
233,2,85,171,149,83,8,,,66
233,2,85,172,222,91,68,,,66
233,2,85,173,165,21,128,,,66
233,2,85,174,211,92,188,,,66
233,2,85,175,127,57,15,,,66
233,2,85,176,146,135,75,,,66
233,2,85,177,35,79,135,,,66
233,2,85,178,27,108,195,,,66
233,2,85,179,122,208,22,,,66
233,2,85,180,87,132,82,,,66
233,2,85,181,155,99,142,,,66
233,2,85,182,93,95,202,,,66
233,2,85,183,134,106,29,,,66
233,2,85,184,45,118,89,,,66
233,2,85,185,59,117,149,,,66
233,2,85,186,176,89,209,,,66
233,2,85,187,163,20,36,,,66
233,2,85,188,20,129,96,,,66
233,2,85,189,213,169,156,,,66
233,2,85,190,43,126,216,,,66
233,2,85,191,209,219,43,,,66
233,2,85,192,12,201,103,,,66
233,2,85,193,151,58,163,,,66
233,2,85,194,160,9,223,,,66
233,2,85,195,39,40,50,,,66
233,2,85,196,21,137,110,,,66
233,2,85,197,106,53,170,,,66
233,2,85,198,61,7,230,,,66
233,2,85,199,119,218,57,,,66
233,2,85,200,47,206,117,,,66
233,2,85,201,78,190,177,,,66
233,2,85,202,212,156,4,,,66
233,2,85,203,216,90,64,,,66
233,2,85,204,90,211,124,,,66
233,2,85,205,67,39,184,,,66
233,2,85,206,147,26,11,,,66
233,2,85,207,97,158,71,,,66
233,2,85,208,150,188,131,,,66
233,2,85,209,73,102,191,,,66
233,2,85,210,99,119,18,,,66
233,2,85,211,228,225,78,,,66
233,2,85,212,227,173,138,,,66
233,2,85,213,96,182,198,,,66
233,2,85,214,68,5,25,,,66
233,2,85,215,143,94,85,,,66
233,2,85,216,88,202,145,,,66
233,2,85,217,136,82,205,,,66
233,2,85,218,54,186,32,,,66
233,2,85,219,75,34,92,,,66
233,2,85,220,199,78,152,,,66
233,2,85,221,193,71,212,,,66
233,2,85,222,57,232,39,,,66
233,2,85,223,24,81,99,,,66
233,2,85,224,94,70,159,,,66
233,2,85,225,34,185,219,,,66
233,2,85,226,77,179,46,,,66
233,2,85,227,223,38,106,,,66
233,2,85,228,6,214,166,,,66
233,2,85,229,125,227,226,,,66
233,2,85,230,114,63,53,,,66
233,2,85,231,206,174,113,,,66
233,2,85,232,168,80,173,,,66
233,2,148,1,116,88,167,,,122
233,2,148,2,231,5,101,,,122
233,2,148,3,112,46,35,,,122
233,2,148,4,225,40,202,,,122
233,2,148,5,104,49,136,,,122
233,2,148,6,215,135,70,,,122
233,2,148,7,92,127,4,,,122
233,2,148,8,201,87,171,,,122
233,2,148,9,76,77,105,,,122
233,2,148,10,183,159,39,,,122
233,2,148,11,56,162,206,,,122
233,2,148,12,161,148,140,,,122
233,2,148,13,32,179,74,,,122
233,2,148,14,135,84,8,,,122
233,2,148,15,4,158,175,,,122
233,2,148,16,105,230,109,,,122
233,2,148,17,205,129,43,,,122
233,2,148,18,71,150,210,,,122
233,2,148,19,169,122,144,,,122
233,2,148,20,33,107,78,,,122
233,2,148,21,129,167,12,,,122
233,2,148,22,224,131,179,,,122
233,2,148,23,85,61,113,,,122
233,2,148,24,178,19,47,,,122
233,2,148,25,37,67,214,,,122
233,2,148,26,128,34,148,,,122
233,2,148,27,218,215,82,,,122
233,2,148,28,74,206,16,,,122
233,2,148,29,162,69,183,,,122
233,2,148,30,16,99,117,,,122
233,2,148,31,102,125,51,,,122
233,2,148,32,187,209,218,,,122
233,2,148,33,38,180,152,,,122
233,2,148,34,121,100,86,,,122
233,2,148,35,203,31,20,,,122
233,2,148,36,51,35,187,,,122
233,2,148,37,131,174,121,,,122
233,2,148,38,210,44,55,,,122
233,2,148,39,55,173,222,,,122
233,2,148,40,132,157,156,,,122
233,2,148,41,208,58,90,,,122
233,2,148,42,50,171,24,,,122
233,2,148,43,124,92,191,,,122
233,2,148,44,197,116,125,,,122
233,2,148,45,36,72,59,,,122
233,2,148,46,107,22,226,,,122
233,2,148,47,177,28,160,,,122
233,2,148,48,13,152,94,,,122
233,2,148,49,81,223,28,,,122
233,2,148,50,148,70,195,,,122
233,2,148,51,214,221,129,,,122
233,2,148,52,46,39,63,,,122
233,2,148,53,110,52,230,,,122
233,2,148,54,173,89,164,,,122
233,2,148,55,2,212,98,,,122
233,2,148,56,63,17,32,,,122
233,2,148,57,123,32,199,,,122
233,2,148,58,182,86,133,,,122
233,2,148,59,7,8,67,,,122
233,2,148,60,64,93,1,,,122
233,2,148,61,120,170,168,,,122
233,2,148,62,175,68,102,,,122
233,2,148,63,229,82,36,,,122
233,2,148,64,49,41,203,,,122
233,2,148,65,101,7,137,,,122
233,2,148,66,152,42,71,,,122
233,2,148,67,202,208,5,,,122
233,2,148,68,18,101,172,,,122
233,2,148,69,66,16,106,,,122
233,2,148,70,113,15,40,,,122
233,2,148,71,159,160,207,,,122
233,2,148,72,204,47,141,,,122
233,2,148,73,15,204,75,,,122
233,2,148,74,58,227,9,,,122
233,2,148,75,100,178,176,,,122
233,2,148,76,141,119,110,,,122
233,2,148,77,181,112,44,,,122
233,2,148,78,220,219,211,,,122
233,2,148,79,25,36,145,,,122
233,2,148,80,62,91,79,,,122
233,2,148,81,98,213,13,,,122
233,2,148,82,133,231,180,,,122
233,2,148,83,167,207,114,,,122
233,2,148,84,200,203,48,,,122
233,2,148,85,232,48,215,,,122
233,2,148,86,30,37,149,,,122
233,2,148,87,60,232,83,,,122
233,2,148,88,89,229,17,,,122
233,2,148,89,117,90,184,,,122
233,2,148,90,144,110,118,,,122
233,2,148,91,170,118,52,,,122
233,2,148,92,195,176,219,,,122
233,2,148,93,219,113,153,,,122
233,2,148,94,9,224,87,,,122
233,2,148,95,31,105,21,,,122
233,2,148,96,52,51,188,,,122
233,2,148,97,72,124,122,,,122
233,2,148,98,91,153,56,,,122
233,2,148,99,109,200,223,,,122
233,2,148,100,126,94,157,,,122
233,2,148,101,142,130,91,,,122
233,2,148,102,157,137,25,,,122
233,2,148,103,171,177,192,,,122
233,2,148,104,184,79,126,,,122
233,2,148,105,196,138,60,,,122
233,2,148,106,207,183,227,,,122
233,2,148,107,217,43,161,,,122
233,2,148,108,226,13,95,,,122
233,2,148,109,1,155,29,,,122
233,2,148,110,8,65,196,,,122
233,2,148,111,14,38,130,,,122
233,2,148,112,19,136,64,,,122
233,2,148,113,23,188,231,,,122
233,2,148,114,26,23,165,,,122
233,2,148,115,28,169,99,,,122
233,2,148,116,29,222,33,,,122
233,2,148,117,29,11,200,,,122
233,2,148,118,28,64,134,,,122
233,2,148,119,26,210,68,,,122
233,2,148,120,23,45,2,,,122
233,2,148,121,19,97,169,,,122
233,2,148,122,14,195,103,,,122
233,2,148,123,8,168,37,,,122
233,2,148,124,1,78,204,,,122
233,2,148,125,226,220,138,,,122
233,2,148,126,217,190,72,,,122
233,2,148,127,207,50,6,,,122
233,2,148,128,196,95,173,,,122
233,2,148,129,184,154,107,,,122
233,2,148,130,171,56,41,,,122
233,2,148,131,157,96,208,,,122
233,2,148,132,142,103,142,,,122
233,2,148,133,126,139,76,,,122
233,2,148,134,109,33,10,,,122
233,2,148,135,91,80,177,,,122
233,2,148,136,72,109,111,,,122
233,2,148,137,52,182,45,,,122
233,2,148,138,31,128,212,,,122
233,2,148,139,9,9,146,,,122
233,2,148,140,219,120,80,,,122
233,2,148,141,195,57,14,,,122
233,2,148,142,170,115,181,,,122
233,2,148,143,144,123,115,,,122
233,2,148,144,117,143,49,,,122
233,2,148,145,89,4,216,,,122
233,2,148,146,60,1,150,,,122
233,2,148,147,30,196,84,,,122
233,2,148,148,232,185,18,,,122
233,2,148,149,200,30,185,,,122
233,2,148,150,167,26,119,,,122
233,2,148,151,133,2,53,,,122
233,2,148,152,98,20,220,,,122
233,2,148,153,62,142,154,,,122
233,2,148,154,25,197,88,,,122
233,2,148,155,220,14,22,,,122
233,2,148,156,181,121,189,,,122
233,2,148,157,141,114,123,,,122
233,2,148,158,100,55,57,,,122
233,2,148,159,58,6,224,,,122
233,2,148,160,15,29,158,,,122
233,2,148,161,204,186,92,,,122
233,2,148,162,159,73,26,,,122
233,2,148,163,113,218,193,,,122
233,2,148,164,66,217,127,,,122
233,2,148,165,18,132,61,,,122
233,2,148,166,202,25,228,,,122
233,2,148,167,152,191,162,,,122
233,2,148,168,101,226,96,,,122
233,2,148,169,49,192,30,,,122
233,2,148,170,229,151,197,,,122
233,2,148,171,175,165,131,,,122
233,2,148,172,120,63,65,,,122
233,2,148,173,64,140,232,,,122
233,2,148,174,7,225,166,,,122
233,2,148,175,182,147,100,,,122
233,2,148,176,123,201,34,,,122
233,2,148,177,63,216,201,,,122
233,2,148,178,2,21,135,,,122
233,2,148,179,173,144,69,,,122
233,2,148,180,110,181,3,,,122
233,2,148,181,46,194,170,,,122
233,2,148,182,214,12,104,,,122
233,2,148,183,148,163,38,,,122
233,2,148,184,81,10,205,,,122
233,2,148,185,13,81,139,,,122
233,2,148,186,177,205,73,,,122
233,2,148,187,107,211,7,,,122
233,2,148,188,36,161,174,,,122
233,2,148,189,197,117,108,,,122
233,2,148,190,124,141,42,,,122
233,2,148,191,50,62,209,,,122
233,2,148,192,208,175,143,,,122
233,2,148,193,132,76,77,,,122
233,2,148,194,55,60,11,,,122
233,2,148,195,210,189,178,,,122
233,2,148,196,131,59,112,,,122
233,2,148,197,51,198,46,,,122
233,2,148,198,203,202,213,,,122
233,2,148,199,121,133,147,,,122
233,2,148,200,38,53,81,,,122
233,2,148,201,187,24,15,,,122
233,2,148,202,102,108,182,,,122
233,2,148,203,16,134,116,,,122
233,2,148,204,162,164,50,,,122
233,2,148,205,74,27,217,,,122
233,2,148,206,218,18,151,,,122
233,2,148,207,128,199,85,,,122
233,2,148,208,37,166,19,,,122
233,2,148,209,178,214,186,,,122
233,2,148,210,85,172,120,,,122
233,2,148,211,224,102,54,,,122
233,2,148,212,129,66,221,,,122
233,2,148,213,33,126,155,,,122
233,2,148,214,169,111,89,,,122
233,2,148,215,71,83,23,,,122
233,2,148,216,205,104,190,,,122
233,2,148,217,105,3,124,,,122
233,2,148,218,4,75,58,,,122
233,2,148,219,135,149,225,,,122
233,2,148,220,32,54,159,,,122
233,2,148,221,161,85,93,,,122
233,2,148,222,56,71,27,,,122
233,2,148,223,183,74,194,,,122
233,2,148,224,76,156,128,,,122
233,2,148,225,201,146,62,,,122
233,2,148,226,92,106,229,,,122
233,2,148,227,215,98,163,,,122
233,2,148,228,104,184,97,,,122
233,2,148,229,225,193,31,,,122
233,2,148,230,112,187,198,,,122
233,2,148,231,231,228,132,,,122
233,2,148,232,116,145,66,,,122
241,2,22,1,35,233,194,,,211
241,2,22,2,140,177,147,,,211
241,2,22,3,74,25,100,,,211
241,2,22,4,78,211,53,,,211
241,2,22,5,152,205,6,,,211
241,2,22,6,55,200,200,,,211
241,2,22,7,28,148,153,,,211
241,2,22,8,71,1,106,,,211
241,2,22,9,184,193,59,,,211
241,2,22,10,126,194,12,,,211
241,2,22,11,138,197,206,,,211
241,2,22,12,220,154,159,,,211
241,2,22,13,131,17,112,,,211
241,2,22,14,112,220,65,,,211
241,2,22,15,163,233,18,,,211
241,2,22,16,43,8,212,,,211
241,2,22,17,234,220,165,,,211
241,2,22,18,13,98,118,,,211
241,2,22,19,103,76,71,,,211
241,2,22,20,22,106,24,,,211
241,2,22,21,11,140,218,,,211
241,2,22,22,70,130,171,,,211
241,2,22,23,199,28,124,,,211
241,2,22,24,157,27,77,,,211
241,2,22,25,185,79,30,,,211
241,2,22,26,42,136,224,,,211
241,2,22,27,210,150,177,,,211
241,2,22,28,207,73,130,,,211
241,2,22,29,33,98,83,,,211
241,2,22,30,170,177,36,,,211
241,2,22,31,136,21,230,,,211
241,2,22,32,172,64,183,,,211
241,2,22,33,37,17,136,,,211
241,2,22,34,213,73,89,,,211
241,2,22,35,218,184,42,,,211
241,2,22,36,52,61,236,,,211
241,2,22,37,197,138,189,,,211
241,2,22,38,171,126,142,,,211
241,2,22,39,215,218,95,,,211
241,2,22,40,88,125,48,,,211
241,2,22,41,31,40,1,,,211
241,2,22,42,44,156,195,,,211
241,2,22,43,127,184,148,,,211
241,2,22,44,39,76,101,,,211
241,2,22,45,21,25,54,,,211
241,2,22,46,73,224,7,,,211
241,2,22,47,195,143,201,,,211
241,2,22,48,146,216,154,,,211
241,2,22,49,167,154,107,,,211
241,2,22,50,17,150,60,,,211
241,2,22,51,178,156,13,,,211
241,2,22,52,168,124,207,,,211
241,2,22,53,228,6,160,,,211
241,2,22,54,117,236,113,,,211
241,2,22,55,76,43,66,,,211
241,2,22,56,105,102,19,,,211
241,2,22,57,204,124,213,,,211
241,2,22,58,132,61,166,,,211
241,2,22,59,130,106,119,,,211
241,2,22,60,198,211,72,,,211
241,2,22,61,95,87,25,,,211
241,2,22,62,62,168,219,,,211
241,2,22,63,99,165,172,,,211
241,2,22,64,206,30,125,,,211
241,2,22,65,142,197,78,,,211
241,2,22,66,148,136,31,,,211
241,2,22,67,224,40,225,,,211
241,2,22,68,129,102,178,,,211
241,2,22,69,104,33,131,,,211
241,2,22,70,149,26,84,,,211
241,2,22,71,23,33,37,,,211
241,2,22,72,208,6,231,,,211
241,2,22,73,222,138,184,,,211
241,2,22,74,65,140,137,,,211
241,2,22,75,219,205,90,,,211
241,2,22,76,202,44,43,,,211
241,2,22,77,14,91,237,,,211
241,2,22,78,137,57,190,,,211
241,2,22,79,89,135,143,,,211
241,2,22,80,111,36,96,,,211
241,2,22,81,203,194,49,,,211
241,2,22,82,124,79,2,,,211
241,2,22,83,115,125,196,,,211
241,2,22,84,176,43,149,,,211
241,2,22,85,66,26,102,,,211
241,2,22,86,26,26,55,,,211
241,2,22,87,56,236,8,,,211
241,2,22,88,156,126,202,,,211
241,2,22,89,85,130,155,,,211
241,2,22,90,84,200,108,,,211
241,2,22,91,153,47,61,,,211
241,2,22,92,51,105,14,,,211
241,2,22,93,19,85,208,,,211
241,2,22,94,57,180,161,,,211
241,2,22,95,165,101,114,,,211
241,2,22,96,102,41,67,,,211
241,2,22,97,109,193,20,,,211
241,2,22,98,186,27,214,,,211
241,2,22,99,92,218,167,,,211
241,2,22,100,68,236,120,,,211
241,2,22,101,114,33,73,,,211
241,2,22,102,230,43,26,,,211
241,2,22,103,175,218,220,,,211
241,2,22,104,190,28,173,,,211
241,2,22,105,34,148,126,,,211
241,2,22,106,189,48,79,,,211
241,2,22,107,173,162,32,,,211
241,2,22,108,227,201,226,,,211
241,2,22,109,110,117,179,,,211
241,2,22,110,63,103,132,,,211
241,2,22,111,86,111,85,,,211
241,2,22,112,179,93,38,,,211
241,2,22,113,101,1,232,,,211
241,2,22,114,93,28,185,,,211
241,2,22,115,155,126,138,,,211
241,2,22,116,46,6,91,,,211
241,2,22,117,7,102,44,,,211
241,2,22,118,38,125,238,,,211
241,2,22,119,139,27,191,,,211
241,2,22,120,69,1,144,,,211
241,2,22,121,69,240,97,,,211
241,2,22,122,139,214,50,,,211
241,2,22,123,38,116,3,,,211
241,2,22,124,7,139,197,,,211
241,2,22,125,46,235,150,,,211
241,2,22,126,155,115,103,,,211
241,2,22,127,93,213,56,,,211
241,2,22,128,101,240,9,,,211
241,2,22,129,179,148,203,,,211
241,2,22,130,86,130,156,,,211
241,2,22,131,63,138,109,,,211
241,2,22,132,110,124,62,,,211
241,2,22,133,227,40,15,,,211
241,2,22,134,173,79,209,,,211
241,2,22,135,189,193,162,,,211
241,2,22,136,34,93,115,,,211
241,2,22,137,190,213,68,,,211
241,2,22,138,175,23,21,,,211
241,2,22,139,230,198,215,,,211
241,2,22,140,114,208,168,,,211
241,2,22,141,68,5,121,,,211
241,2,22,142,92,23,74,,,211
241,2,22,143,186,214,27,,,211
241,2,22,144,109,48,221,,,211
241,2,22,145,102,200,174,,,211
241,2,22,146,165,140,127,,,211
241,2,22,147,57,61,80,,,211
241,2,22,148,19,156,33,,,211
241,2,22,149,51,136,227,,,211
241,2,22,150,153,194,180,,,211
241,2,22,151,84,41,133,,,211
241,2,22,152,85,111,86,,,211
241,2,22,153,156,115,39,,,211
241,2,22,154,56,5,233,,,211
241,2,22,155,26,215,186,,,211
241,2,22,156,66,215,139,,,211
241,2,22,157,176,198,92,,,211
241,2,22,158,115,116,45,,,211
241,2,22,159,124,162,239,,,211
241,2,22,160,203,47,192,,,211
241,2,22,161,111,205,145,,,211
241,2,22,162,89,106,98,,,211
241,2,22,163,137,184,51,,,211
241,2,22,164,14,150,4,,,211
241,2,22,165,202,197,198,,,211
241,2,22,166,219,36,151,,,211
241,2,22,167,65,101,104,,,211
241,2,22,168,222,103,57,,,211
241,2,22,169,208,235,10,,,211
241,2,22,170,23,208,204,,,211
241,2,22,171,149,215,157,,,211
241,2,22,172,104,208,110,,,211
241,2,22,173,129,139,63,,,211
241,2,22,174,224,201,16,,,211
241,2,22,175,148,105,210,,,211
241,2,22,176,142,44,163,,,211
241,2,22,177,206,211,116,,,211
241,2,22,178,99,76,69,,,211
241,2,22,179,62,73,22,,,211
241,2,22,180,95,154,216,,,211
241,2,22,181,198,30,169,,,211
241,2,22,182,130,135,122,,,211
241,2,22,183,132,180,75,,,211
241,2,22,184,204,117,28,,,211
241,2,22,185,105,139,222,,,211
241,2,22,186,76,198,175,,,211
241,2,22,187,117,5,128,,,211
241,2,22,188,228,235,81,,,211
241,2,22,189,168,117,34,,,211
241,2,22,190,178,85,228,,,211
241,2,22,191,17,91,181,,,211
241,2,22,192,167,87,134,,,211
241,2,22,193,146,25,87,,,211
241,2,22,194,195,98,40,,,211
241,2,22,195,73,17,234,,,211
241,2,22,196,21,216,187,,,211
241,2,22,197,39,165,140,,,211
241,2,22,198,127,57,93,,,211
241,2,22,199,44,85,46,,,211
241,2,22,200,31,201,240,,,211
241,2,22,201,88,116,193,,,211
241,2,22,202,215,23,146,,,211
241,2,22,203,171,115,99,,,211
241,2,22,204,197,103,52,,,211
241,2,22,205,52,180,5,,,211
241,2,22,206,218,57,199,,,211
241,2,22,207,213,168,152,,,211
241,2,22,208,37,224,105,,,211
241,2,22,209,172,177,58,,,211
241,2,22,210,136,220,11,,,211
241,2,22,211,170,64,205,,,211
241,2,22,212,33,143,158,,,211
241,2,22,213,207,168,111,,,211
241,2,22,214,210,91,64,,,211
241,2,22,215,42,105,17,,,211
241,2,22,216,185,162,211,,,211
241,2,22,217,157,214,164,,,211
241,2,22,218,199,213,117,,,211
241,2,22,219,70,111,70,,,211
241,2,22,220,11,101,23,,,211
241,2,22,221,22,135,217,,,211
241,2,22,222,103,165,170,,,211
241,2,22,223,13,143,123,,,211
241,2,22,224,234,21,76,,,211
241,2,22,225,43,233,29,,,211
241,2,22,226,163,8,223,,,211
241,2,22,227,112,21,176,,,211
241,2,22,228,131,224,129,,,211
241,2,22,229,220,87,82,,,211
241,2,22,230,138,44,35,,,211
241,2,22,231,126,47,229,,,211
241,2,22,232,184,48,182,,,211
241,2,22,233,71,240,135,,,211
241,2,22,234,28,93,88,,,211
241,2,22,235,55,41,41,,,211
241,2,22,236,152,36,235,,,211
241,2,22,237,78,30,188,,,211
241,2,22,238,74,216,141,,,211
241,2,22,239,140,64,94,,,211
241,2,22,240,35,8,47,,,211
241,2,219,1,24,48,41,,,76
241,2,219,2,96,143,82,,,76
241,2,219,3,216,91,123,,,76
241,2,219,4,143,180,164,,,76
241,2,219,5,118,216,205,,,76
241,2,219,6,141,5,5,,,76
241,2,219,7,212,76,46,,,76
241,2,219,8,90,235,87,,,76
241,2,219,9,16,47,128,,,76
241,2,219,10,231,41,169,,,76
241,2,219,11,12,23,210,,,76
241,2,219,12,82,40,10,,,76
241,2,219,13,200,139,51,,,76
241,2,219,14,125,126,92,,,76
241,2,219,15,98,48,133,,,76
241,2,219,16,119,193,174,,,76
241,2,219,17,188,126,215,,,76
241,2,219,18,64,135,15,,,76
241,2,219,19,229,26,56,,,76
241,2,219,20,201,87,97,,,76
241,2,219,21,221,124,138,,,76
241,2,219,22,48,184,179,,,76
241,2,219,23,164,73,220,,,76
241,2,219,24,87,79,20,,,76
241,2,219,25,58,8,61,,,76
241,2,219,26,77,148,102,,,76
241,2,219,27,144,64,143,,,76
241,2,219,28,18,44,184,,,76
241,2,219,29,181,135,225,,,76
241,2,219,30,151,143,25,,,76
241,2,219,31,169,115,66,,,76
241,2,219,32,235,98,107,,,76
241,2,219,33,108,139,148,,,76
241,2,219,34,29,44,189,,,76
241,2,219,35,239,101,230,,,76
241,2,219,36,15,116,30,,,76
241,2,219,37,80,136,71,,,76
241,2,219,38,193,208,112,,,76
241,2,219,39,113,138,153,,,76
241,2,219,40,81,214,194,,,76
241,2,219,41,97,1,235,,,76
241,2,219,42,161,28,35,,,76
241,2,219,43,32,101,76,,,76
241,2,219,44,192,26,117,,,76
241,2,219,45,159,91,158,,,76
241,2,219,46,174,102,199,,,76
241,2,219,47,237,106,240,,,76
241,2,219,48,107,150,40,,,76
241,2,219,49,25,40,81,,,76
241,2,219,50,232,64,122,,,76
241,2,219,51,5,28,163,,,76
241,2,219,52,67,220,204,,,76
241,2,219,53,177,205,4,,,76
241,2,219,54,94,30,45,,,76
241,2,219,55,59,224,86,,,76
241,2,219,56,72,111,127,,,76
241,2,219,57,133,220,168,,,76
241,2,219,58,1,116,209,,,76
241,2,219,59,158,87,9,,,76
241,2,219,60,122,180,50,,,76
241,2,219,61,134,201,91,,,76
241,2,219,62,194,197,132,,,76
241,2,219,63,61,215,173,,,76
241,2,219,64,217,61,214,,,76
241,2,219,65,180,23,14,,,76
241,2,219,66,191,148,55,,,76
241,2,219,67,9,1,96,,,76
241,2,219,68,116,111,137,,,76
241,2,219,69,30,43,178,,,76
241,2,219,70,233,85,219,,,76
241,2,219,71,2,43,19,,,76
241,2,219,72,60,205,60,,,76
241,2,219,73,166,136,101,,,76
241,2,219,74,79,124,142,,,76
241,2,219,75,40,216,183,,,76
241,2,219,76,49,218,224,,,76
241,2,219,77,106,177,24,,,76
241,2,219,78,211,140,65,,,76
241,2,219,79,123,154,106,,,76
241,2,219,80,83,25,147,,,76
241,2,219,81,91,41,188,,,76
241,2,219,82,147,8,229,,,76
241,2,219,83,10,214,29,,,76
241,2,219,84,162,224,70,,,76
241,2,219,85,121,85,111,,,76
241,2,219,86,128,85,152,,,76
241,2,219,87,183,30,193,,,76
241,2,219,88,45,208,234,,,76
241,2,219,89,196,184,34,,,76
241,2,219,90,154,5,75,,,76
241,2,219,91,160,200,116,,,76
241,2,219,92,214,93,157,,,76
241,2,219,93,75,213,198,,,76
241,2,219,94,225,125,239,,,76
241,2,219,95,182,117,39,,,76
241,2,219,96,187,236,80,,,76
241,2,219,97,240,47,121,,,76
241,2,219,98,100,79,162,,,76
241,2,219,99,8,138,203,,,76
241,2,219,100,205,30,3,,,76
241,2,219,101,209,43,44,,,76
241,2,219,102,20,224,85,,,76
241,2,219,103,120,138,126,,,76
241,2,219,104,27,73,167,,,76
241,2,219,105,223,76,208,,,76
241,2,219,106,226,194,8,,,76
241,2,219,107,36,233,49,,,76
241,2,219,108,135,240,90,,,76
241,2,219,109,41,21,131,,,76
241,2,219,110,236,105,172,,,76
241,2,219,111,238,57,213,,,76
241,2,219,112,47,165,13,,,76
241,2,219,113,145,235,54,,,76
241,2,219,114,50,73,95,,,76
241,2,219,115,3,208,136,,,76
241,2,219,116,4,205,177,,,76
241,2,219,117,53,111,218,,,76
241,2,219,118,150,214,18,,,76
241,2,219,119,54,79,59,,,76
241,2,219,120,6,235,100,,,76
241,2,219,121,6,6,141,,,76
241,2,219,122,54,162,182,,,76
241,2,219,123,150,27,223,,,76
241,2,219,124,53,130,23,,,76
241,2,219,125,4,36,64,,,76
241,2,219,126,3,33,105,,,76
241,2,219,127,50,168,146,,,76
241,2,219,128,145,6,187,,,76
241,2,219,129,47,76,228,,,76
241,2,219,130,238,184,28,,,76
241,2,219,131,236,136,69,,,76
241,2,219,132,41,220,110,,,76
241,2,219,133,135,1,151,,,76
241,2,219,134,36,8,192,,,76
241,2,219,135,226,47,233,,,76
241,2,219,136,223,165,33,,,76
241,2,219,137,27,168,74,,,76
241,2,219,138,120,103,115,,,76
241,2,219,139,20,17,156,,,76
241,2,219,140,209,198,197,,,76
241,2,219,141,205,211,238,,,76
241,2,219,142,8,103,38,,,76
241,2,219,143,100,162,79,,,76
241,2,219,144,240,194,120,,,76
241,2,219,145,187,5,161,,,76
241,2,219,146,182,124,202,,,76
241,2,219,147,225,116,2,,,76
241,2,219,148,75,28,43,,,76
241,2,219,149,214,148,84,,,76
241,2,219,150,160,41,125,,,76
241,2,219,151,154,236,166,,,76
241,2,219,152,196,57,207,,,76
241,2,219,153,45,33,7,,,76
241,2,219,154,183,211,48,,,76
241,2,219,155,128,156,89,,,76
241,2,219,156,121,156,130,,,76
241,2,219,157,162,17,171,,,76
241,2,219,158,10,27,212,,,76
241,2,219,159,147,233,12,,,76
241,2,219,160,91,200,53,,,76
241,2,219,161,83,216,94,,,76
241,2,219,162,123,87,135,,,76
241,2,219,163,211,101,176,,,76
241,2,219,164,106,64,217,,,76
241,2,219,165,49,23,17,,,76
241,2,219,166,40,25,58,,,76
241,2,219,167,79,117,99,,,76
241,2,219,168,166,105,140,,,76
241,2,219,169,60,36,181,,,76
241,2,219,170,2,198,222,,,76
241,2,219,171,233,156,22,,,76
241,2,219,172,30,198,63,,,76
241,2,219,173,116,130,104,,,76
241,2,219,174,9,240,145,,,76
241,2,219,175,191,93,186,,,76
241,2,219,176,180,218,227,,,76
241,2,219,177,217,180,27,,,76
241,2,219,178,61,26,68,,,76
241,2,219,179,194,44,109,,,76
241,2,219,180,134,40,150,,,76
241,2,219,181,122,61,191,,,76
241,2,219,182,158,154,232,,,76
241,2,219,183,1,125,32,,,76
241,2,219,184,133,21,73,,,76
241,2,219,185,72,130,114,,,76
241,2,219,186,59,17,155,,,76
241,2,219,187,94,211,196,,,76
241,2,219,188,177,36,237,,,76
241,2,219,189,67,21,37,,,76
241,2,219,190,5,213,78,,,76
241,2,219,191,232,177,119,,,76
241,2,219,192,25,201,160,,,76
241,2,219,193,107,91,201,,,76
241,2,219,194,237,135,1,,,76
241,2,219,195,174,139,42,,,76
241,2,219,196,159,150,83,,,76
241,2,219,197,192,215,124,,,76
241,2,219,198,32,140,165,,,76
241,2,219,199,161,213,206,,,76
241,2,219,200,97,240,6,,,76
241,2,219,201,81,27,47,,,76
241,2,219,202,113,103,88,,,76
241,2,219,203,193,33,129,,,76
241,2,219,204,80,105,170,,,76
241,2,219,205,15,125,211,,,76
241,2,219,206,239,140,11,,,76
241,2,219,207,29,197,52,,,76
241,2,219,208,108,102,93,,,76
241,2,219,209,235,143,134,,,76
241,2,219,210,169,126,175,,,76
241,2,219,211,151,98,216,,,76
241,2,219,212,181,106,16,,,76
241,2,219,213,18,197,57,,,76
241,2,219,214,144,177,98,,,76
241,2,219,215,77,93,139,,,76
241,2,219,216,58,233,180,,,76
241,2,219,217,87,162,221,,,76
241,2,219,218,164,168,21,,,76
241,2,219,219,48,57,62,,,76
241,2,219,220,221,117,103,,,76
241,2,219,221,201,154,144,,,76
241,2,219,222,229,215,185,,,76
241,2,219,223,64,106,226,,,76
241,2,219,224,188,115,26,,,76
241,2,219,225,119,48,67,,,76
241,2,219,226,98,193,108,,,76
241,2,219,227,125,115,149,,,76
241,2,219,228,200,102,190,,,76
241,2,219,229,82,201,231,,,76
241,2,219,230,12,218,31,,,76
241,2,219,231,231,200,72,,,76
241,2,219,232,16,194,113,,,76
241,2,219,233,90,6,154,,,76
241,2,219,234,212,165,195,,,76
241,2,219,235,141,236,236,,,76
241,2,219,236,118,25,36,,,76
241,2,219,237,143,61,77,,,76
241,2,219,238,216,150,118,,,76
241,2,219,239,96,98,159,,,76
241,2,219,240,24,193,200,,,76
241,3,56,1,120,127,126,,,192
241,3,56,2,239,52,11,,,192
241,3,56,3,116,55,137,,,192
241,3,56,4,233,175,22,,,192
241,3,56,5,108,210,148,,,192
241,3,56,6,223,199,33,,,192
241,3,56,7,96,181,159,,,192
241,3,56,8,209,195,44,,,192
241,3,56,9,80,39,170,,,192
241,3,56,10,191,234,55,,,192
241,3,56,11,60,96,181,,,192
241,3,56,12,169,146,66,,,192
241,3,56,13,36,182,192,,,192
241,3,56,14,143,2,77,,,192
241,3,56,15,8,127,203,,,192
241,3,56,16,113,114,88,,,192
241,3,56,17,217,2,214,,,192
241,3,56,18,79,71,99,,,192
241,3,56,19,181,119,225,,,192
241,3,56,20,41,185,110,,,192
241,3,56,21,141,67,236,,,192
241,3,56,22,240,45,121,,,192
241,3,56,23,97,158,6,,,192
241,3,56,24,194,204,132,,,192
241,3,56,25,49,222,17,,,192
241,3,56,26,144,10,143,,,192
241,3,56,27,238,89,28,,,192
241,3,56,28,90,16,154,,,192
241,3,56,29,182,71,39,,,192
241,3,56,30,32,52,165,,,192
241,3,56,31,122,239,50,,,192
241,3,56,32,211,189,176,,,192
241,3,56,33,58,182,61,,,192
241,3,56,34,145,16,187,,,192
241,3,56,35,231,212,72,,,192
241,3,56,36,75,86,198,,,192
241,3,56,37,159,159,83,,,192
241,3,56,38,1,229,209,,,192
241,3,56,39,83,94,94,,,192
241,3,56,40,164,34,220,,,192
241,3,56,41,3,88,105,,,192
241,3,56,42,82,54,231,,,192
241,3,56,43,160,212,116,,,192
241,3,56,44,237,119,1,,,192
241,3,56,45,72,55,127,,,192
241,3,56,46,147,59,12,,,192
241,3,56,47,221,170,138,,,192
241,3,56,48,53,186,23,,,192
241,3,56,49,125,146,149,,,192
241,3,56,50,196,89,34,,,192
241,3,56,51,25,54,160,,,192
241,3,56,52,94,80,45,,,192
241,3,56,53,162,206,171,,,192
241,3,56,54,229,230,56,,,192
241,3,56,55,54,191,182,,,192
241,3,56,56,119,128,67,,,192
241,3,56,57,183,80,193,,,192
241,3,56,58,5,86,78,,,192
241,3,56,59,67,185,204,,,192
241,3,56,60,128,175,89,,,192
241,3,56,61,188,95,215,,,192
241,3,56,62,6,225,100,,,192
241,3,56,63,64,122,226,,,192
241,3,56,64,121,66,111,,,192
241,3,56,65,177,96,237,,,192
241,3,56,66,232,10,122,,,192
241,3,56,67,45,88,7,,,192
241,3,56,68,98,128,133,,,192
241,3,56,69,150,169,18,,,192
241,3,56,70,201,9,144,,,192
241,3,56,71,10,169,29,,,192
241,3,56,72,59,206,155,,,192
241,3,56,73,107,159,40,,,192
241,3,56,74,154,67,166,,,192
241,3,56,75,200,210,51,,,192
241,3,56,76,4,145,177,,,192
241,3,56,77,48,152,62,,,192
241,3,56,78,91,29,188,,,192
241,3,56,79,133,56,73,,,192
241,3,56,80,174,31,199,,,192
241,3,56,81,214,234,84,,,192
241,3,56,82,12,222,210,,,192
241,3,56,83,50,34,95,,,192
241,3,56,84,87,191,221,,,192
241,3,56,85,123,9,106,,,192
241,3,56,86,158,9,232,,,192
241,3,56,87,192,230,117,,,192
241,3,56,88,225,229,2,,,192
241,3,56,89,16,45,128,,,192
241,3,56,90,47,199,13,,,192
241,3,56,91,77,7,139,,,192
241,3,56,92,106,231,24,,,192
241,3,56,93,134,187,150,,,192
241,3,56,94,161,155,35,,,192
241,3,56,95,187,174,161,,,192
241,3,56,96,212,42,46,,,192
241,3,56,97,236,39,172,,,192
241,3,56,98,18,204,57,,,192
241,3,56,99,40,94,183,,,192
241,3,56,100,61,230,68,,,192
241,3,56,101,81,169,194,,,192
241,3,56,102,100,191,79,,,192
241,3,56,103,118,94,205,,,192
241,3,56,104,135,158,90,,,192
241,3,56,105,151,181,216,,,192
241,3,56,106,166,202,101,,,192
241,3,56,107,180,19,227,,,192
241,3,56,108,193,153,112,,,192
241,3,56,109,205,161,238,,,192
241,3,56,110,216,82,123,,,192
241,3,56,111,226,196,8,,,192
241,3,56,112,235,60,134,,,192
241,3,56,113,2,195,19,,,192
241,3,56,114,9,158,145,,,192
241,3,56,115,15,229,30,,,192
241,3,56,116,20,206,156,,,192
241,3,56,117,24,128,41,,,192
241,3,56,118,27,34,167,,,192
241,3,56,119,29,204,52,,,192
241,3,56,120,30,195,178,,,192
241,3,56,121,30,46,63,,,192
241,3,56,122,29,37,189,,,192
241,3,56,123,27,207,74,,,192
241,3,56,124,24,113,200,,,192
241,3,56,125,20,35,85,,,192
241,3,56,126,15,12,211,,,192
241,3,56,127,9,83,96,,,192
241,3,56,128,2,46,222,,,192
241,3,56,129,235,181,107,,,192
241,3,56,130,226,45,233,,,192
241,3,56,131,216,159,118,,,192
241,3,56,132,205,80,3,,,192
241,3,56,133,193,88,129,,,192
241,3,56,134,180,222,14,,,192
241,3,56,135,166,39,140,,,192
241,3,56,136,151,60,25,,,192
241,3,56,137,135,83,151,,,192
241,3,56,138,118,147,36,,,192
241,3,56,139,100,50,162,,,192
241,3,56,140,81,72,47,,,192
241,3,56,141,61,11,173,,,192
241,3,56,142,40,147,58,,,192
241,3,56,143,18,37,184,,,192
241,3,56,144,236,202,69,,,192
241,3,56,145,212,199,195,,,192
241,3,56,146,187,67,80,,,192
241,3,56,147,161,86,206,,,192
241,3,56,148,134,54,91,,,192
241,3,56,149,106,10,217,,,192
241,3,56,150,77,234,102,,,192
241,3,56,151,47,42,228,,,192
241,3,56,152,16,196,113,,,192
241,3,56,153,225,12,239,,,192
241,3,56,154,192,11,124,,,192
241,3,56,155,158,232,9,,,192
241,3,56,156,123,232,135,,,192
241,3,56,157,87,50,20,,,192
241,3,56,158,50,207,146,,,192
241,3,56,159,12,19,31,,,192
241,3,56,160,214,7,157,,,192
241,3,56,161,174,210,42,,,192
241,3,56,162,133,185,168,,,192
241,3,56,163,91,212,53,,,192
241,3,56,164,48,89,179,,,192
241,3,56,165,4,96,64,,,192
241,3,56,166,200,31,190,,,192
241,3,56,167,154,174,75,,,192
241,3,56,168,107,82,201,,,192
241,3,56,169,59,35,86,,,192
241,3,56,170,10,72,212,,,192
241,3,56,171,201,232,97,,,192
241,3,56,172,150,72,223,,,192
241,3,56,173,98,113,108,,,192
241,3,56,174,45,153,234,,,192
241,3,56,175,232,231,119,,,192
241,3,56,176,177,145,4,,,192
241,3,56,177,121,175,130,,,192
241,3,56,178,64,119,15,,,192
241,3,56,179,6,16,141,,,192
241,3,56,180,188,146,26,,,192
241,3,56,181,128,66,152,,,192
241,3,56,182,67,56,37,,,192
241,3,56,183,5,155,163,,,192
241,3,56,184,183,161,48,,,192
241,3,56,185,119,113,174,,,192
241,3,56,186,54,50,59,,,192
241,3,56,187,229,11,185,,,192
241,3,56,188,162,35,70,,,192
241,3,56,189,94,161,196,,,192
241,3,56,190,25,187,81,,,192
241,3,56,191,196,152,207,,,192
241,3,56,192,125,95,92,,,192
241,3,56,193,53,55,218,,,192
241,3,56,194,221,71,103,,,192
241,3,56,195,147,182,229,,,192
241,3,56,196,72,186,114,,,192
241,3,56,197,237,122,240,,,192
241,3,56,198,160,29,125,,,192
241,3,56,199,82,187,10,,,192
241,3,56,200,3,153,136,,,192
241,3,56,201,164,207,21,,,192
241,3,56,202,83,147,147,,,192
241,3,56,203,1,12,32,,,192
241,3,56,204,159,82,158,,,192
241,3,56,205,75,155,43,,,192
241,3,56,206,231,29,169,,,192
241,3,56,207,145,225,54,,,192
241,3,56,208,58,59,180,,,192
241,3,56,209,211,52,65,,,192
241,3,56,210,122,2,191,,,192
241,3,56,211,32,189,76,,,192
241,3,56,212,182,170,202,,,192
241,3,56,213,90,225,87,,,192
241,3,56,214,238,152,213,,,192
241,3,56,215,144,231,98,,,192
241,3,56,216,49,19,224,,,192
241,3,56,217,194,37,109,,,192
241,3,56,218,97,83,235,,,192
241,3,56,219,240,196,120,,,192
241,3,56,220,141,174,5,,,192
241,3,56,221,41,56,131,,,192
241,3,56,222,181,122,16,,,192
241,3,56,223,79,170,142,,,192
241,3,56,224,217,239,27,,,192
241,3,56,225,113,127,153,,,192
241,3,56,226,8,114,38,,,192
241,3,56,227,143,239,164,,,192
241,3,56,228,36,59,49,,,192
241,3,56,229,169,95,175,,,192
241,3,56,230,60,145,60,,,192
241,3,56,231,191,7,186,,,192
241,3,56,232,80,202,71,,,192
241,3,56,233,209,46,197,,,192
241,3,56,234,96,60,82,,,192
241,3,56,235,223,42,208,,,192
241,3,56,236,108,31,93,,,192
241,3,56,237,233,66,219,,,192
241,3,56,238,116,186,104,,,192
241,3,56,239,239,189,230,,,192
241,3,56,240,120,114,115,,,192
241,3,185,1,92,172,109,,,163
241,3,185,2,127,171,218,,,163
241,3,185,3,105,65,86,,,163
241,3,185,4,26,163,195,,,163
241,3,185,5,131,51,63,,,163
241,3,185,6,179,38,172,,,163
241,3,185,7,170,192,40,,,163
241,3,185,8,104,99,149,,,163
241,3,185,9,222,68,17,,,163
241,3,185,10,42,167,126,,,163
241,3,185,11,46,223,235,,,163
241,3,185,12,234,63,103,,,163
241,3,185,13,124,237,212,,,163
241,3,185,14,198,90,80,,,163
241,3,185,15,215,172,189,,,163
241,3,185,16,175,69,57,,,163
241,3,185,17,78,90,166,,,163
241,3,185,18,165,62,34,,,163
241,3,185,19,195,53,143,,,163
241,3,185,20,168,131,11,,,163
241,3,185,21,84,123,120,,,163
241,3,185,22,184,97,229,,,163
241,3,185,23,227,121,97,,,163
241,3,185,24,213,22,206,,,163
241,3,185,25,142,109,74,,,163
241,3,185,26,14,209,183,,,163
241,3,185,27,70,149,51,,,163
241,3,185,28,69,238,160,,,163
241,3,185,29,11,62,28,,,163
241,3,185,30,137,171,137,,,163
241,3,185,31,206,151,5,,,163
241,3,185,32,218,70,114,,,163
241,3,185,33,173,237,223,,,163
241,3,185,34,71,238,91,,,163
241,3,185,35,153,141,200,,,163
241,3,185,36,178,14,68,,,163
241,3,185,37,146,166,177,,,163
241,3,185,38,57,183,45,,,163
241,3,185,39,152,133,154,,,163
241,3,185,40,190,84,22,,,163
241,3,185,41,171,104,131,,,163
241,3,185,42,95,20,240,,,163
241,3,185,43,203,141,108,,,163
241,3,185,44,13,53,217,,,163
241,3,185,45,7,65,85,,,163
241,3,185,46,185,4,194,,,163
241,3,185,47,65,179,62,,,163
241,3,185,48,129,176,171,,,163
241,3,185,49,136,63,39,,,163
241,3,185,50,86,149,148,,,163
241,3,185,51,220,20,16,,,163
241,3,185,52,56,226,125,,,163
241,3,185,53,76,112,234,,,163
241,3,185,54,39,228,102,,,163
241,3,185,55,186,160,211,,,163
241,3,185,56,35,217,79,,,163
241,3,185,57,68,226,188,,,163
241,3,185,58,44,14,56,,,163
241,3,185,59,204,131,165,,,163
241,3,185,60,66,163,33,,,163
241,3,185,61,112,178,142,,,163
241,3,185,62,101,3,10,,,163
241,3,185,63,33,188,119,,,163
241,3,185,64,149,78,228,,,163
241,3,185,65,208,223,96,,,163
241,3,185,66,210,209,205,,,163
241,3,185,67,155,104,73,,,163
241,3,185,68,43,217,182,,,163
241,3,185,69,115,134,50,,,163
241,3,185,70,130,164,159,,,163
241,3,185,71,88,134,27,,,163
241,3,185,72,230,112,136,,,163
241,3,185,73,74,166,4,,,163
241,3,185,74,102,123,113,,,163
241,3,185,75,73,51,222,,,163
241,3,185,76,228,18,90,,,163
241,3,185,77,85,92,199,,,163
241,3,185,78,126,100,67,,,163
241,3,185,79,110,110,176,,,163
241,3,185,80,37,190,44,,,163
241,3,185,81,148,167,153,,,163
241,3,185,82,202,109,21,,,163
241,3,185,83,199,84,130,,,163
241,3,185,84,139,160,239,,,163
241,3,185,85,22,164,107,,,163
241,3,185,86,89,164,216,,,163
241,3,185,87,99,228,84,,,163
241,3,185,88,52,183,193,,,163
241,3,185,89,189,97,61,,,163
241,3,185,90,28,38,170,,,163
241,3,185,91,51,74,38,,,163
241,3,185,92,17,32,147,,,163
241,3,185,93,167,221,15,,,163
241,3,185,94,19,227,124,,,163
241,3,185,95,55,118,233,,,163
241,3,185,96,34,203,101,,,163
241,3,185,97,197,68,210,,,163
241,3,185,98,62,22,78,,,163
241,3,185,99,111,133,187,,,163
241,3,185,100,103,228,55,,,163
241,3,185,101,38,134,164,,,163
241,3,185,102,157,160,32,,,163
241,3,185,103,219,133,141,,,163
241,3,185,104,224,121,9,,,163
241,3,185,105,172,192,118,,,163
241,3,185,106,63,173,227,,,163
241,3,185,107,138,132,95,,,163
241,3,185,108,156,137,204,,,163
241,3,185,109,117,15,72,,,163
241,3,185,110,21,75,181,,,163
241,3,185,111,109,144,49,,,163
241,3,185,112,140,49,158,,,163
241,3,185,113,114,99,26,,,163
241,3,185,114,31,121,135,,,163
241,3,185,115,132,183,3,,,163
241,3,185,116,176,112,112,,,163
241,3,185,117,163,217,221,,,163
241,3,185,118,93,84,89,,,163
241,3,185,119,207,22,198,,,163
241,3,185,120,23,99,66,,,163
241,3,185,121,23,142,175,,,163
241,3,185,122,207,219,43,,,163
241,3,185,123,93,157,152,,,163
241,3,185,124,163,24,20,,,163
241,3,185,125,176,129,129,,,163
241,3,185,126,132,58,238,,,163
241,3,185,127,31,120,106,,,163
241,3,185,128,114,142,215,,,163
241,3,185,129,140,192,83,,,163
241,3,185,130,109,97,192,,,163
241,3,185,131,21,166,60,,,163
241,3,185,132,117,226,169,,,163
241,3,185,133,156,104,37,,,163
241,3,185,134,138,109,146,,,163
241,3,185,135,63,68,14,,,163
241,3,185,136,172,49,123,,,163
241,3,185,137,224,120,232,,,163
241,3,185,138,219,108,100,,,163
241,3,185,139,157,81,209,,,163
241,3,185,140,38,107,77,,,163
241,3,185,141,103,13,186,,,163
241,3,185,142,111,108,54,,,163
241,3,185,143,62,219,163,,,163
241,3,185,144,197,173,31,,,163
241,3,185,145,34,38,140,,,163
241,3,185,146,55,123,8,,,163
241,3,185,147,19,14,117,,,163
241,3,185,148,167,20,226,,,163
241,3,185,149,17,209,94,,,163
241,3,185,150,51,167,203,,,163
241,3,185,151,28,203,71,,,163
241,3,185,152,189,144,180,,,163
241,3,185,153,52,58,48,,,163
241,3,185,154,99,13,157,,,163
241,3,185,155,89,77,25,,,163
241,3,185,156,22,77,134,,,163
241,3,185,157,139,81,2,,,163
241,3,185,158,199,157,111,,,163
241,3,185,159,202,132,220,,,163
241,3,185,160,148,74,88,,,163
241,3,185,161,37,51,197,,,163
241,3,185,162,110,131,65,,,163
241,3,185,163,126,141,174,,,163
241,3,185,164,85,149,42,,,163
241,3,185,165,228,223,151,,,163
241,3,185,166,73,190,19,,,163
241,3,185,167,102,118,128,,,163
241,3,185,168,74,75,237,,,163
241,3,185,169,230,129,105,,,163
241,3,185,170,88,107,214,,,163
241,3,185,171,130,77,82,,,163
241,3,185,172,115,107,191,,,163
241,3,185,173,43,24,59,,,163
241,3,185,174,155,137,168,,,163
241,3,185,175,210,32,36,,,163
241,3,185,176,208,18,145,,,163
241,3,185,177,149,163,13,,,163
241,3,185,178,33,53,122,,,163
241,3,185,179,101,238,231,,,163
241,3,185,180,112,63,99,,,163
241,3,185,181,66,78,208,,,163
241,3,185,182,204,110,76,,,163
241,3,185,183,44,227,185,,,163
241,3,185,184,68,15,53,,,163
241,3,185,185,35,24,162,,,163
241,3,185,186,186,81,30,,,163
241,3,185,187,39,13,139,,,163
241,3,185,188,76,129,7,,,163
241,3,185,189,56,15,116,,,163
241,3,185,190,220,221,225,,,163
241,3,185,191,86,92,93,,,163
241,3,185,192,136,178,202,,,163
241,3,185,193,129,65,70,,,163
241,3,185,194,65,62,179,,,163
241,3,185,195,185,237,47,,,163
241,3,185,196,7,176,156,,,163
241,3,185,197,13,188,24,,,163
241,3,185,198,203,100,133,,,163
241,3,185,199,95,221,1,,,163
241,3,185,200,171,137,110,,,163
241,3,185,201,190,157,219,,,163
241,3,185,202,152,108,87,,,163
241,3,185,203,57,58,196,,,163
241,3,185,204,146,75,64,,,163
241,3,185,205,178,227,173,,,163
241,3,185,206,153,100,41,,,163
241,3,185,207,71,3,150,,,163
241,3,185,208,173,4,18,,,163
241,3,185,209,218,171,127,,,163
241,3,185,210,206,90,236,,,163
241,3,185,211,137,70,104,,,163
241,3,185,212,11,179,213,,,163
241,3,185,213,69,3,81,,,163
241,3,185,214,70,92,190,,,163
241,3,185,215,14,32,58,,,163
241,3,185,216,142,132,167,,,163
241,3,185,217,213,219,35,,,163
241,3,185,218,227,120,144,,,163
241,3,185,219,184,144,12,,,163
241,3,185,220,84,118,121,,,163
241,3,185,221,168,110,230,,,163
241,3,185,222,195,188,98,,,163
241,3,185,223,165,179,207,,,163
241,3,185,224,78,151,75,,,163
241,3,185,225,175,172,184,,,163
241,3,185,226,215,69,52,,,163
241,3,185,227,198,151,161,,,163
241,3,185,228,124,4,29,,,163
241,3,185,229,234,178,138,,,163
241,3,185,230,46,18,6,,,163
241,3,185,231,42,74,115,,,163
241,3,185,232,222,173,224,,,163
241,3,185,233,104,142,92,,,163
241,3,185,234,170,49,201,,,163
241,3,185,235,179,203,69,,,163
241,3,185,236,131,190,178,,,163
241,3,185,237,26,78,46,,,163
241,3,185,238,105,176,155,,,163
241,3,185,239,127,70,23,,,163
241,3,185,240,92,69,132,,,163
